URL,Global-ID
https://www.boschrexroth.com/en/dc/company/figures/,None
https://www.boschrexroth.com/en/dc/company/sales-partner-network/become-a-sales-partner/,None
https://www.boschrexroth.com/fr/be/produits/solutions-industrielles/hagglunds/,ae0d4661-ad50-4657-822a-71253576c9cf
https://www.boschrexroth.com/en/dc/company/executive-board/,None
https://www.boschrexroth.com/fr/be/produits/,98465ab1-5cc1-4e99-b91a-748d495e4713
https://www.boschrexroth.com/fr/be/produits/solutions-industrielles/technologies-de-moulage/,488629d3-a5d4-4b3c-aee6-35150a85d9ea
https://www.boschrexroth.com/fr/be/produits/solutions-industrielles/,074b9c9a-a014-44ef-bbde-1c41b21c6964
https://www.boschrexroth.com/fr/be/produits/solutions-pour-engins-mobiles/hydraulique-mobile/,e989aced-4c70-4391-9220-074ece3609bb
https://www.boschrexroth.com/fr/be/produits/solutions-pour-engins-mobiles/automatisation-pour-engins-mobiles/,2b652472-ea54-4723-abc6-4f70846f6dcd
https://www.boschrexroth.com/en/dc/company/cube/,f7d8885b-d3cd-4dbe-afd8-be8b0fe3905c
https://www.boschrexroth.com/fr/be/produits/solutions-pour-engins-mobiles/entrainements-electriques-pour-engins-mobiles/,42909484-d194-4cd4-be61-df9abe2a54ee
https://www.boschrexroth.com/fr/be/produits/solutions-industrielles/kassow-robots/,89e1bccc-c2c2-4b43-8e37-4bbea4f256ab
https://www.boschrexroth.com/en/dc/company/our-history/,None
https://www.boschrexroth.com/fr/be/produits/solutions-industrielles/robotique-mobile/,250845bb-f01e-423a-b08c-baca3363dd46
https://www.boschrexroth.com/en/dc/company/sales-partner-network/,None
https://www.boschrexroth.com/en/dc/company/purpose-and-culture/,None
https://www.boschrexroth.com/en/dc/company/sustainability/,None
https://www.boschrexroth.com/en/dc/technology/,None
https://www.boschrexroth.com/fr/be/produits/solutions-pour-engins-mobiles/electronique-mobile-et-telematique/,50f2fd04-b4fd-4e33-a8f5-015f22aa975e
https://www.boschrexroth.com/en/dc/jobs-and-career/,None
https://www.boschrexroth.com/fr/be/produits/solutions-industrielles/technologies-dassemblage/,ddfb8ad9-ca6f-43a6-b209-9000595cd282
https://www.boschrexroth.com/en/dc/company/press/,d772dfe6-1cc7-4f3b-800b-42cd38de9721
https://www.boschrexroth.com/fr/be/produits/solutions-pour-engins-mobiles/,48242c75-3e51-4651-84de-343b8c437371
https://www.boschrexroth.com/fr/be/produits/solutions-industrielles/hydraulique-industrielle/,1be4e3d7-698c-4345-8f48-5c0c2cad201c
https://www.boschrexroth.com/en/dc/company/digital-transformation/,0027ce57-fac2-40bb-8d8e-ef3653f44fbf
https://www.boschrexroth.com/fr/be/produits/solutions-industrielles/technique-lineaire/,e10f4578-45db-4ef4-98b7-acf3c7b5fc9d
https://www.boschrexroth.com/en/dc/company/,None
https://www.boschrexroth.com/fr/be/produits/solutions-pour-engins-mobiles/reducteurs/,a50d5418-3037-4232-89bd-f78ed95e8326
https://www.boschrexroth.com/fr/be/produits/solutions-industrielles/entrainements-electriques-et-automatisation/,5668ccd8-0533-49bb-b54c-d83d0b875afc
https://www.boschrexroth.com/fr/be/produits/solutions-industrielles/soudage-par-resistance/,a4b36c53-e06c-4b7a-a6aa-031dc1eb051e
https://www.boschrexroth.com/en/dc/home/,None
https://www.boschrexroth.com/fr/be/produits/solutions-industrielles/technologies-de-vissage/,e6982f6e-6b3f-427b-b044-26789b1d9efa
https://www.boschrexroth.com/fr/be/industries/,1aba1cb2-36c8-4ee8-9180-2b284de03bf2
https://www.boschrexroth.com/fr/be/industries/agriculture-activites-forestieres-et-travail-du-bois/,c335c830-7aee-489f-986e-55826cc786a3
https://www.boschrexroth.com/fr/be/industries/biens-de-consommation/,7027d387-5bd8-477e-9b4e-dc63c8d99ca8
https://www.boschrexroth.com/fr/be/industries/production-et-distribution-denergie/,9a0bc077-74d6-428d-8481-1ffccb4bb5cc
https://www.boschrexroth.com/fr/be/industries/automobile/,8b7f8b4d-5a3e-46ec-bef7-ef87779c1b95
https://www.boschrexroth.com/fr/be/industries/construction-et-infrastructure/,4b50d603-e82a-48d6-b032-df3d4ee01dff
https://www.boschrexroth.com/fr/be/industries/transformation-chimique/,bf70b606-eef4-46db-bc57-92153454d992
https://www.boschrexroth.com/fr/be/industries/logistique-et-transport/,95b936c6-44fc-4527-9e4d-ac469fac69d2
https://www.boschrexroth.com/fr/be/industries/production-de-batteries/,a51cddf9-51d9-4191-b8de-2f0cb2a74879
https://www.boschrexroth.com/fr/be/services-et-assistance/,9281402d-5292-4fc7-9fc3-12057bac3fc8
https://www.boschrexroth.com/fr/be/industries/semi-conducteurs-et-electronique/,a0945e9a-4bc5-4f26-995f-2baa9803b243
https://www.boschrexroth.com/fr/be/services-et-assistance/service/reparation/,87cd324c-7984-4c8d-80e5-d24f02a821cb
https://www.boschrexroth.com/fr/be/industries/energies-renouvelables/,7d53cef0-f2c2-40c2-840b-4849dce84868
https://www.boschrexroth.com/fr/be/industries/industrie-pharmaceutique/,705604f5-ccba-4398-9448-55bc19e2d2ab
https://www.boschrexroth.com/fr/be/services-et-assistance/service/,d639e7ad-4734-4e58-8fbd-2a7517ca87f6
https://www.boschrexroth.com/fr/be/industries/bancs-de-test/,a31f93f3-0282-4ebf-9732-3994111ecea0
https://www.boschrexroth.com/fr/be/industries/sante/,bf2427cc-883a-4bbd-bcb1-67bd56c97108
https://www.boschrexroth.com/fr/be/services-et-assistance/service/pieces-de-rechange/,7a622719-6488-4d14-a30a-63a615bbe28b
https://www.boschrexroth.com/fr/be/services-et-assistance/service/interventions-sur-site/,18d0226b-4a2c-43bd-ba77-313291b3a927
https://www.boschrexroth.com/fr/be/services-et-assistance/service/nos-solutions-digitales/,5e6fda8b-a855-4e59-99a1-bbb188e00ced
https://www.boschrexroth.com/fr/be/industries/recyclage-et-traitement-des-dechets/,ebc8d045-7d5c-4b11-bbb0-0a1b99ce6fab
https://www.boschrexroth.com/fr/be/services-et-assistance/service/modernisation/,7a4343a4-490e-404d-ab2d-31710552d7be
https://www.boschrexroth.com/fr/be/industries/materiaux-traitement-et-transformation/,ff9d3177-936d-4379-9458-0af0c0801ce9
https://www.boschrexroth.com/fr/be/industries/hydrogene/,81ed63cc-1be2-4369-b140-c04fc14e0f46
https://www.boschrexroth.com/fr/be/services-et-assistance/outils-et-econfigurateurs/simster/,fa26b07a-c5a8-48de-b732-4a2c59fe7fe4
https://www.boschrexroth.com/fr/be/services-et-assistance/service/digital-service-assisant/,18528607-f5f1-48bc-950b-09a3ad627950
https://www.boschrexroth.com/fr/be/services-et-assistance/outils-et-econfigurateurs/scheme-editor/,f7fd9c9f-9941-4abc-9b65-a9344cc0daa5
https://www.boschrexroth.com/fr/be/services-et-assistance/ingenierie-virtuelle/,df0dcbc5-130d-4626-9c21-129033fc3b06
https://www.boschrexroth.com/fr/be/services-et-assistance/acheter/,f446739c-3030-47a2-9230-101739e5faa7
https://www.boschrexroth.com/fr/be/services-et-assistance/outils-et-econfigurateurs/,7ff4a06a-ab8d-495c-adda-a516c9eaeb03
https://www.boschrexroth.com/fr/be/services-et-assistance/fluides-hydrauliques/,f980f332-69c7-4a79-a187-04610a8c51e6
https://www.boschrexroth.com/fr/be/services-et-assistance/outils-et-econfigurateurs/interactive-fluid-office-ifo/,ddf691a7-fba7-44e8-8e9f-064248765156
https://www.boschrexroth.com/fr/be/services-et-assistance/acheter/rexroth-store/,34ee1645-140f-4239-8237-7e8524cb6d53
https://www.boschrexroth.com/fr/be/services-et-assistance/acheter/partenaires/,None
https://www.boschrexroth.com/fr/be/ressources/fichiers-cao/,53a783c2-b3a9-4006-8e85-16034f294d8e
https://www.boschrexroth.com/fr/be/ressources/fiches-techniques/,a4105050-ff0d-41a6-8f41-9f2b906fe807
https://www.boschrexroth.com/fr/be/ressources/fiches-produit/,8f941842-4974-4ded-8c24-04fa5bda82aa
https://www.boschrexroth.com/fr/be/ressources/manuels/,03b80760-de36-47de-bea8-9101c2fbd131
https://www.boschrexroth.com/fr/be/academy/,194cadee-0e16-498d-8e97-b165dc63d207
https://www.boschrexroth.com/fr/be/ressources/logiciels/,3f9ab84d-8e1a-4bbd-bd33-0bccaecf0233
https://www.boschrexroth.com/fr/be/academy/training/,af2447dd-f5fc-4b5b-9346-b90f48f30c6f
https://www.boschrexroth.com/fr/be/entreprise/blog/,None
https://www.boschrexroth.com/fr/be/academy/training-systems/,9c907e3c-e44c-4482-ab15-c65cab2d9075
https://www.boschrexroth.com/fr/be/entreprise/transformation-digitale/,f4db96a0-505d-495a-b5b5-a6dac4d9bb3b
https://www.boschrexroth.com/fr/be/entreprise/conseil-dadministration/,a965a595-29fa-4c5f-967e-73feae60b79d
https://www.boschrexroth.com/fr/be/emplois-et-carrieres/,e481217a-916b-4550-8f85-0af7fc603a6a
https://www.boschrexroth.com/es/ar/productos/,98465ab1-5cc1-4e99-b91a-748d495e4713
https://www.boschrexroth.com/fr/be/emplois-et-carrieres/pourquoi-travailler-avec-nous/,3bf145eb-d435-4f16-9311-645d6dd300ec
https://www.boschrexroth.com/fr/be/entreprise/notre-histoire/,d30a06d0-8ee7-4195-b45c-7f689cd1e4be
https://www.boschrexroth.com/es/ar/productos/grupo-de-productos/tecnologias-de-moldeo-y-fundicion/,488629d3-a5d4-4b3c-aee6-35150a85d9ea
https://www.boschrexroth.com/fr/be/entreprise/,17dfa2d0-8507-4502-974f-a6b96af190c9
https://www.boschrexroth.com/fr/be/emplois-et-carrieres/faq/,8b134238-2e42-490a-8753-e5ff1c891623
https://www.boschrexroth.com/fr/be/entreprise/youdecide/,19969529-a390-4a98-a74d-8bd661523395
https://www.boschrexroth.com/fr/be/entreprise/quelques-chiffres/,4c8b434b-0c85-49f8-92a7-da6f08006586
https://www.boschrexroth.com/fr/be/emplois-et-carrieres/opportunites-professionnelles/,adfe8f50-db65-409e-9fa8-2d47380e338e
https://www.boschrexroth.com/fr/be/ressources/,df195e25-1ff1-4730-ab20-044b94a5f067
https://www.boschrexroth.com/es/ar/productos/grupo-de-productos/hidraulica-y-electronica-movil/,48242c75-3e51-4651-84de-343b8c437371
https://www.boschrexroth.com/es/ar/productos/grupo-de-productos/,074b9c9a-a014-44ef-bbde-1c41b21c6964
https://www.boschrexroth.com/fr/be/entreprise/foires-commerciales-et-evenements/,08616ca2-3aea-4c1e-bc15-abed73086b80
https://www.boschrexroth.com/fr/be/academy/media/,00decaf7-d55d-4080-90e2-3271a4e2eb68
https://www.boschrexroth.com/es/ar/productos/grupo-de-productos/tecnologia-de-movimiento-lineal/,e10f4578-45db-4ef4-98b7-acf3c7b5fc9d
https://www.boschrexroth.com/es/ar/productos/grupo-de-productos/tecnologia-de-engranajes/,a50d5418-3037-4232-89bd-f78ed95e8326
https://www.boschrexroth.com/es/ar/productos/grupo-de-productos/hagglunds/,ae0d4661-ad50-4657-822a-71253576c9cf
https://www.boschrexroth.com/es/ar/productos/ingenieria/,b93c0c9c-d94e-4e93-b2af-419c0c64e778
https://www.boschrexroth.com/es/ar/productos/grupo-de-productos/tecnologia-de-atornillado/,e6982f6e-6b3f-427b-b044-26789b1d9efa
https://www.boschrexroth.com/es/ar/productos/grupo-de-productos/tecnologia-de-montaje/,ddfb8ad9-ca6f-43a6-b209-9000595cd282
https://www.boschrexroth.com/es/ar/productos/ingenieria/fluidos-hidraulicos/,f980f332-69c7-4a79-a187-04610a8c51e6
https://www.boschrexroth.com/es/ar/productos/grupo-de-productos/kassow-robots/,89e1bccc-c2c2-4b43-8e37-4bbea4f256ab
https://www.boschrexroth.com/es/ar/productos/econfigurators-y-herramientas-online/simster/,fa26b07a-c5a8-48de-b732-4a2c59fe7fe4
https://www.boschrexroth.com/es/ar/productos/grupo-de-productos/robotica-movil/,250845bb-f01e-423a-b08c-baca3363dd46
https://www.boschrexroth.com/es/ar/productos/grupo-de-productos/hidraulica-industrial/,1be4e3d7-698c-4345-8f48-5c0c2cad201c
https://www.boschrexroth.com/es/ar/productos/grupo-de-productos/controles-y-accionamientos-electricos/,5668ccd8-0533-49bb-b54c-d83d0b875afc
https://www.boschrexroth.com/es/ar/productos/ingenieria/ingenieria-virtual/,df0dcbc5-130d-4626-9c21-129033fc3b06
https://www.boschrexroth.com/es/ar/productos/grupo-de-productos/soldadura-por-resistencia/,a4b36c53-e06c-4b7a-a6aa-031dc1eb051e
https://www.boschrexroth.com/es/ar/productos/econfigurators-y-herramientas-online/,7ff4a06a-ab8d-495c-adda-a516c9eaeb03
https://www.boschrexroth.com/es/ar/productos/econfigurators-y-herramientas-online/interactive-fluid-office-ifo/,ddf691a7-fba7-44e8-8e9f-064248765156
https://www.boschrexroth.com/es/ar/industrias/,1aba1cb2-36c8-4ee8-9180-2b284de03bf2
https://www.boschrexroth.com/es/ar/industrias/industria-de-la-automocion/,8b7f8b4d-5a3e-46ec-bef7-ef87779c1b95
https://www.boschrexroth.com/es/ar/industrias/energia-y-servicios/,9a0bc077-74d6-428d-8481-1ffccb4bb5cc
https://www.boschrexroth.com/es/ar/industrias/hidrogeno/,81ed63cc-1be2-4369-b140-c04fc14e0f46
https://www.boschrexroth.com/es/ar/industrias/cuidado-de-la-salud/,bf2427cc-883a-4bbd-bcb1-67bd56c97108
https://www.boschrexroth.com/es/ar/industrias/energias-renovables/,7d53cef0-f2c2-40c2-840b-4849dce84868
https://www.boschrexroth.com/es/ar/industrias/industria-farmaceutica/,705604f5-ccba-4398-9448-55bc19e2d2ab
https://www.boschrexroth.com/es/ar/productos/econfigurators-y-herramientas-online/editor-de-esquemas/,f7fd9c9f-9941-4abc-9b65-a9344cc0daa5
https://www.boschrexroth.com/es/ar/industrias/bienes-de-consumo/,7027d387-5bd8-477e-9b4e-dc63c8d99ca8
https://www.boschrexroth.com/es/ar/industrias/logistica-y-transporte/,95b936c6-44fc-4527-9e4d-ac469fac69d2
https://www.boschrexroth.com/es/ar/industrias/agricultura-y-forestal/,c335c830-7aee-489f-986e-55826cc786a3
https://www.boschrexroth.com/es/ar/industrias/construccion-e-infraestructura/,4b50d603-e82a-48d6-b032-df3d4ee01dff
https://www.boschrexroth.com/es/ar/industrias/produccion-de-baterias/,a51cddf9-51d9-4191-b8de-2f0cb2a74879
https://www.boschrexroth.com/es/ar/industrias/materiales-y-recursos/,ff9d3177-936d-4379-9458-0af0c0801ce9
https://www.boschrexroth.com/es/ar/industrias/industria-quimica/,bf70b606-eef4-46db-bc57-92153454d992
https://www.boschrexroth.com/es/ar/industrias/semiconductores-y-electronica/,a0945e9a-4bc5-4f26-995f-2baa9803b243
https://www.boschrexroth.com/es/ar/servicio/reparaciones/,87cd324c-7984-4c8d-80e5-d24f02a821cb
https://www.boschrexroth.com/es/ar/industrias/tecnologia-de-pruebas/,a31f93f3-0282-4ebf-9732-3994111ecea0
https://www.boschrexroth.com/es/ar/servicio/servicio-de-campo/,18d0226b-4a2c-43bd-ba77-313291b3a927
https://www.boschrexroth.com/es/ar/servicio/piezas-de-recambio/,7a622719-6488-4d14-a30a-63a615bbe28b
https://www.boschrexroth.com/es/ar/servicio/cartera-digital/,5e6fda8b-a855-4e59-99a1-bbb188e00ced
https://www.boschrexroth.com/es/ar/servicio/talleres-de-servicio/,None
https://www.boschrexroth.com/es/ar/servicio/asistente-de-servicio-digital/,18528607-f5f1-48bc-950b-09a3ad627950
https://www.boschrexroth.com/es/ar/servicio/retrofitting/,7a4343a4-490e-404d-ab2d-31710552d7be
https://www.boschrexroth.com/es/ar/servicio/reparacion-de-mandos-finales/,None
https://www.boschrexroth.com/es/ar/descargas/manuales/,03b80760-de36-47de-bea8-9101c2fbd131
https://www.boschrexroth.com/es/ar/descargas/archivos-cad/,53a783c2-b3a9-4006-8e85-16034f294d8e
https://www.boschrexroth.com/es/ar/descargas/fichas-tecnicas/,a4105050-ff0d-41a6-8f41-9f2b906fe807
https://www.boschrexroth.com/es/ar/descargas/software/,3f9ab84d-8e1a-4bbd-bd33-0bccaecf0233
https://www.boschrexroth.com/es/ar/descargas/hojas-informativas/,8f941842-4974-4ded-8c24-04fa5bda82aa
https://www.boschrexroth.com/es/ar/servicio/,d639e7ad-4734-4e58-8fbd-2a7517ca87f6
https://www.boschrexroth.com/es/ar/academia/,194cadee-0e16-498d-8e97-b165dc63d207
https://www.boschrexroth.com/es/ar/academia/training/,af2447dd-f5fc-4b5b-9346-b90f48f30c6f
https://www.boschrexroth.com/es/ar/academia/training-systems/,9c907e3c-e44c-4482-ab15-c65cab2d9075
https://www.boschrexroth.com/es/ar/academia/media/,00decaf7-d55d-4080-90e2-3271a4e2eb68
https://www.boschrexroth.com/es/ar/academia/entrenamientos/,None
https://www.boschrexroth.com/es/ar/comprar/,f446739c-3030-47a2-9230-101739e5faa7
https://www.boschrexroth.com/es/ar/industrias/reciclaje-y-manejo-de-residuos/,ebc8d045-7d5c-4b11-bbb0-0a1b99ce6fab
https://www.boschrexroth.com/es/ar/academia/entrenamientos/pildora-de-conocimiento/,None
https://www.boschrexroth.com/es/ar/comprar/certified-excellence/aplicar-como-ce-partner/,00f9f5ff-0eeb-4823-a3ca-e503b263b51e
https://www.boschrexroth.com/es/ar/comprar/certified-excellence/,6d75de1d-0193-4309-9ea1-d3fccad7ffed
https://www.boschrexroth.com/es/ar/academia/entrenamientos/pildora-de-conocimiento-2/,None
https://www.boschrexroth.com/es/ar/empleos/oportunidades-de-trabajo/,adfe8f50-db65-409e-9fa8-2d47380e338e
https://www.boschrexroth.com/es/ar/empleos/,e481217a-916b-4550-8f85-0af7fc603a6a
https://www.boschrexroth.com/es/ar/empleos/por-que-trabajar-con-nosotros/,3bf145eb-d435-4f16-9311-645d6dd300ec
https://www.boschrexroth.com/es/ar/descargas/,df195e25-1ff1-4730-ab20-044b94a5f067
https://www.boschrexroth.com/es/ar/empleos/preguntas-frecuentes/,8b134238-2e42-490a-8753-e5ff1c891623
https://www.boschrexroth.com/es/ar/compania/,17dfa2d0-8507-4502-974f-a6b96af190c9
https://www.boschrexroth.com/es/ar/compania/blog/,None
https://www.boschrexroth.com/es/ar/compania/nuestra-historia/,d30a06d0-8ee7-4195-b45c-7f689cd1e4be
https://www.boschrexroth.com/es/ar/compania/cifras/,4c8b434b-0c85-49f8-92a7-da6f08006586
https://www.boschrexroth.com/es/ar/compania/comite-ejecutivo/,a965a595-29fa-4c5f-967e-73feae60b79d
https://www.boschrexroth.com/es/ar/compania/sostenibilidad/,8b741f3e-df55-40eb-892a-d537f0ff07e7
https://www.boschrexroth.com/es/ar/compania/transformacion-digital/,f4db96a0-505d-495a-b5b5-a6dac4d9bb3b
https://www.boschrexroth.com/nl/be/producten/,98465ab1-5cc1-4e99-b91a-748d495e4713
https://www.boschrexroth.com/es/ar/compania/youdecide/,19969529-a390-4a98-a74d-8bd661523395
https://www.boschrexroth.com/nl/be/producten/industriele-oplossingen/,074b9c9a-a014-44ef-bbde-1c41b21c6964
https://www.boschrexroth.com/nl/be/producten/industriele-oplossingen/assemblagetechniek/,ddfb8ad9-ca6f-43a6-b209-9000595cd282
https://www.boschrexroth.com/nl/be/producten/industriele-oplossingen/lineaire-bewegingstechnologie/,e10f4578-45db-4ef4-98b7-acf3c7b5fc9d
https://www.boschrexroth.com/es/ar/compania/ferias-y-eventos/,08616ca2-3aea-4c1e-bc15-abed73086b80
https://www.boschrexroth.com/nl/be/producten/industriele-oplossingen/industriele-hydrauliek/,1be4e3d7-698c-4345-8f48-5c0c2cad201c
https://www.boschrexroth.com/nl/be/producten/industriele-oplossingen/vorm-en-giettechnieken/,488629d3-a5d4-4b3c-aee6-35150a85d9ea
https://www.boschrexroth.com/nl/be/producten/industriele-oplossingen/mobiele-robotica/,250845bb-f01e-423a-b08c-baca3363dd46
https://www.boschrexroth.com/nl/be/producten/oplossingen-voor-mobiele-machines/,48242c75-3e51-4651-84de-343b8c437371
https://www.boschrexroth.com/nl/be/producten/oplossingen-voor-mobiele-machines/mobiele-hydrauliek/,e989aced-4c70-4391-9220-074ece3609bb
https://www.boschrexroth.com/nl/be/producten/industriele-oplossingen/elektrische-aandrijvingen-en-besturingen/,5668ccd8-0533-49bb-b54c-d83d0b875afc
https://www.boschrexroth.com/nl/be/producten/industriele-oplossingen/kassow-robots/,89e1bccc-c2c2-4b43-8e37-4bbea4f256ab
https://www.boschrexroth.com/nl/be/producten/oplossingen-voor-mobiele-machines/mobiele-automatisering/,2b652472-ea54-4723-abc6-4f70846f6dcd
https://www.boschrexroth.com/nl/be/producten/oplossingen-voor-mobiele-machines/mobiele-elektrische-aandrijvingen/,42909484-d194-4cd4-be61-df9abe2a54ee
https://www.boschrexroth.com/nl/be/producten/oplossingen-voor-mobiele-machines/mobiele-elektronica-en-telematica/,50f2fd04-b4fd-4e33-a8f5-015f22aa975e
https://www.boschrexroth.com/nl/be/industriele-sectoren/,1aba1cb2-36c8-4ee8-9180-2b284de03bf2
https://www.boschrexroth.com/nl/be/industriele-sectoren/landbouw-en-bosbouw/,c335c830-7aee-489f-986e-55826cc786a3
https://www.boschrexroth.com/nl/be/industriele-sectoren/batterijproductie/,a51cddf9-51d9-4191-b8de-2f0cb2a74879
https://www.boschrexroth.com/nl/be/industriele-sectoren/autotechniek/,8b7f8b4d-5a3e-46ec-bef7-ef87779c1b95
https://www.boschrexroth.com/nl/be/industriele-sectoren/chemieverwerkende-nijverheid/,bf70b606-eef4-46db-bc57-92153454d992
https://www.boschrexroth.com/nl/be/industriele-sectoren/bouw-en-infrastructuur/,4b50d603-e82a-48d6-b032-df3d4ee01dff
https://www.boschrexroth.com/nl/be/industriele-sectoren/consumptiegoederen/,7027d387-5bd8-477e-9b4e-dc63c8d99ca8
https://www.boschrexroth.com/nl/be/producten/industriele-oplossingen/bevestigingstechniek/,e6982f6e-6b3f-427b-b044-26789b1d9efa
https://www.boschrexroth.com/nl/be/industriele-sectoren/energie-en-nutsvoorzieningen/,9a0bc077-74d6-428d-8481-1ffccb4bb5cc
https://www.boschrexroth.com/nl/be/producten/industriele-oplossingen/weerstandslassen/,a4b36c53-e06c-4b7a-a6aa-031dc1eb051e
https://www.boschrexroth.com/nl/be/industriele-sectoren/waterstof/,81ed63cc-1be2-4369-b140-c04fc14e0f46
https://www.boschrexroth.com/nl/be/industriele-sectoren/logistiek-en-transport/,95b936c6-44fc-4527-9e4d-ac469fac69d2
https://www.boschrexroth.com/nl/be/industriele-sectoren/gezondheidszorg/,bf2427cc-883a-4bbd-bcb1-67bd56c97108
https://www.boschrexroth.com/nl/be/industriele-sectoren/materialen-en-grondstoffen/,ff9d3177-936d-4379-9458-0af0c0801ce9
https://www.boschrexroth.com/nl/be/industriele-sectoren/recycling-en-afvalbehandeling/,ebc8d045-7d5c-4b11-bbb0-0a1b99ce6fab
https://www.boschrexroth.com/nl/be/industriele-sectoren/farmaceutische-industrie/,705604f5-ccba-4398-9448-55bc19e2d2ab
https://www.boschrexroth.com/nl/be/industriele-sectoren/hernieuwbare-energie/,7d53cef0-f2c2-40c2-840b-4849dce84868
https://www.boschrexroth.com/nl/be/industriele-sectoren/halfgeleiders-en-elektronica/,a0945e9a-4bc5-4f26-995f-2baa9803b243
https://www.boschrexroth.com/nl/be/producten/oplossingen-voor-mobiele-machines/versnellingsbakken/,a50d5418-3037-4232-89bd-f78ed95e8326
https://www.boschrexroth.com/nl/be/industriele-sectoren/testtechnologie/,a31f93f3-0282-4ebf-9732-3994111ecea0
https://www.boschrexroth.com/nl/be/service-en-support/,9281402d-5292-4fc7-9fc3-12057bac3fc8
https://www.boschrexroth.com/nl/be/service-en-support/service/,d639e7ad-4734-4e58-8fbd-2a7517ca87f6
https://www.boschrexroth.com/nl/be/producten/industriele-oplossingen/hagglunds/,ae0d4661-ad50-4657-822a-71253576c9cf
https://www.boschrexroth.com/nl/be/service-en-support/service/reserveonderdelen/,7a622719-6488-4d14-a30a-63a615bbe28b
https://www.boschrexroth.com/nl/be/service-en-support/service/reparaties/,87cd324c-7984-4c8d-80e5-d24f02a821cb
https://www.boschrexroth.com/nl/be/service-en-support/service/field-service/,18d0226b-4a2c-43bd-ba77-313291b3a927
https://www.boschrexroth.com/nl/be/service-en-support/service/modernisering/,7a4343a4-490e-404d-ab2d-31710552d7be
https://www.boschrexroth.com/nl/be/service-en-support/econfigurators-en-tools/,7ff4a06a-ab8d-495c-adda-a516c9eaeb03
https://www.boschrexroth.com/nl/be/service-en-support/service/digital-service-assistant/,18528607-f5f1-48bc-950b-09a3ad627950
https://www.boschrexroth.com/nl/be/service-en-support/service/digitaal-portfolio/,5e6fda8b-a855-4e59-99a1-bbb188e00ced
https://www.boschrexroth.com/nl/be/service-en-support/econfigurators-en-tools/simster/,fa26b07a-c5a8-48de-b732-4a2c59fe7fe4
https://www.boschrexroth.com/nl/be/service-en-support/econfigurators-en-tools/scheme-editor/,f7fd9c9f-9941-4abc-9b65-a9344cc0daa5
https://www.boschrexroth.com/nl/be/service-en-support/econfigurators-en-tools/interactive-fluid-office-ifo/,ddf691a7-fba7-44e8-8e9f-064248765156
https://www.boschrexroth.com/nl/be/service-en-support/hydraulische-vloeistoffen/,f980f332-69c7-4a79-a187-04610a8c51e6
https://www.boschrexroth.com/nl/be/service-en-support/kopen/rexroth-store/,34ee1645-140f-4239-8237-7e8524cb6d53
https://www.boschrexroth.com/nl/be/service-en-support/kopen/,f446739c-3030-47a2-9230-101739e5faa7
https://www.boschrexroth.com/nl/be/service-en-support/kopen/partners/,None
https://www.boschrexroth.com/nl/be/service-en-support/virtuele-engineering/,df0dcbc5-130d-4626-9c21-129033fc3b06
https://www.boschrexroth.com/nl/be/downloads/cad-bestanden/,53a783c2-b3a9-4006-8e85-16034f294d8e
https://www.boschrexroth.com/nl/be/downloads/data-sheets/,a4105050-ff0d-41a6-8f41-9f2b906fe807
https://www.boschrexroth.com/nl/be/downloads/fact-sheets/,8f941842-4974-4ded-8c24-04fa5bda82aa
https://www.boschrexroth.com/nl/be/downloads/manuals/,03b80760-de36-47de-bea8-9101c2fbd131
https://www.boschrexroth.com/nl/be/downloads/software/,3f9ab84d-8e1a-4bbd-bd33-0bccaecf0233
https://www.boschrexroth.com/nl/be/academy/,194cadee-0e16-498d-8e97-b165dc63d207
https://www.boschrexroth.com/nl/be/academy/training/,af2447dd-f5fc-4b5b-9346-b90f48f30c6f
https://www.boschrexroth.com/nl/be/academy/training-systems/,9c907e3c-e44c-4482-ab15-c65cab2d9075
https://www.boschrexroth.com/nl/be/jobs-en-carriere/,e481217a-916b-4550-8f85-0af7fc603a6a
https://www.boschrexroth.com/nl/be/academy/media/,00decaf7-d55d-4080-90e2-3271a4e2eb68
https://www.boschrexroth.com/nl/be/jobs-en-carriere/vacatures/,adfe8f50-db65-409e-9fa8-2d47380e338e
https://www.boschrexroth.com/nl/be/jobs-en-carriere/waarom-bij-ons-werken/,3bf145eb-d435-4f16-9311-645d6dd300ec
https://www.boschrexroth.com/nl/be/jobs-en-carriere/faq/,8b134238-2e42-490a-8753-e5ff1c891623
https://www.boschrexroth.com/nl/be/bedrijf/,17dfa2d0-8507-4502-974f-a6b96af190c9
https://www.boschrexroth.com/nl/be/bedrijf/cijfers/,4c8b434b-0c85-49f8-92a7-da6f08006586
https://www.boschrexroth.com/nl/be/bedrijf/raad-van-bestuur/,a965a595-29fa-4c5f-967e-73feae60b79d
https://www.boschrexroth.com/nl/be/downloads/,df195e25-1ff1-4730-ab20-044b94a5f067
https://www.boschrexroth.com/nl/be/bedrijf/onze-geschiedenis/,d30a06d0-8ee7-4195-b45c-7f689cd1e4be
https://www.boschrexroth.com/nl/be/bedrijf/blog/,None
https://www.boschrexroth.com/nl/be/bedrijf/digitale-transformatie/,f4db96a0-505d-495a-b5b5-a6dac4d9bb3b
https://www.boschrexroth.com/nl/be/bedrijf/youdecide/,19969529-a390-4a98-a74d-8bd661523395
https://www.boschrexroth.com/en/ca/products/industrial-solutions/,074b9c9a-a014-44ef-bbde-1c41b21c6964
https://www.boschrexroth.com/en/ca/products/,98465ab1-5cc1-4e99-b91a-748d495e4713
https://www.boschrexroth.com/en/ca/products/industrial-solutions/assembly-technology/,ddfb8ad9-ca6f-43a6-b209-9000595cd282
https://www.boschrexroth.com/en/ca/products/industrial-solutions/industrial-hydraulics/,1be4e3d7-698c-4345-8f48-5c0c2cad201c
https://www.boschrexroth.com/en/ca/products/industrial-solutions/moulding-and-casting-technologies/,488629d3-a5d4-4b3c-aee6-35150a85d9ea
https://www.boschrexroth.com/en/ca/products/industrial-solutions/linear-motion-technology/,e10f4578-45db-4ef4-98b7-acf3c7b5fc9d
https://www.boschrexroth.com/en/ca/products/industrial-solutions/mobile-robotics/,250845bb-f01e-423a-b08c-baca3363dd46
https://www.boschrexroth.com/en/ca/products/industrial-solutions/hagglunds/,ae0d4661-ad50-4657-822a-71253576c9cf
https://www.boschrexroth.com/nl/be/bedrijf/beurzen-en-evenementen/,08616ca2-3aea-4c1e-bc15-abed73086b80
https://www.boschrexroth.com/en/ca/products/industrial-solutions/kassow-robots/,89e1bccc-c2c2-4b43-8e37-4bbea4f256ab
https://www.boschrexroth.com/en/ca/products/solutions-for-mobile-machines/,48242c75-3e51-4651-84de-343b8c437371
https://www.boschrexroth.com/en/ca/products/solutions-for-mobile-machines/mobile-electronics-and-telematics/,50f2fd04-b4fd-4e33-a8f5-015f22aa975e
https://www.boschrexroth.com/en/ca/products/solutions-for-mobile-machines/mobile-hydraulics/,e989aced-4c70-4391-9220-074ece3609bb
https://www.boschrexroth.com/en/ca/products/solutions-for-mobile-machines/mobile-electric-drives/,42909484-d194-4cd4-be61-df9abe2a54ee
https://www.boschrexroth.com/en/ca/products/solutions-for-mobile-machines/mobile-automation/,2b652472-ea54-4723-abc6-4f70846f6dcd
https://www.boschrexroth.com/en/ca/products/solutions-for-mobile-machines/compu-spread/,None
https://www.boschrexroth.com/en/ca/industries/,1aba1cb2-36c8-4ee8-9180-2b284de03bf2
https://www.boschrexroth.com/en/ca/industries/agriculture-and-forestry/,c335c830-7aee-489f-986e-55826cc786a3
https://www.boschrexroth.com/en/ca/industries/automotive/,8b7f8b4d-5a3e-46ec-bef7-ef87779c1b95
https://www.boschrexroth.com/en/ca/products/industrial-solutions/electric-drives-and-controls/,5668ccd8-0533-49bb-b54c-d83d0b875afc
https://www.boschrexroth.com/en/ca/industries/battery-production/,a51cddf9-51d9-4191-b8de-2f0cb2a74879
https://www.boschrexroth.com/en/ca/industries/chemical-processing/,bf70b606-eef4-46db-bc57-92153454d992
https://www.boschrexroth.com/en/ca/products/industrial-solutions/tightening-technology/,e6982f6e-6b3f-427b-b044-26789b1d9efa
https://www.boschrexroth.com/en/ca/products/industrial-solutions/resistance-welding/,a4b36c53-e06c-4b7a-a6aa-031dc1eb051e
https://www.boschrexroth.com/en/ca/industries/construction-and-infrastructure/,4b50d603-e82a-48d6-b032-df3d4ee01dff
https://www.boschrexroth.com/en/ca/industries/consumer-goods/,7027d387-5bd8-477e-9b4e-dc63c8d99ca8
https://www.boschrexroth.com/en/ca/industries/energy-and-utilities/,9a0bc077-74d6-428d-8481-1ffccb4bb5cc
https://www.boschrexroth.com/en/ca/industries/healthcare/,bf2427cc-883a-4bbd-bcb1-67bd56c97108
https://www.boschrexroth.com/en/ca/products/solutions-for-mobile-machines/gearboxes/,a50d5418-3037-4232-89bd-f78ed95e8326
https://www.boschrexroth.com/en/ca/industries/hydrogen/,81ed63cc-1be2-4369-b140-c04fc14e0f46
https://www.boschrexroth.com/en/ca/industries/logistics-and-transport/,95b936c6-44fc-4527-9e4d-ac469fac69d2
https://www.boschrexroth.com/en/ca/industries/materials-and-resources/,ff9d3177-936d-4379-9458-0af0c0801ce9
https://www.boschrexroth.com/en/ca/industries/recycling-and-waste-handling/,ebc8d045-7d5c-4b11-bbb0-0a1b99ce6fab
https://www.boschrexroth.com/en/ca/industries/pharmaceutics/,705604f5-ccba-4398-9448-55bc19e2d2ab
https://www.boschrexroth.com/en/ca/industries/renewable-energies/,7d53cef0-f2c2-40c2-840b-4849dce84868
https://www.boschrexroth.com/en/ca/industries/testing-technology/,a31f93f3-0282-4ebf-9732-3994111ecea0
https://www.boschrexroth.com/en/ca/industries/semiconductors-and-electronics/,a0945e9a-4bc5-4f26-995f-2baa9803b243
https://www.boschrexroth.com/en/ca/service-and-support/,9281402d-5292-4fc7-9fc3-12057bac3fc8
https://www.boschrexroth.com/en/ca/service-and-support/service/,d639e7ad-4734-4e58-8fbd-2a7517ca87f6
https://www.boschrexroth.com/en/ca/service-and-support/service/spare-parts/,7a622719-6488-4d14-a30a-63a615bbe28b
https://www.boschrexroth.com/en/ca/service-and-support/service/repairs/,87cd324c-7984-4c8d-80e5-d24f02a821cb
https://www.boschrexroth.com/en/ca/service-and-support/service/field-service/,18d0226b-4a2c-43bd-ba77-313291b3a927
https://www.boschrexroth.com/en/ca/service-and-support/service/modernization/,7a4343a4-490e-404d-ab2d-31710552d7be
https://www.boschrexroth.com/en/ca/service-and-support/service/digital-portfolio/,5e6fda8b-a855-4e59-99a1-bbb188e00ced
https://www.boschrexroth.com/en/ca/service-and-support/econfigurators-and-tools/,7ff4a06a-ab8d-495c-adda-a516c9eaeb03
https://www.boschrexroth.com/en/ca/service-and-support/econfigurators-and-tools/simster/,fa26b07a-c5a8-48de-b732-4a2c59fe7fe4
https://www.boschrexroth.com/en/ca/service-and-support/service/digital-service-assistant/,18528607-f5f1-48bc-950b-09a3ad627950
https://www.boschrexroth.com/en/ca/service-and-support/econfigurators-and-tools/scheme-editor/,f7fd9c9f-9941-4abc-9b65-a9344cc0daa5
https://www.boschrexroth.com/en/ca/service-and-support/virtual-engineering/,df0dcbc5-130d-4626-9c21-129033fc3b06
https://www.boschrexroth.com/en/ca/service-and-support/econfigurators-and-tools/interactive-fluid-office-ifo/,ddf691a7-fba7-44e8-8e9f-064248765156
https://www.boschrexroth.com/en/ca/service-and-support/hydraulic-fluids/,f980f332-69c7-4a79-a187-04610a8c51e6
https://www.boschrexroth.com/en/ca/service-and-support/buy/rexroth-store/,34ee1645-140f-4239-8237-7e8524cb6d53
https://www.boschrexroth.com/en/ca/service-and-support/buy/,f446739c-3030-47a2-9230-101739e5faa7
https://www.boschrexroth.com/en/ca/service-and-support/buy/certified-excellence/,6d75de1d-0193-4309-9ea1-d3fccad7ffed
https://www.boschrexroth.com/en/ca/downloads/cad-files/,53a783c2-b3a9-4006-8e85-16034f294d8e
https://www.boschrexroth.com/en/ca/downloads/fact-sheets/,8f941842-4974-4ded-8c24-04fa5bda82aa
https://www.boschrexroth.com/en/ca/downloads/software/,3f9ab84d-8e1a-4bbd-bd33-0bccaecf0233
https://www.boschrexroth.com/en/ca/downloads/data-sheets/,a4105050-ff0d-41a6-8f41-9f2b906fe807
https://www.boschrexroth.com/en/ca/downloads/manuals/,03b80760-de36-47de-bea8-9101c2fbd131
https://www.boschrexroth.com/en/ca/academy/,194cadee-0e16-498d-8e97-b165dc63d207
https://www.boschrexroth.com/en/ca/academy/training/,af2447dd-f5fc-4b5b-9346-b90f48f30c6f
https://www.boschrexroth.com/en/ca/academy/training/elearning-courses/,None
https://www.boschrexroth.com/en/ca/academy/training/on-site-instructor-hydraulic-training/,None
https://www.boschrexroth.com/en/ca/academy/training-systems/,9c907e3c-e44c-4482-ab15-c65cab2d9075
https://www.boschrexroth.com/en/ca/academy/training/standard-instructor-training/,None
https://www.boschrexroth.com/en/ca/academy/media/,00decaf7-d55d-4080-90e2-3271a4e2eb68
https://www.boschrexroth.com/en/ca/jobs-and-career/,e481217a-916b-4550-8f85-0af7fc603a6a
https://www.boschrexroth.com/en/ca/jobs-and-career/job-opportunities/,adfe8f50-db65-409e-9fa8-2d47380e338e
https://www.boschrexroth.com/en/ca/jobs-and-career/why-work-with-us/,3bf145eb-d435-4f16-9311-645d6dd300ec
https://www.boschrexroth.com/en/ca/company/figures/,4c8b434b-0c85-49f8-92a7-da6f08006586
https://www.boschrexroth.com/en/ca/downloads/,df195e25-1ff1-4730-ab20-044b94a5f067
https://www.boschrexroth.com/en/ca/company/,17dfa2d0-8507-4502-974f-a6b96af190c9
https://www.boschrexroth.com/en/ca/jobs-and-career/faq/,8b134238-2e42-490a-8753-e5ff1c891623
https://www.boschrexroth.com/en/ca/company/blog/,None
https://www.boschrexroth.com/en/ca/company/executive-board/,a965a595-29fa-4c5f-967e-73feae60b79d
https://www.boschrexroth.com/en/ca/company/sustainability/,8b741f3e-df55-40eb-892a-d537f0ff07e7
https://www.boschrexroth.com/en/ca/company/our-history/,d30a06d0-8ee7-4195-b45c-7f689cd1e4be
https://www.boschrexroth.com/en/ca/company/digital-transformation/,f4db96a0-505d-495a-b5b5-a6dac4d9bb3b
https://www.boschrexroth.com/en/ca/company/youdecide/,19969529-a390-4a98-a74d-8bd661523395
https://www.boschrexroth.com/pt/br/produtos/grupos-de-produtos/,074b9c9a-a014-44ef-bbde-1c41b21c6964
https://www.boschrexroth.com/pt/br/produtos/,98465ab1-5cc1-4e99-b91a-748d495e4713
https://www.boschrexroth.com/pt/br/produtos/grupos-de-produtos/tecnologia-de-montagem/,ddfb8ad9-ca6f-43a6-b209-9000595cd282
https://www.boschrexroth.com/en/ca/company/trade-shows-and-events/,08616ca2-3aea-4c1e-bc15-abed73086b80
https://www.boschrexroth.com/pt/br/produtos/grupos-de-produtos/hidraulica-industrial/,1be4e3d7-698c-4345-8f48-5c0c2cad201c
https://www.boschrexroth.com/pt/br/produtos/grupos-de-produtos/tecnologias-de-fundicao-e-moldagem/,488629d3-a5d4-4b3c-aee6-35150a85d9ea
https://www.boschrexroth.com/pt/br/produtos/grupos-de-produtos/tecnologia-linear/,e10f4578-45db-4ef4-98b7-acf3c7b5fc9d
https://www.boschrexroth.com/pt/br/produtos/grupos-de-produtos/hidraulica-mobil-e-eletronica/,48242c75-3e51-4651-84de-343b8c437371
https://www.boschrexroth.com/pt/br/produtos/grupos-de-produtos/robotica-movel/,250845bb-f01e-423a-b08c-baca3363dd46
https://www.boschrexroth.com/pt/br/produtos/grupos-de-produtos/hagglunds/,ae0d4661-ad50-4657-822a-71253576c9cf
https://www.boschrexroth.com/pt/br/produtos/grupos-de-produtos/kassow-robots/,89e1bccc-c2c2-4b43-8e37-4bbea4f256ab
https://www.boschrexroth.com/pt/br/produtos/engenharia/,b93c0c9c-d94e-4e93-b2af-419c0c64e778
https://www.boschrexroth.com/pt/br/produtos/engenharia/engenharia-virtual/,df0dcbc5-130d-4626-9c21-129033fc3b06
https://www.boschrexroth.com/pt/br/produtos/engenharia/fluidos-hidraulicos/,f980f332-69c7-4a79-a187-04610a8c51e6
https://www.boschrexroth.com/pt/br/produtos/econfigurators-e-ferramentas/,7ff4a06a-ab8d-495c-adda-a516c9eaeb03
https://www.boschrexroth.com/pt/br/produtos/grupos-de-produtos/acionamentos-e-controles-eletricos/,5668ccd8-0533-49bb-b54c-d83d0b875afc
https://www.boschrexroth.com/pt/br/produtos/grupos-de-produtos/tecnologia-de-transmissao/,a50d5418-3037-4232-89bd-f78ed95e8326
https://www.boschrexroth.com/pt/br/produtos/econfigurators-e-ferramentas/simster/,fa26b07a-c5a8-48de-b732-4a2c59fe7fe4
https://www.boschrexroth.com/pt/br/produtos/grupos-de-produtos/soldagem-de-resistencia/,a4b36c53-e06c-4b7a-a6aa-031dc1eb051e
https://www.boschrexroth.com/pt/br/produtos/econfigurators-e-ferramentas/scheme-editor/,f7fd9c9f-9941-4abc-9b65-a9344cc0daa5
https://www.boschrexroth.com/pt/br/setores/,1aba1cb2-36c8-4ee8-9180-2b284de03bf2
https://www.boschrexroth.com/pt/br/produtos/econfigurators-e-ferramentas/interactive-fluid-office-ifo/,ddf691a7-fba7-44e8-8e9f-064248765156
https://www.boschrexroth.com/pt/br/setores/agricultura-e-maquinas-florestais/,c335c830-7aee-489f-986e-55826cc786a3
https://www.boschrexroth.com/pt/br/produtos/grupos-de-produtos/tecnologia-de-aperto/,e6982f6e-6b3f-427b-b044-26789b1d9efa
https://www.boschrexroth.com/pt/br/setores/automotivo/agradecimento.html,None
https://www.boschrexroth.com/pt/br/setores/automotivo/contato.html,None
https://www.boschrexroth.com/pt/br/setores/automotivo/,8b7f8b4d-5a3e-46ec-bef7-ef87779c1b95
https://www.boschrexroth.com/pt/br/setores/construcao-e-infraestrutura/,4b50d603-e82a-48d6-b032-df3d4ee01dff
https://www.boschrexroth.com/pt/br/setores/producao-de-bateria/,a51cddf9-51d9-4191-b8de-2f0cb2a74879
https://www.boschrexroth.com/pt/br/setores/processamento-quimico/,bf70b606-eef4-46db-bc57-92153454d992
https://www.boschrexroth.com/pt/br/setores/bens-de-consumo/,7027d387-5bd8-477e-9b4e-dc63c8d99ca8
https://www.boschrexroth.com/pt/br/setores/energia-e-servicos-publicos/,9a0bc077-74d6-428d-8481-1ffccb4bb5cc
https://www.boschrexroth.com/pt/br/setores/hidrogenio/,81ed63cc-1be2-4369-b140-c04fc14e0f46
https://www.boschrexroth.com/pt/br/setores/cuidados-de-saude/,bf2427cc-883a-4bbd-bcb1-67bd56c97108
https://www.boschrexroth.com/pt/br/setores/logistica-e-transporte/,95b936c6-44fc-4527-9e4d-ac469fac69d2
https://www.boschrexroth.com/pt/br/setores/materiais-e-recursos/,ff9d3177-936d-4379-9458-0af0c0801ce9
https://www.boschrexroth.com/pt/br/setores/manuseio-de-residuos-e-reciclagem/,ebc8d045-7d5c-4b11-bbb0-0a1b99ce6fab
https://www.boschrexroth.com/pt/br/setores/farmaceutica/,705604f5-ccba-4398-9448-55bc19e2d2ab
https://www.boschrexroth.com/pt/br/setores/energias-renovaveis/,7d53cef0-f2c2-40c2-840b-4849dce84868
https://www.boschrexroth.com/pt/br/setores/semicondutores-e-eletronicos/,a0945e9a-4bc5-4f26-995f-2baa9803b243
https://www.boschrexroth.com/pt/br/service/,d639e7ad-4734-4e58-8fbd-2a7517ca87f6
https://www.boschrexroth.com/pt/br/setores/tecnologia-de-testes/,a31f93f3-0282-4ebf-9732-3994111ecea0
https://www.boschrexroth.com/pt/br/service/pecas-de-reposicao/,7a622719-6488-4d14-a30a-63a615bbe28b
https://www.boschrexroth.com/pt/br/service/reparo/,87cd324c-7984-4c8d-80e5-d24f02a821cb
https://www.boschrexroth.com/pt/br/service/modernizacao/,7a4343a4-490e-404d-ab2d-31710552d7be
https://www.boschrexroth.com/pt/br/service/servico-de-campo/,18d0226b-4a2c-43bd-ba77-313291b3a927
https://www.boschrexroth.com/pt/br/service/portfolio-digital/,5e6fda8b-a855-4e59-99a1-bbb188e00ced
https://www.boschrexroth.com/pt/br/downloads/arquivos-cad/,53a783c2-b3a9-4006-8e85-16034f294d8e
https://www.boschrexroth.com/pt/br/service/assistente-de-servico-digital/,18528607-f5f1-48bc-950b-09a3ad627950
https://www.boschrexroth.com/pt/br/downloads/folhas-de-dados/,a4105050-ff0d-41a6-8f41-9f2b906fe807
https://www.boschrexroth.com/pt/br/downloads/manuais/,03b80760-de36-47de-bea8-9101c2fbd131
https://www.boschrexroth.com/pt/br/treinamentos/,None
https://www.boschrexroth.com/pt/br/treinamentos/manutencao-hidraulica/,None
https://www.boschrexroth.com/pt/br/downloads/software/,3f9ab84d-8e1a-4bbd-bd33-0bccaecf0233
https://www.boschrexroth.com/pt/br/treinamentos/localidades.html,None
https://www.boschrexroth.com/pt/br/treinamentos/tecnologias-de-acionamentos-indradrive/,None
https://www.boschrexroth.com/pt/br/downloads/fichas-tecnicas/,8f941842-4974-4ded-8c24-04fa5bda82aa
https://www.boschrexroth.com/pt/br/treinamentos/controle-de-contaminacao/,None
https://www.boschrexroth.com/pt/br/treinamentos/hidraulica-mobil/,None
https://www.boschrexroth.com/pt/br/treinamentos/pneumatica-industrial/,None
https://www.boschrexroth.com/pt/br/treinamentos/projetos-hidraulicos/,None
https://www.boschrexroth.com/pt/br/treinamentos/elementos-logicos/,None
https://www.boschrexroth.com/pt/br/treinamentos/proporcionais-e-servosistemas/,None
https://www.boschrexroth.com/pt/br/treinamentos/sistemas-treinamentos/,None
https://www.boschrexroth.com/pt/br/treinamentos/hidraulica-para-aplicacoes-offshore/,None
https://www.boschrexroth.com/pt/br/comprar/,f446739c-3030-47a2-9230-101739e5faa7
https://www.boschrexroth.com/pt/br/comprar/certified-excellence/candidatar-se-como-parceiro-ce/,00f9f5ff-0eeb-4823-a3ca-e503b263b51e
https://www.boschrexroth.com/pt/br/downloads/,df195e25-1ff1-4730-ab20-044b94a5f067
https://www.boschrexroth.com/pt/br/empregos-e-carreiras/,e481217a-916b-4550-8f85-0af7fc603a6a
https://www.boschrexroth.com/pt/br/empregos-e-carreiras/oportunidades-de-emprego/,adfe8f50-db65-409e-9fa8-2d47380e338e
https://www.boschrexroth.com/pt/br/comprar/certified-excellence/,6d75de1d-0193-4309-9ea1-d3fccad7ffed
https://www.boschrexroth.com/pt/br/empregos-e-carreiras/por-que-trabalhar-conosco/,3bf145eb-d435-4f16-9311-645d6dd300ec
https://www.boschrexroth.com/pt/br/empresa/,17dfa2d0-8507-4502-974f-a6b96af190c9
https://www.boschrexroth.com/pt/br/empregos-e-carreiras/perguntas-frequentes/,8b134238-2e42-490a-8753-e5ff1c891623
https://www.boschrexroth.com/pt/br/empresa/diretoria-executiva/,a965a595-29fa-4c5f-967e-73feae60b79d
https://www.boschrexroth.com/pt/br/empresa/numeros/,4c8b434b-0c85-49f8-92a7-da6f08006586
https://www.boschrexroth.com/pt/br/empresa/numeros/nocaminhodocrescimento.html,None
https://www.boschrexroth.com/pt/br/empresa/blog/,None
https://www.boschrexroth.com/pt/br/empresa/nossa-historia/,d30a06d0-8ee7-4195-b45c-7f689cd1e4be
https://www.boschrexroth.com/pt/br/treinamentos/hidraulica-industrial/,None
https://www.boschrexroth.com/pt/br/empresa/transformacao-digital/,f4db96a0-505d-495a-b5b5-a6dac4d9bb3b
https://www.boschrexroth.com/pt/br/empresa/sustentabilidade/,8b741f3e-df55-40eb-892a-d537f0ff07e7
https://www.boschrexroth.com/pt/br/empresa/youdecide/,19969529-a390-4a98-a74d-8bd661523395
https://www.boschrexroth.com/pt/br/empresa/feiras-e-eventos/,08616ca2-3aea-4c1e-bc15-abed73086b80
https://www.boschrexroth.com/en/at/products/industrial-solutions/hagglunds/,ae0d4661-ad50-4657-822a-71253576c9cf
https://www.boschrexroth.com/en/at/products/,98465ab1-5cc1-4e99-b91a-748d495e4713
https://www.boschrexroth.com/en/at/products/industrial-solutions/moulding-and-casting-technologies/,488629d3-a5d4-4b3c-aee6-35150a85d9ea
https://www.boschrexroth.com/en/at/products/industrial-solutions/industrial-hydraulics/,1be4e3d7-698c-4345-8f48-5c0c2cad201c
https://www.boschrexroth.com/en/at/products/industrial-solutions/kassow-robots/,89e1bccc-c2c2-4b43-8e37-4bbea4f256ab
https://www.boschrexroth.com/en/at/products/industrial-solutions/linear-motion-technology/,e10f4578-45db-4ef4-98b7-acf3c7b5fc9d
https://www.boschrexroth.com/en/at/products/industrial-solutions/mobile-robotics/,250845bb-f01e-423a-b08c-baca3363dd46
https://www.boschrexroth.com/en/at/products/industrial-solutions/assembly-technology/,ddfb8ad9-ca6f-43a6-b209-9000595cd282
https://www.boschrexroth.com/en/at/products/solutions-for-mobile-machines/,48242c75-3e51-4651-84de-343b8c437371
https://www.boschrexroth.com/en/at/products/solutions-for-mobile-machines/mobile-automation/,2b652472-ea54-4723-abc6-4f70846f6dcd
https://www.boschrexroth.com/en/at/products/solutions-for-mobile-machines/mobile-electric-drives/,42909484-d194-4cd4-be61-df9abe2a54ee
https://www.boschrexroth.com/en/at/products/solutions-for-mobile-machines/mobile-hydraulics/,e989aced-4c70-4391-9220-074ece3609bb
https://www.boschrexroth.com/en/at/products/solutions-for-mobile-machines/mobile-electronics-and-telematics/,50f2fd04-b4fd-4e33-a8f5-015f22aa975e
https://www.boschrexroth.com/en/at/products/solutions-for-mobile-machines/mobile-solutions-service/,c9d3a00d-b6dd-4cd1-93aa-cd749ea041c3
https://www.boschrexroth.com/en/at/products/industrial-solutions/electric-drives-and-controls/,5668ccd8-0533-49bb-b54c-d83d0b875afc
https://www.boschrexroth.com/en/at/products/solutions-for-mobile-machines/training/,96ca07b5-c677-498f-ba87-02ad848ff9c4
https://www.boschrexroth.com/en/at/industries/,1aba1cb2-36c8-4ee8-9180-2b284de03bf2
https://www.boschrexroth.com/en/at/industries/automotive/,8b7f8b4d-5a3e-46ec-bef7-ef87779c1b95
https://www.boschrexroth.com/en/at/products/industrial-solutions/tightening-technology/,e6982f6e-6b3f-427b-b044-26789b1d9efa
https://www.boschrexroth.com/en/at/products/industrial-solutions/resistance-welding/,a4b36c53-e06c-4b7a-a6aa-031dc1eb051e
https://www.boschrexroth.com/en/at/industries/construction-and-infrastructure/,4b50d603-e82a-48d6-b032-df3d4ee01dff
https://www.boschrexroth.com/en/at/industries/battery-production/,a51cddf9-51d9-4191-b8de-2f0cb2a74879
https://www.boschrexroth.com/en/at/industries/chemical-processing/,bf70b606-eef4-46db-bc57-92153454d992
https://www.boschrexroth.com/en/at/products/industrial-solutions/,074b9c9a-a014-44ef-bbde-1c41b21c6964
https://www.boschrexroth.com/en/at/industries/energy-and-utilities/,9a0bc077-74d6-428d-8481-1ffccb4bb5cc
https://www.boschrexroth.com/en/at/industries/healthcare/,bf2427cc-883a-4bbd-bcb1-67bd56c97108
https://www.boschrexroth.com/en/at/industries/agriculture-and-forestry/,c335c830-7aee-489f-986e-55826cc786a3
https://www.boschrexroth.com/en/at/industries/semiconductors-and-electronics/,a0945e9a-4bc5-4f26-995f-2baa9803b243
https://www.boschrexroth.com/en/at/industries/renewable-energies/,7d53cef0-f2c2-40c2-840b-4849dce84868
https://www.boschrexroth.com/en/at/industries/consumer-goods/,7027d387-5bd8-477e-9b4e-dc63c8d99ca8
https://www.boschrexroth.com/en/at/products/solutions-for-mobile-machines/gearboxes/,a50d5418-3037-4232-89bd-f78ed95e8326
https://www.boschrexroth.com/en/at/industries/recycling-and-waste-handling/,ebc8d045-7d5c-4b11-bbb0-0a1b99ce6fab
https://www.boschrexroth.com/en/at/industries/pharmaceutics/,705604f5-ccba-4398-9448-55bc19e2d2ab
https://www.boschrexroth.com/en/at/industries/logistics-and-transport/,95b936c6-44fc-4527-9e4d-ac469fac69d2
https://www.boschrexroth.com/en/at/industries/materials-and-resources/,ff9d3177-936d-4379-9458-0af0c0801ce9
https://www.boschrexroth.com/en/at/industries/testing-technology/,a31f93f3-0282-4ebf-9732-3994111ecea0
https://www.boschrexroth.com/en/at/service-and-support/,9281402d-5292-4fc7-9fc3-12057bac3fc8
https://www.boschrexroth.com/en/at/service-and-support/service/spare-parts/,7a622719-6488-4d14-a30a-63a615bbe28b
https://www.boschrexroth.com/en/at/industries/hydrogen/,81ed63cc-1be2-4369-b140-c04fc14e0f46
https://www.boschrexroth.com/en/at/service-and-support/service/,d639e7ad-4734-4e58-8fbd-2a7517ca87f6
https://www.boschrexroth.com/en/at/service-and-support/service/repairs/,87cd324c-7984-4c8d-80e5-d24f02a821cb
https://www.boschrexroth.com/en/at/service-and-support/service/modernization/,7a4343a4-490e-404d-ab2d-31710552d7be
https://www.boschrexroth.com/en/at/service-and-support/service/field-service/,18d0226b-4a2c-43bd-ba77-313291b3a927
https://www.boschrexroth.com/en/at/service-and-support/service/digital-portfolio/,5e6fda8b-a855-4e59-99a1-bbb188e00ced
https://www.boschrexroth.com/en/at/service-and-support/service/digital-service-assistant/,18528607-f5f1-48bc-950b-09a3ad627950
https://www.boschrexroth.com/en/at/service-and-support/econfigurators-and-tools/,7ff4a06a-ab8d-495c-adda-a516c9eaeb03
https://www.boschrexroth.com/en/at/service-and-support/digital-product-twin/,dcfbe822-15c5-48d6-9b48-e03b999ab945
https://www.boschrexroth.com/en/at/service-and-support/econfigurators-and-tools/scheme-editor/,f7fd9c9f-9941-4abc-9b65-a9344cc0daa5
https://www.boschrexroth.com/en/at/service-and-support/econfigurators-and-tools/interactive-fluid-office-ifo/,ddf691a7-fba7-44e8-8e9f-064248765156
https://www.boschrexroth.com/en/at/service-and-support/hydraulic-fluids/,f980f332-69c7-4a79-a187-04610a8c51e6
https://www.boschrexroth.com/en/at/service-and-support/econfigurators-and-tools/simster/,fa26b07a-c5a8-48de-b732-4a2c59fe7fe4
https://www.boschrexroth.com/en/at/service-and-support/virtual-engineering/,df0dcbc5-130d-4626-9c21-129033fc3b06
https://www.boschrexroth.com/en/at/service-and-support/buy/oci-open-catalog-interface/,None
https://www.boschrexroth.com/en/at/service-and-support/buy/,f446739c-3030-47a2-9230-101739e5faa7
https://www.boschrexroth.com/en/at/service-and-support/buy/certified-excellence/,6d75de1d-0193-4309-9ea1-d3fccad7ffed
https://www.boschrexroth.com/en/at/service-and-support/buy/edi-electronic-data-interchange/,None
https://www.boschrexroth.com/en/at/downloads/cad-files/,53a783c2-b3a9-4006-8e85-16034f294d8e
https://www.boschrexroth.com/en/at/service-and-support/buy/direct-sales/,None
https://www.boschrexroth.com/en/at/service-and-support/buy/rexroth-store/,34ee1645-140f-4239-8237-7e8524cb6d53
https://www.boschrexroth.com/en/at/downloads/data-sheets/,a4105050-ff0d-41a6-8f41-9f2b906fe807
https://www.boschrexroth.com/en/at/downloads/fact-sheets/,8f941842-4974-4ded-8c24-04fa5bda82aa
https://www.boschrexroth.com/en/at/downloads/manuals/,03b80760-de36-47de-bea8-9101c2fbd131
https://www.boschrexroth.com/en/at/downloads/software/,3f9ab84d-8e1a-4bbd-bd33-0bccaecf0233
https://www.boschrexroth.com/en/at/academy/,194cadee-0e16-498d-8e97-b165dc63d207
https://www.boschrexroth.com/en/at/academy/training-systems/,9c907e3c-e44c-4482-ab15-c65cab2d9075
https://www.boschrexroth.com/en/at/academy/training/,af2447dd-f5fc-4b5b-9346-b90f48f30c6f
https://www.boschrexroth.com/en/at/academy/contact/,ef6eb2b8-c841-43ed-b876-a5c4ad07b9a4
https://www.boschrexroth.com/en/at/jobs-and-career/why-work-with-us/,3bf145eb-d435-4f16-9311-645d6dd300ec
https://www.boschrexroth.com/en/at/jobs-and-career/job-opportunities/,adfe8f50-db65-409e-9fa8-2d47380e338e
https://www.boschrexroth.com/en/at/jobs-and-career/,e481217a-916b-4550-8f85-0af7fc603a6a
https://www.boschrexroth.com/en/at/jobs-and-career/faq/,8b134238-2e42-490a-8753-e5ff1c891623
https://www.boschrexroth.com/en/at/academy/media/,00decaf7-d55d-4080-90e2-3271a4e2eb68
https://www.boschrexroth.com/en/at/downloads/,df195e25-1ff1-4730-ab20-044b94a5f067
https://www.boschrexroth.com/en/at/company/,17dfa2d0-8507-4502-974f-a6b96af190c9
https://www.boschrexroth.com/en/at/company/references/,None
https://www.boschrexroth.com/en/at/company/executive-board/,a965a595-29fa-4c5f-967e-73feae60b79d
https://www.boschrexroth.com/en/at/company/figures/,4c8b434b-0c85-49f8-92a7-da6f08006586
https://www.boschrexroth.com/en/at/company/our-history/,d30a06d0-8ee7-4195-b45c-7f689cd1e4be
https://www.boschrexroth.com/en/at/company/youdecide/,19969529-a390-4a98-a74d-8bd661523395
https://www.boschrexroth.com/en/at/company/sustainability/,8b741f3e-df55-40eb-892a-d537f0ff07e7
https://www.boschrexroth.com/en/at/company/cube-ulm/,None
https://www.boschrexroth.com/en/at/company/digital-transformation/,f4db96a0-505d-495a-b5b5-a6dac4d9bb3b
https://www.boschrexroth.com/fr/ca/produits/,98465ab1-5cc1-4e99-b91a-748d495e4713
https://www.boschrexroth.com/en/at/company/trade-shows-and-events/,08616ca2-3aea-4c1e-bc15-abed73086b80
https://www.boschrexroth.com/fr/ca/produits/solutions-industrielles/technologies-dassemblage/,ddfb8ad9-ca6f-43a6-b209-9000595cd282
https://www.boschrexroth.com/fr/ca/produits/solutions-industrielles/technologies-de-moulage/,488629d3-a5d4-4b3c-aee6-35150a85d9ea
https://www.boschrexroth.com/fr/ca/produits/solutions-industrielles/technique-lineaire/,e10f4578-45db-4ef4-98b7-acf3c7b5fc9d
https://www.boschrexroth.com/fr/ca/produits/solutions-industrielles/hydraulique-industrielle/,1be4e3d7-698c-4345-8f48-5c0c2cad201c
https://www.boschrexroth.com/fr/ca/produits/solutions-industrielles/robotique-mobile/,250845bb-f01e-423a-b08c-baca3363dd46
https://www.boschrexroth.com/fr/ca/produits/solutions-industrielles/hagglunds/,ae0d4661-ad50-4657-822a-71253576c9cf
https://www.boschrexroth.com/fr/ca/produits/solutions-industrielles/kassow-robots/,89e1bccc-c2c2-4b43-8e37-4bbea4f256ab
https://www.boschrexroth.com/fr/ca/produits/solutions-pour-engins-mobiles/,48242c75-3e51-4651-84de-343b8c437371
https://www.boschrexroth.com/fr/ca/produits/solutions-pour-engins-mobiles/hydraulique-mobile/,e989aced-4c70-4391-9220-074ece3609bb
https://www.boschrexroth.com/fr/ca/produits/solutions-pour-engins-mobiles/electronique-mobile-et-telematique/,50f2fd04-b4fd-4e33-a8f5-015f22aa975e
https://www.boschrexroth.com/fr/ca/produits/solutions-industrielles/entrainements-electriques-et-automatisation/,5668ccd8-0533-49bb-b54c-d83d0b875afc
https://www.boschrexroth.com/fr/ca/produits/solutions-pour-engins-mobiles/automatisation-pour-engins-mobiles/,2b652472-ea54-4723-abc6-4f70846f6dcd
https://www.boschrexroth.com/fr/ca/produits/solutions-pour-engins-mobiles/entrainements-electriques-pour-engins-mobiles/,42909484-d194-4cd4-be61-df9abe2a54ee
https://www.boschrexroth.com/fr/ca/produits/solutions-pour-engins-mobiles/compu-spread/,None
https://www.boschrexroth.com/fr/ca/industries/,1aba1cb2-36c8-4ee8-9180-2b284de03bf2
https://www.boschrexroth.com/fr/ca/produits/solutions-industrielles/technologies-de-vissage/,e6982f6e-6b3f-427b-b044-26789b1d9efa
https://www.boschrexroth.com/fr/ca/industries/automobile/,8b7f8b4d-5a3e-46ec-bef7-ef87779c1b95
https://www.boschrexroth.com/fr/ca/industries/agriculture-activites-forestieres-et-travail-du-bois/,c335c830-7aee-489f-986e-55826cc786a3
https://www.boschrexroth.com/fr/ca/produits/solutions-industrielles/soudage-par-resistance/,a4b36c53-e06c-4b7a-a6aa-031dc1eb051e
https://www.boschrexroth.com/fr/ca/industries/production-de-batteries/,a51cddf9-51d9-4191-b8de-2f0cb2a74879
https://www.boschrexroth.com/fr/ca/industries/transformation-chimique/,bf70b606-eef4-46db-bc57-92153454d992
https://www.boschrexroth.com/fr/ca/industries/production-et-distribution-denergie/,9a0bc077-74d6-428d-8481-1ffccb4bb5cc
https://www.boschrexroth.com/fr/ca/industries/construction-et-infrastructure/,4b50d603-e82a-48d6-b032-df3d4ee01dff
https://www.boschrexroth.com/fr/ca/industries/biens-de-consommation/,7027d387-5bd8-477e-9b4e-dc63c8d99ca8
https://www.boschrexroth.com/fr/ca/produits/solutions-industrielles/,074b9c9a-a014-44ef-bbde-1c41b21c6964
https://www.boschrexroth.com/fr/ca/industries/sante/,bf2427cc-883a-4bbd-bcb1-67bd56c97108
https://www.boschrexroth.com/fr/ca/produits/solutions-pour-engins-mobiles/reducteurs/,a50d5418-3037-4232-89bd-f78ed95e8326
https://www.boschrexroth.com/fr/ca/industries/hydrogene/,81ed63cc-1be2-4369-b140-c04fc14e0f46
https://www.boschrexroth.com/fr/ca/industries/logistique-et-transport/,95b936c6-44fc-4527-9e4d-ac469fac69d2
https://www.boschrexroth.com/fr/ca/industries/materiaux-traitement-et-transformation/,ff9d3177-936d-4379-9458-0af0c0801ce9
https://www.boschrexroth.com/fr/ca/industries/industrie-pharmaceutique/,705604f5-ccba-4398-9448-55bc19e2d2ab
https://www.boschrexroth.com/fr/ca/industries/recyclage-et-traitement-des-dechets/,ebc8d045-7d5c-4b11-bbb0-0a1b99ce6fab
https://www.boschrexroth.com/fr/ca/industries/energies-renouvelables/,7d53cef0-f2c2-40c2-840b-4849dce84868
https://www.boschrexroth.com/fr/ca/industries/semi-conducteurs-et-electronique/,a0945e9a-4bc5-4f26-995f-2baa9803b243
https://www.boschrexroth.com/fr/ca/services-et-assistance/,9281402d-5292-4fc7-9fc3-12057bac3fc8
https://www.boschrexroth.com/fr/ca/industries/bancs-de-test/,a31f93f3-0282-4ebf-9732-3994111ecea0
https://www.boschrexroth.com/fr/ca/services-et-assistance/service/,d639e7ad-4734-4e58-8fbd-2a7517ca87f6
https://www.boschrexroth.com/fr/ca/services-et-assistance/service/pieces-de-rechange/,7a622719-6488-4d14-a30a-63a615bbe28b
https://www.boschrexroth.com/fr/ca/services-et-assistance/service/reparation/,87cd324c-7984-4c8d-80e5-d24f02a821cb
https://www.boschrexroth.com/fr/ca/services-et-assistance/service/modernisation/,7a4343a4-490e-404d-ab2d-31710552d7be
https://www.boschrexroth.com/fr/ca/services-et-assistance/service/interventions-sur-site/,18d0226b-4a2c-43bd-ba77-313291b3a927
https://www.boschrexroth.com/fr/ca/services-et-assistance/service/nos-solutions-digitales/,5e6fda8b-a855-4e59-99a1-bbb188e00ced
https://www.boschrexroth.com/fr/ca/services-et-assistance/outils-et-econfigurateurs/,7ff4a06a-ab8d-495c-adda-a516c9eaeb03
https://www.boschrexroth.com/fr/ca/services-et-assistance/outils-et-econfigurateurs/simster/,fa26b07a-c5a8-48de-b732-4a2c59fe7fe4
https://www.boschrexroth.com/fr/ca/services-et-assistance/service/digital-service-assisant/,18528607-f5f1-48bc-950b-09a3ad627950
https://www.boschrexroth.com/fr/ca/services-et-assistance/fluides-hydrauliques/,f980f332-69c7-4a79-a187-04610a8c51e6
https://www.boschrexroth.com/fr/ca/services-et-assistance/acheter/certified-excellence/,6d75de1d-0193-4309-9ea1-d3fccad7ffed
https://www.boschrexroth.com/fr/ca/services-et-assistance/ingenierie-virtuelle/,df0dcbc5-130d-4626-9c21-129033fc3b06
https://www.boschrexroth.com/fr/ca/services-et-assistance/outils-et-econfigurateurs/scheme-editor/,f7fd9c9f-9941-4abc-9b65-a9344cc0daa5
https://www.boschrexroth.com/fr/ca/services-et-assistance/outils-et-econfigurateurs/interactive-fluid-office-ifo/,ddf691a7-fba7-44e8-8e9f-064248765156
https://www.boschrexroth.com/fr/ca/services-et-assistance/acheter/rexroth-store/,34ee1645-140f-4239-8237-7e8524cb6d53
https://www.boschrexroth.com/fr/ca/services-et-assistance/acheter/,f446739c-3030-47a2-9230-101739e5faa7
https://www.boschrexroth.com/fr/ca/ressources/fiches-techniques/,a4105050-ff0d-41a6-8f41-9f2b906fe807
https://www.boschrexroth.com/fr/ca/ressources/fichiers-cao/,53a783c2-b3a9-4006-8e85-16034f294d8e
https://www.boschrexroth.com/fr/ca/ressources/manuels/,03b80760-de36-47de-bea8-9101c2fbd131
https://www.boschrexroth.com/fr/ca/ressources/logiciels/,3f9ab84d-8e1a-4bbd-bd33-0bccaecf0233
https://www.boschrexroth.com/fr/ca/ressources/fiches-produit/,8f941842-4974-4ded-8c24-04fa5bda82aa
https://www.boschrexroth.com/fr/ca/academy/,194cadee-0e16-498d-8e97-b165dc63d207
https://www.boschrexroth.com/fr/ca/academy/training-systems/,9c907e3c-e44c-4482-ab15-c65cab2d9075
https://www.boschrexroth.com/fr/ca/academy/training/,af2447dd-f5fc-4b5b-9346-b90f48f30c6f
https://www.boschrexroth.com/fr/ca/emplois-et-carrieres/,e481217a-916b-4550-8f85-0af7fc603a6a
https://www.boschrexroth.com/fr/ca/emplois-et-carrieres/opportunites-professionnelles/,adfe8f50-db65-409e-9fa8-2d47380e338e
https://www.boschrexroth.com/fr/ca/emplois-et-carrieres/pourquoi-travailler-avec-nous/,3bf145eb-d435-4f16-9311-645d6dd300ec
https://www.boschrexroth.com/fr/ca/academy/media/,00decaf7-d55d-4080-90e2-3271a4e2eb68
https://www.boschrexroth.com/fr/ca/emplois-et-carrieres/faq/,8b134238-2e42-490a-8753-e5ff1c891623
https://www.boschrexroth.com/fr/ca/entreprise/,17dfa2d0-8507-4502-974f-a6b96af190c9
https://www.boschrexroth.com/fr/ca/entreprise/quelques-chiffres/,4c8b434b-0c85-49f8-92a7-da6f08006586
https://www.boschrexroth.com/fr/ca/entreprise/conseil-dadministration/,a965a595-29fa-4c5f-967e-73feae60b79d
https://www.boschrexroth.com/fr/ca/entreprise/notre-histoire/,d30a06d0-8ee7-4195-b45c-7f689cd1e4be
https://www.boschrexroth.com/fr/ca/entreprise/avenir-durable/,8b741f3e-df55-40eb-892a-d537f0ff07e7
https://www.boschrexroth.com/fr/ca/entreprise/transformation-digitale/,f4db96a0-505d-495a-b5b5-a6dac4d9bb3b
https://www.boschrexroth.com/fr/ca/ressources/,df195e25-1ff1-4730-ab20-044b94a5f067
https://www.boschrexroth.com/fr/ca/entreprise/youdecide/,19969529-a390-4a98-a74d-8bd661523395
https://www.boschrexroth.com/fr/ca/entreprise/blog/,None
https://www.boschrexroth.com/fr/ca/imprint/,c0bc392c-599e-450a-9cda-b20df284d9ee
https://www.boschrexroth.com/en/au/products/,98465ab1-5cc1-4e99-b91a-748d495e4713
https://www.boschrexroth.com/fr/ca/entreprise/foires-commerciales-et-evenements/,08616ca2-3aea-4c1e-bc15-abed73086b80
https://www.boschrexroth.com/en/au/products/industrial-solutions/assembly-technology/,ddfb8ad9-ca6f-43a6-b209-9000595cd282
https://www.boschrexroth.com/en/au/products/industrial-solutions/,074b9c9a-a014-44ef-bbde-1c41b21c6964
https://www.boschrexroth.com/en/au/products/industrial-solutions/hagglunds/,ae0d4661-ad50-4657-822a-71253576c9cf
https://www.boschrexroth.com/en/au/products/industrial-solutions/kassow-robots/,89e1bccc-c2c2-4b43-8e37-4bbea4f256ab
https://www.boschrexroth.com/en/au/products/industrial-solutions/industrial-hydraulics/,1be4e3d7-698c-4345-8f48-5c0c2cad201c
https://www.boschrexroth.com/en/au/products/industrial-solutions/mobile-robotics/,250845bb-f01e-423a-b08c-baca3363dd46
https://www.boschrexroth.com/en/au/products/industrial-solutions/linear-motion-technology/,e10f4578-45db-4ef4-98b7-acf3c7b5fc9d
https://www.boschrexroth.com/en/au/products/industrial-solutions/moulding-and-casting-technologies/,488629d3-a5d4-4b3c-aee6-35150a85d9ea
https://www.boschrexroth.com/en/au/products/solutions-for-mobile-machines/,48242c75-3e51-4651-84de-343b8c437371
https://www.boschrexroth.com/en/au/products/solutions-for-mobile-machines/mobile-hydraulics/,e989aced-4c70-4391-9220-074ece3609bb
https://www.boschrexroth.com/en/au/products/solutions-for-mobile-machines/mobile-automation/,2b652472-ea54-4723-abc6-4f70846f6dcd
https://www.boschrexroth.com/en/au/products/solutions-for-mobile-machines/mobile-electronics-and-telematics/,50f2fd04-b4fd-4e33-a8f5-015f22aa975e
https://www.boschrexroth.com/en/au/industries/,1aba1cb2-36c8-4ee8-9180-2b284de03bf2
https://www.boschrexroth.com/en/au/products/solutions-for-mobile-machines/mobile-electric-drives/,42909484-d194-4cd4-be61-df9abe2a54ee
https://www.boschrexroth.com/en/au/industries/battery-production/,a51cddf9-51d9-4191-b8de-2f0cb2a74879
https://www.boschrexroth.com/en/au/industries/agriculture-and-forestry/,c335c830-7aee-489f-986e-55826cc786a3
https://www.boschrexroth.com/en/au/industries/automotive/,8b7f8b4d-5a3e-46ec-bef7-ef87779c1b95
https://www.boschrexroth.com/en/au/products/industrial-solutions/electric-drives-and-controls/,5668ccd8-0533-49bb-b54c-d83d0b875afc
https://www.boschrexroth.com/en/au/industries/chemical-processing/,bf70b606-eef4-46db-bc57-92153454d992
https://www.boschrexroth.com/en/au/industries/construction-and-infrastructure/,4b50d603-e82a-48d6-b032-df3d4ee01dff
https://www.boschrexroth.com/en/au/industries/energy-and-utilities/,9a0bc077-74d6-428d-8481-1ffccb4bb5cc
https://www.boschrexroth.com/en/au/industries/consumer-goods/,7027d387-5bd8-477e-9b4e-dc63c8d99ca8
https://www.boschrexroth.com/en/au/products/industrial-solutions/resistance-welding/,a4b36c53-e06c-4b7a-a6aa-031dc1eb051e
https://www.boschrexroth.com/en/au/products/industrial-solutions/tightening-technology/,e6982f6e-6b3f-427b-b044-26789b1d9efa
https://www.boschrexroth.com/en/au/industries/hydrogen/,81ed63cc-1be2-4369-b140-c04fc14e0f46
https://www.boschrexroth.com/en/au/industries/healthcare/,bf2427cc-883a-4bbd-bcb1-67bd56c97108
https://www.boschrexroth.com/en/au/industries/materials-and-resources/,ff9d3177-936d-4379-9458-0af0c0801ce9
https://www.boschrexroth.com/en/au/industries/logistics-and-transport/,95b936c6-44fc-4527-9e4d-ac469fac69d2
https://www.boschrexroth.com/en/au/products/solutions-for-mobile-machines/gearboxes/,a50d5418-3037-4232-89bd-f78ed95e8326
https://www.boschrexroth.com/en/au/industries/pharmaceutics/,705604f5-ccba-4398-9448-55bc19e2d2ab
https://www.boschrexroth.com/en/au/industries/recycling-and-waste-handling/,ebc8d045-7d5c-4b11-bbb0-0a1b99ce6fab
https://www.boschrexroth.com/en/au/industries/renewable-energies/,7d53cef0-f2c2-40c2-840b-4849dce84868
https://www.boschrexroth.com/en/au/industries/semiconductors-and-electronics/,a0945e9a-4bc5-4f26-995f-2baa9803b243
https://www.boschrexroth.com/en/au/industries/testing-technology/,a31f93f3-0282-4ebf-9732-3994111ecea0
https://www.boschrexroth.com/en/au/service-and-support/,9281402d-5292-4fc7-9fc3-12057bac3fc8
https://www.boschrexroth.com/en/au/service-and-support/service/,d639e7ad-4734-4e58-8fbd-2a7517ca87f6
https://www.boschrexroth.com/en/au/service-and-support/service/modernization/,7a4343a4-490e-404d-ab2d-31710552d7be
https://www.boschrexroth.com/en/au/service-and-support/service/digital-portfolio/,5e6fda8b-a855-4e59-99a1-bbb188e00ced
https://www.boschrexroth.com/en/au/service-and-support/service/repairs/,87cd324c-7984-4c8d-80e5-d24f02a821cb
https://www.boschrexroth.com/en/au/service-and-support/service/spare-parts/,7a622719-6488-4d14-a30a-63a615bbe28b
https://www.boschrexroth.com/en/au/service-and-support/service/field-service/,18d0226b-4a2c-43bd-ba77-313291b3a927
https://www.boschrexroth.com/en/au/service-and-support/service/digital-service-assistant/,18528607-f5f1-48bc-950b-09a3ad627950
https://www.boschrexroth.com/en/au/service-and-support/econfigurators-and-tools/,7ff4a06a-ab8d-495c-adda-a516c9eaeb03
https://www.boschrexroth.com/en/au/service-and-support/econfigurators-and-tools/scheme-editor/,f7fd9c9f-9941-4abc-9b65-a9344cc0daa5
https://www.boschrexroth.com/en/au/service-and-support/econfigurators-and-tools/simster/,fa26b07a-c5a8-48de-b732-4a2c59fe7fe4
https://www.boschrexroth.com/en/au/service-and-support/econfigurators-and-tools/interactive-fluid-office-ifo/,ddf691a7-fba7-44e8-8e9f-064248765156
https://www.boschrexroth.com/en/au/service-and-support/buy/,f446739c-3030-47a2-9230-101739e5faa7
https://www.boschrexroth.com/en/au/service-and-support/virtual-engineering/,df0dcbc5-130d-4626-9c21-129033fc3b06
https://www.boschrexroth.com/en/au/service-and-support/hydraulic-fluids/,f980f332-69c7-4a79-a187-04610a8c51e6
https://www.boschrexroth.com/en/au/downloads/data-sheets/,a4105050-ff0d-41a6-8f41-9f2b906fe807
https://www.boschrexroth.com/en/au/service-and-support/buy/certified-excellence/,6d75de1d-0193-4309-9ea1-d3fccad7ffed
https://www.boschrexroth.com/en/au/downloads/fact-sheets/,8f941842-4974-4ded-8c24-04fa5bda82aa
https://www.boschrexroth.com/en/au/downloads/cad-files/,53a783c2-b3a9-4006-8e85-16034f294d8e
https://www.boschrexroth.com/en/au/downloads/manuals/,03b80760-de36-47de-bea8-9101c2fbd131
https://www.boschrexroth.com/en/au/downloads/software/,3f9ab84d-8e1a-4bbd-bd33-0bccaecf0233
https://www.boschrexroth.com/en/au/academy/,194cadee-0e16-498d-8e97-b165dc63d207
https://www.boschrexroth.com/en/au/academy/training/,af2447dd-f5fc-4b5b-9346-b90f48f30c6f
https://www.boschrexroth.com/en/au/academy/training-systems/,9c907e3c-e44c-4482-ab15-c65cab2d9075
https://www.boschrexroth.com/en/au/jobs-and-career/,e481217a-916b-4550-8f85-0af7fc603a6a
https://www.boschrexroth.com/en/au/academy/media/,00decaf7-d55d-4080-90e2-3271a4e2eb68
https://www.boschrexroth.com/en/au/jobs-and-career/job-opportunities/,adfe8f50-db65-409e-9fa8-2d47380e338e
https://www.boschrexroth.com/en/au/jobs-and-career/faq/,8b134238-2e42-490a-8753-e5ff1c891623
https://www.boschrexroth.com/en/au/jobs-and-career/why-work-with-us/,3bf145eb-d435-4f16-9311-645d6dd300ec
https://www.boschrexroth.com/en/au/company/,17dfa2d0-8507-4502-974f-a6b96af190c9
https://www.boschrexroth.com/en/au/company/blog/,None
https://www.boschrexroth.com/en/au/company/figures/,4c8b434b-0c85-49f8-92a7-da6f08006586
https://www.boschrexroth.com/en/au/company/our-history/,d30a06d0-8ee7-4195-b45c-7f689cd1e4be
https://www.boschrexroth.com/en/au/company/executive-board/,a965a595-29fa-4c5f-967e-73feae60b79d
https://www.boschrexroth.com/en/au/downloads/,df195e25-1ff1-4730-ab20-044b94a5f067
https://www.boschrexroth.com/en/au/company/digital-transformation/,f4db96a0-505d-495a-b5b5-a6dac4d9bb3b
https://www.boschrexroth.com/en/au/company/sustainability/,8b741f3e-df55-40eb-892a-d537f0ff07e7
https://www.boschrexroth.com/de/at/produkte/,98465ab1-5cc1-4e99-b91a-748d495e4713
https://www.boschrexroth.com/en/au/company/youdecide/,19969529-a390-4a98-a74d-8bd661523395
https://www.boschrexroth.com/de/at/produkte/industrielle-loesungen/,074b9c9a-a014-44ef-bbde-1c41b21c6964
https://www.boschrexroth.com/de/at/produkte/industrielle-loesungen/hagglunds/,ae0d4661-ad50-4657-822a-71253576c9cf
https://www.boschrexroth.com/de/at/produkte/industrielle-loesungen/kassow-robots/,89e1bccc-c2c2-4b43-8e37-4bbea4f256ab
https://www.boschrexroth.com/de/at/produkte/industrielle-loesungen/form-und-giesstechnik/,488629d3-a5d4-4b3c-aee6-35150a85d9ea
https://www.boschrexroth.com/en/au/company/trade-shows-and-events/,08616ca2-3aea-4c1e-bc15-abed73086b80
https://www.boschrexroth.com/de/at/produkte/industrielle-loesungen/industriehydraulik/,1be4e3d7-698c-4345-8f48-5c0c2cad201c
https://www.boschrexroth.com/de/at/produkte/industrielle-loesungen/lineartechnik/,e10f4578-45db-4ef4-98b7-acf3c7b5fc9d
https://www.boschrexroth.com/de/at/produkte/industrielle-loesungen/mobile-robotik/,250845bb-f01e-423a-b08c-baca3363dd46
https://www.boschrexroth.com/de/at/produkte/industrielle-loesungen/montagetechnik/,ddfb8ad9-ca6f-43a6-b209-9000595cd282
https://www.boschrexroth.com/de/at/produkte/loesungen-fuer-mobile-maschinen/elektrische-antriebe-fuer-mobile-maschinen/,42909484-d194-4cd4-be61-df9abe2a54ee
https://www.boschrexroth.com/de/at/produkte/loesungen-fuer-mobile-maschinen/automatisierung-fuer-mobile-maschinen/,2b652472-ea54-4723-abc6-4f70846f6dcd
https://www.boschrexroth.com/de/at/produkte/loesungen-fuer-mobile-maschinen/,48242c75-3e51-4651-84de-343b8c437371
https://www.boschrexroth.com/de/at/produkte/loesungen-fuer-mobile-maschinen/mobilelektronik-und-telematik/,50f2fd04-b4fd-4e33-a8f5-015f22aa975e
https://www.boschrexroth.com/de/at/produkte/loesungen-fuer-mobile-maschinen/mobile-solutions-service/,c9d3a00d-b6dd-4cd1-93aa-cd749ea041c3
https://www.boschrexroth.com/de/at/produkte/loesungen-fuer-mobile-maschinen/mobilhydraulik/,e989aced-4c70-4391-9220-074ece3609bb
https://www.boschrexroth.com/de/at/produkte/industrielle-loesungen/elektrische-antriebe-und-steuerungen/,5668ccd8-0533-49bb-b54c-d83d0b875afc
https://www.boschrexroth.com/de/at/produkte/loesungen-fuer-mobile-maschinen/training/,96ca07b5-c677-498f-ba87-02ad848ff9c4
https://www.boschrexroth.com/de/at/branchen/automotive/,8b7f8b4d-5a3e-46ec-bef7-ef87779c1b95
https://www.boschrexroth.com/de/at/branchen/,1aba1cb2-36c8-4ee8-9180-2b284de03bf2
https://www.boschrexroth.com/de/at/branchen/batteriefertigung/,a51cddf9-51d9-4191-b8de-2f0cb2a74879
https://www.boschrexroth.com/de/at/branchen/bauwesen-und-infrastruktur/,4b50d603-e82a-48d6-b032-df3d4ee01dff
https://www.boschrexroth.com/de/at/branchen/energie-und-versorgungswirtschaft/,9a0bc077-74d6-428d-8481-1ffccb4bb5cc
https://www.boschrexroth.com/de/at/branchen/chemische-verarbeitung/,bf70b606-eef4-46db-bc57-92153454d992
https://www.boschrexroth.com/de/at/branchen/erneuerbare-energien/,7d53cef0-f2c2-40c2-840b-4849dce84868
https://www.boschrexroth.com/de/at/produkte/industrielle-loesungen/widerstandsschweissen/,a4b36c53-e06c-4b7a-a6aa-031dc1eb051e
https://www.boschrexroth.com/de/at/branchen/gesundheitswesen/,bf2427cc-883a-4bbd-bcb1-67bd56c97108
https://www.boschrexroth.com/de/at/produkte/industrielle-loesungen/schraubtechnik/,e6982f6e-6b3f-427b-b044-26789b1d9efa
https://www.boschrexroth.com/de/at/produkte/loesungen-fuer-mobile-maschinen/getriebe/,a50d5418-3037-4232-89bd-f78ed95e8326
https://www.boschrexroth.com/de/at/branchen/halbleiter-und-elektronik/,a0945e9a-4bc5-4f26-995f-2baa9803b243
https://www.boschrexroth.com/de/at/branchen/logistik-und-transport/,95b936c6-44fc-4527-9e4d-ac469fac69d2
https://www.boschrexroth.com/de/at/branchen/land-und-forstwirtschaft/,c335c830-7aee-489f-986e-55826cc786a3
https://www.boschrexroth.com/de/at/branchen/konsumgueter/,7027d387-5bd8-477e-9b4e-dc63c8d99ca8
https://www.boschrexroth.com/de/at/branchen/pharmazie/,705604f5-ccba-4398-9448-55bc19e2d2ab
https://www.boschrexroth.com/de/at/branchen/pruefstandstechnik/,a31f93f3-0282-4ebf-9732-3994111ecea0
https://www.boschrexroth.com/de/at/branchen/wasserstoff/,81ed63cc-1be2-4369-b140-c04fc14e0f46
https://www.boschrexroth.com/de/at/branchen/rohstoffversorgung/,ff9d3177-936d-4379-9458-0af0c0801ce9
https://www.boschrexroth.com/de/at/branchen/recycling-und-abfallbehandlung/,ebc8d045-7d5c-4b11-bbb0-0a1b99ce6fab
https://www.boschrexroth.com/de/at/service-und-support/service/,d639e7ad-4734-4e58-8fbd-2a7517ca87f6
https://www.boschrexroth.com/de/at/service-und-support/,9281402d-5292-4fc7-9fc3-12057bac3fc8
https://www.boschrexroth.com/de/at/service-und-support/service/ersatzteile/,7a622719-6488-4d14-a30a-63a615bbe28b
https://www.boschrexroth.com/de/at/service-und-support/service/field-service/,18d0226b-4a2c-43bd-ba77-313291b3a927
https://www.boschrexroth.com/de/at/service-und-support/service/reparaturen/,87cd324c-7984-4c8d-80e5-d24f02a821cb
https://www.boschrexroth.com/de/at/service-und-support/service/digitales-portfolio/,5e6fda8b-a855-4e59-99a1-bbb188e00ced
https://www.boschrexroth.com/de/at/service-und-support/service/modernisierung/,7a4343a4-490e-404d-ab2d-31710552d7be
https://www.boschrexroth.com/de/at/service-und-support/konfiguratoren-und-tools/simster/,fa26b07a-c5a8-48de-b732-4a2c59fe7fe4
https://www.boschrexroth.com/de/at/service-und-support/konfiguratoren-und-tools/scheme-editor/,f7fd9c9f-9941-4abc-9b65-a9344cc0daa5
https://www.boschrexroth.com/de/at/service-und-support/konfiguratoren-und-tools/,7ff4a06a-ab8d-495c-adda-a516c9eaeb03
https://www.boschrexroth.com/de/at/service-und-support/service/digital-service-assistant/,18528607-f5f1-48bc-950b-09a3ad627950
https://www.boschrexroth.com/de/at/service-und-support/konfiguratoren-und-tools/interactive-fluid-office-ifo/,ddf691a7-fba7-44e8-8e9f-064248765156
https://www.boschrexroth.com/de/at/service-und-support/virtual-engineering/,df0dcbc5-130d-4626-9c21-129033fc3b06
https://www.boschrexroth.com/de/at/service-und-support/digitaler-produktzwilling/,dcfbe822-15c5-48d6-9b48-e03b999ab945
https://www.boschrexroth.com/de/at/service-und-support/hydraulikfluessigkeiten/,f980f332-69c7-4a79-a187-04610a8c51e6
https://www.boschrexroth.com/de/at/service-und-support/so-kaufen-sie/,f446739c-3030-47a2-9230-101739e5faa7
https://www.boschrexroth.com/de/at/service-und-support/so-kaufen-sie/certified-excellence-partnerprogramm/,6d75de1d-0193-4309-9ea1-d3fccad7ffed
https://www.boschrexroth.com/de/at/service-und-support/so-kaufen-sie/edi-electronic-data-interchange/,None
https://www.boschrexroth.com/de/at/service-und-support/so-kaufen-sie/oci-open-catalog-interface/,None
https://www.boschrexroth.com/de/at/downloads/cad-dateien/,53a783c2-b3a9-4006-8e85-16034f294d8e
https://www.boschrexroth.com/de/at/service-und-support/so-kaufen-sie/direktvertrieb/,None
https://www.boschrexroth.com/de/at/service-und-support/so-kaufen-sie/rexroth-store/,34ee1645-140f-4239-8237-7e8524cb6d53
https://www.boschrexroth.com/de/at/downloads/datenblaetter/,a4105050-ff0d-41a6-8f41-9f2b906fe807
https://www.boschrexroth.com/de/at/downloads/fact-sheets/,8f941842-4974-4ded-8c24-04fa5bda82aa
https://www.boschrexroth.com/de/at/downloads/software/,3f9ab84d-8e1a-4bbd-bd33-0bccaecf0233
https://www.boschrexroth.com/de/at/downloads/anleitungen/,03b80760-de36-47de-bea8-9101c2fbd131
https://www.boschrexroth.com/de/at/academy/,194cadee-0e16-498d-8e97-b165dc63d207
https://www.boschrexroth.com/de/at/academy/kontakt/,ef6eb2b8-c841-43ed-b876-a5c4ad07b9a4
https://www.boschrexroth.com/de/at/jobs-und-karriere/,e481217a-916b-4550-8f85-0af7fc603a6a
https://www.boschrexroth.com/de/at/academy/training/,af2447dd-f5fc-4b5b-9346-b90f48f30c6f
https://www.boschrexroth.com/de/at/academy/training-systems/,9c907e3c-e44c-4482-ab15-c65cab2d9075
https://www.boschrexroth.com/de/at/jobs-und-karriere/was-uns-ausmacht/,3bf145eb-d435-4f16-9311-645d6dd300ec
https://www.boschrexroth.com/de/at/academy/medien/,00decaf7-d55d-4080-90e2-3271a4e2eb68
https://www.boschrexroth.com/de/at/jobs-und-karriere/einstiegsmoeglichkeiten/,adfe8f50-db65-409e-9fa8-2d47380e338e
https://www.boschrexroth.com/de/at/jobs-und-karriere/faq/,8b134238-2e42-490a-8753-e5ff1c891623
https://www.boschrexroth.com/de/at/unternehmen/,17dfa2d0-8507-4502-974f-a6b96af190c9
https://www.boschrexroth.com/de/at/unternehmen/vorstand/,a965a595-29fa-4c5f-967e-73feae60b79d
https://www.boschrexroth.com/de/at/unternehmen/zahlen/,4c8b434b-0c85-49f8-92a7-da6f08006586
https://www.boschrexroth.com/de/at/downloads/,df195e25-1ff1-4730-ab20-044b94a5f067
https://www.boschrexroth.com/de/at/unternehmen/referenzen/,None
https://www.boschrexroth.com/de/at/unternehmen/youdecide/,19969529-a390-4a98-a74d-8bd661523395
https://www.boschrexroth.com/de/at/unternehmen/unsere-geschichte/,d30a06d0-8ee7-4195-b45c-7f689cd1e4be
https://www.boschrexroth.com/de/at/unternehmen/digitale-transformation/,f4db96a0-505d-495a-b5b5-a6dac4d9bb3b
https://www.boschrexroth.com/de/at/unternehmen/nachhaltigkeit/,8b741f3e-df55-40eb-892a-d537f0ff07e7
https://www.boschrexroth.com/de/at/unternehmen/messen-und-events/,08616ca2-3aea-4c1e-bc15-abed73086b80
https://www.boschrexroth.com/de/at/unternehmen/cube-ulm/,None
https://www.boschrexroth.com/de/at/unternehmen/standort-oesterreich/,None
https://www.boschrexroth.com/es/co/productos/,98465ab1-5cc1-4e99-b91a-748d495e4713
https://www.boschrexroth.com/es/co/productos/grupo-de-productos/,074b9c9a-a014-44ef-bbde-1c41b21c6964
https://www.boschrexroth.com/es/co/productos/grupo-de-productos/tecnologia-de-montaje/,ddfb8ad9-ca6f-43a6-b209-9000595cd282
https://www.boschrexroth.com/es/co/productos/grupo-de-productos/hidraulica-industrial/,1be4e3d7-698c-4345-8f48-5c0c2cad201c
https://www.boschrexroth.com/es/co/productos/grupo-de-productos/hidraulica-y-electronica-movil/,48242c75-3e51-4651-84de-343b8c437371
https://www.boschrexroth.com/es/co/productos/grupo-de-productos/tecnologia-de-movimiento-lineal/,e10f4578-45db-4ef4-98b7-acf3c7b5fc9d
https://www.boschrexroth.com/es/co/productos/grupo-de-productos/tecnologias-de-moldeo-y-fundicion/,488629d3-a5d4-4b3c-aee6-35150a85d9ea
https://www.boschrexroth.com/es/co/productos/grupo-de-productos/robotica-movil/,250845bb-f01e-423a-b08c-baca3363dd46
https://www.boschrexroth.com/es/co/productos/grupo-de-productos/hagglunds/,ae0d4661-ad50-4657-822a-71253576c9cf
https://www.boschrexroth.com/es/co/productos/ingenieria/,b93c0c9c-d94e-4e93-b2af-419c0c64e778
https://www.boschrexroth.com/es/co/productos/grupo-de-productos/kassow-robots/,89e1bccc-c2c2-4b43-8e37-4bbea4f256ab
https://www.boschrexroth.com/es/co/productos/econfigurators-y-herramientas-online/,7ff4a06a-ab8d-495c-adda-a516c9eaeb03
https://www.boschrexroth.com/es/co/productos/ingenieria/fluidos-hidraulicos/,f980f332-69c7-4a79-a187-04610a8c51e6
https://www.boschrexroth.com/es/co/productos/econfigurators-y-herramientas-online/simster/,fa26b07a-c5a8-48de-b732-4a2c59fe7fe4
https://www.boschrexroth.com/es/co/productos/ingenieria/ingenieria-virtual/,df0dcbc5-130d-4626-9c21-129033fc3b06
https://www.boschrexroth.com/es/co/productos/grupo-de-productos/tecnologia-de-engranajes/,a50d5418-3037-4232-89bd-f78ed95e8326
https://www.boschrexroth.com/es/co/productos/grupo-de-productos/controles-y-accionamientos-electricos/,5668ccd8-0533-49bb-b54c-d83d0b875afc
https://www.boschrexroth.com/es/co/industrias/,1aba1cb2-36c8-4ee8-9180-2b284de03bf2
https://www.boschrexroth.com/es/co/productos/econfigurators-y-herramientas-online/interactive-fluid-office-ifo/,ddf691a7-fba7-44e8-8e9f-064248765156
https://www.boschrexroth.com/es/co/productos/econfigurators-y-herramientas-online/editor-de-esquemas/,f7fd9c9f-9941-4abc-9b65-a9344cc0daa5
https://www.boschrexroth.com/es/co/industrias/agricultura-y-forestal/,c335c830-7aee-489f-986e-55826cc786a3
https://www.boschrexroth.com/es/co/productos/grupo-de-productos/tecnologia-de-atornillado/,e6982f6e-6b3f-427b-b044-26789b1d9efa
https://www.boschrexroth.com/es/co/productos/grupo-de-productos/soldadura-por-resistencia/,a4b36c53-e06c-4b7a-a6aa-031dc1eb051e
https://www.boschrexroth.com/es/co/industrias/industria-quimica/,bf70b606-eef4-46db-bc57-92153454d992
https://www.boschrexroth.com/es/co/industrias/construccion-e-infraestructura/,4b50d603-e82a-48d6-b032-df3d4ee01dff
https://www.boschrexroth.com/es/co/industrias/industria-de-la-automocion/,8b7f8b4d-5a3e-46ec-bef7-ef87779c1b95
https://www.boschrexroth.com/es/co/industrias/produccion-de-baterias/,a51cddf9-51d9-4191-b8de-2f0cb2a74879
https://www.boschrexroth.com/es/co/industrias/energia-y-servicios/,9a0bc077-74d6-428d-8481-1ffccb4bb5cc
https://www.boschrexroth.com/es/co/industrias/bienes-de-consumo/,7027d387-5bd8-477e-9b4e-dc63c8d99ca8
https://www.boschrexroth.com/es/co/industrias/cuidado-de-la-salud/,bf2427cc-883a-4bbd-bcb1-67bd56c97108
https://www.boschrexroth.com/es/co/industrias/hidrogeno/,81ed63cc-1be2-4369-b140-c04fc14e0f46
https://www.boschrexroth.com/es/co/industrias/logistica-y-transporte/,95b936c6-44fc-4527-9e4d-ac469fac69d2
https://www.boschrexroth.com/es/co/industrias/industria-farmaceutica/,705604f5-ccba-4398-9448-55bc19e2d2ab
https://www.boschrexroth.com/es/co/industrias/materiales-y-recursos/,ff9d3177-936d-4379-9458-0af0c0801ce9
https://www.boschrexroth.com/es/co/industrias/energias-renovables/,7d53cef0-f2c2-40c2-840b-4849dce84868
https://www.boschrexroth.com/es/co/industrias/reciclaje-y-manejo-de-residuos/,ebc8d045-7d5c-4b11-bbb0-0a1b99ce6fab
https://www.boschrexroth.com/es/co/industrias/tecnologia-de-pruebas/,a31f93f3-0282-4ebf-9732-3994111ecea0
https://www.boschrexroth.com/es/co/servicio/,d639e7ad-4734-4e58-8fbd-2a7517ca87f6
https://www.boschrexroth.com/es/co/industrias/semiconductores-y-electronica/,a0945e9a-4bc5-4f26-995f-2baa9803b243
https://www.boschrexroth.com/es/co/servicio/piezas-de-recambio/,7a622719-6488-4d14-a30a-63a615bbe28b
https://www.boschrexroth.com/es/co/servicio/reparaciones/,87cd324c-7984-4c8d-80e5-d24f02a821cb
https://www.boschrexroth.com/es/co/servicio/retrofitting/,7a4343a4-490e-404d-ab2d-31710552d7be
https://www.boschrexroth.com/es/co/servicio/cartera-digital/,5e6fda8b-a855-4e59-99a1-bbb188e00ced
https://www.boschrexroth.com/es/co/servicio/servicio-de-campo/,18d0226b-4a2c-43bd-ba77-313291b3a927
https://www.boschrexroth.com/es/co/descargas/archivos-cad/,53a783c2-b3a9-4006-8e85-16034f294d8e
https://www.boschrexroth.com/es/co/descargas/fichas-tecnicas/,a4105050-ff0d-41a6-8f41-9f2b906fe807
https://www.boschrexroth.com/es/co/servicio/asistente-de-servicio-digital/,18528607-f5f1-48bc-950b-09a3ad627950
https://www.boschrexroth.com/es/co/descargas/manuales/,03b80760-de36-47de-bea8-9101c2fbd131
https://www.boschrexroth.com/es/co/descargas/software/,3f9ab84d-8e1a-4bbd-bd33-0bccaecf0233
https://www.boschrexroth.com/es/co/academia/training/,af2447dd-f5fc-4b5b-9346-b90f48f30c6f
https://www.boschrexroth.com/es/co/academia/,194cadee-0e16-498d-8e97-b165dc63d207
https://www.boschrexroth.com/es/co/academia/training-systems/,9c907e3c-e44c-4482-ab15-c65cab2d9075
https://www.boschrexroth.com/es/co/academia/media/,00decaf7-d55d-4080-90e2-3271a4e2eb68
https://www.boschrexroth.com/es/co/comprar/,f446739c-3030-47a2-9230-101739e5faa7
https://www.boschrexroth.com/es/co/comprar/certified-excellence/,6d75de1d-0193-4309-9ea1-d3fccad7ffed
https://www.boschrexroth.com/es/co/empleos/,e481217a-916b-4550-8f85-0af7fc603a6a
https://www.boschrexroth.com/es/co/empleos/oportunidades-de-trabajo/,adfe8f50-db65-409e-9fa8-2d47380e338e
https://www.boschrexroth.com/es/co/empleos/preguntas-frecuentes/,8b134238-2e42-490a-8753-e5ff1c891623
https://www.boschrexroth.com/es/co/compania/,17dfa2d0-8507-4502-974f-a6b96af190c9
https://www.boschrexroth.com/es/co/empleos/por-que-trabajar-con-nosotros/,3bf145eb-d435-4f16-9311-645d6dd300ec
https://www.boschrexroth.com/es/co/comprar/certified-excellence/aplicar-como-ce-partner/,00f9f5ff-0eeb-4823-a3ca-e503b263b51e
https://www.boschrexroth.com/es/co/compania/we-move-you-win/,17647e34-8348-4228-ae45-fccdd323133d
https://www.boschrexroth.com/es/co/compania/nuestra-historia/,d30a06d0-8ee7-4195-b45c-7f689cd1e4be
https://www.boschrexroth.com/es/co/compania/comite-ejecutivo/,a965a595-29fa-4c5f-967e-73feae60b79d
https://www.boschrexroth.com/es/co/compania/cifras/,4c8b434b-0c85-49f8-92a7-da6f08006586
https://www.boschrexroth.com/es/co/compania/youdecide/,19969529-a390-4a98-a74d-8bd661523395
https://www.boschrexroth.com/es/co/descargas/,df195e25-1ff1-4730-ab20-044b94a5f067
https://www.boschrexroth.com/es/co/compania/adquisiciones/kassow-robots/,bef23a8d-f98e-43b5-9231-790f90780e19
https://www.boschrexroth.com/es/co/compania/ferias-y-eventos/,08616ca2-3aea-4c1e-bc15-abed73086b80
https://www.boschrexroth.com/es/co/compania/blog/,None
https://www.boschrexroth.com/es/co/compania/transformacion-digital/,f4db96a0-505d-495a-b5b5-a6dac4d9bb3b
https://www.boschrexroth.com/es/co/descargas/hojas-informativas/,8f941842-4974-4ded-8c24-04fa5bda82aa
https://www.boschrexroth.com/es/cl/productos/,98465ab1-5cc1-4e99-b91a-748d495e4713
https://www.boschrexroth.com/es/cl/productos/grupo-de-productos/,074b9c9a-a014-44ef-bbde-1c41b21c6964
https://www.boschrexroth.com/es/cl/productos/grupo-de-productos/hidraulica-industrial/,1be4e3d7-698c-4345-8f48-5c0c2cad201c
https://www.boschrexroth.com/es/cl/productos/grupo-de-productos/tecnologias-de-moldeo-y-fundicion/,488629d3-a5d4-4b3c-aee6-35150a85d9ea
https://www.boschrexroth.com/es/cl/productos/grupo-de-productos/hidraulica-y-electronica-movil/,48242c75-3e51-4651-84de-343b8c437371
https://www.boschrexroth.com/es/cl/productos/grupo-de-productos/tecnologia-de-movimiento-lineal/,e10f4578-45db-4ef4-98b7-acf3c7b5fc9d
https://www.boschrexroth.com/es/cl/productos/grupo-de-productos/robotica-movil/,250845bb-f01e-423a-b08c-baca3363dd46
https://www.boschrexroth.com/es/cl/productos/grupo-de-productos/kassow-robots/,89e1bccc-c2c2-4b43-8e37-4bbea4f256ab
https://www.boschrexroth.com/es/cl/productos/ingenieria/,b93c0c9c-d94e-4e93-b2af-419c0c64e778
https://www.boschrexroth.com/es/cl/productos/grupo-de-productos/hagglunds/,ae0d4661-ad50-4657-822a-71253576c9cf
https://www.boschrexroth.com/es/cl/productos/ingenieria/ingenieria-virtual/,df0dcbc5-130d-4626-9c21-129033fc3b06
https://www.boschrexroth.com/es/cl/productos/ingenieria/fluidos-hidraulicos/,f980f332-69c7-4a79-a187-04610a8c51e6
https://www.boschrexroth.com/es/cl/productos/econfigurators-y-herramientas-online/editor-de-esquemas/,f7fd9c9f-9941-4abc-9b65-a9344cc0daa5
https://www.boschrexroth.com/es/cl/productos/econfigurators-y-herramientas-online/simster/,fa26b07a-c5a8-48de-b732-4a2c59fe7fe4
https://www.boschrexroth.com/es/cl/productos/econfigurators-y-herramientas-online/,7ff4a06a-ab8d-495c-adda-a516c9eaeb03
https://www.boschrexroth.com/es/cl/productos/grupo-de-productos/tecnologia-de-engranajes/,a50d5418-3037-4232-89bd-f78ed95e8326
https://www.boschrexroth.com/es/cl/productos/grupo-de-productos/controles-y-accionamientos-electricos/,5668ccd8-0533-49bb-b54c-d83d0b875afc
https://www.boschrexroth.com/es/cl/industrias/,1aba1cb2-36c8-4ee8-9180-2b284de03bf2
https://www.boschrexroth.com/es/co/compania/adquisiciones/,39738dc6-859d-47bf-bbb3-65111f51d2c2
https://www.boschrexroth.com/es/cl/productos/econfigurators-y-herramientas-online/interactive-fluid-office-ifo/,ddf691a7-fba7-44e8-8e9f-064248765156
https://www.boschrexroth.com/es/cl/industrias/industria-de-la-automocion/,8b7f8b4d-5a3e-46ec-bef7-ef87779c1b95
https://www.boschrexroth.com/es/cl/industrias/agricultura-y-forestal/,c335c830-7aee-489f-986e-55826cc786a3
https://www.boschrexroth.com/es/cl/industrias/produccion-de-baterias/,a51cddf9-51d9-4191-b8de-2f0cb2a74879
https://www.boschrexroth.com/es/cl/industrias/construccion-e-infraestructura/,4b50d603-e82a-48d6-b032-df3d4ee01dff
https://www.boschrexroth.com/es/cl/industrias/industria-quimica/,bf70b606-eef4-46db-bc57-92153454d992
https://www.boschrexroth.com/es/cl/productos/grupo-de-productos/tecnologia-de-atornillado/,e6982f6e-6b3f-427b-b044-26789b1d9efa
https://www.boschrexroth.com/es/cl/productos/grupo-de-productos/soldadura-por-resistencia/,a4b36c53-e06c-4b7a-a6aa-031dc1eb051e
https://www.boschrexroth.com/es/cl/industrias/bienes-de-consumo/,7027d387-5bd8-477e-9b4e-dc63c8d99ca8
https://www.boschrexroth.com/es/cl/industrias/energia-y-servicios/,9a0bc077-74d6-428d-8481-1ffccb4bb5cc
https://www.boschrexroth.com/es/cl/productos/grupo-de-productos/tecnologia-de-montaje/,ddfb8ad9-ca6f-43a6-b209-9000595cd282
https://www.boschrexroth.com/es/cl/industrias/cuidado-de-la-salud/,bf2427cc-883a-4bbd-bcb1-67bd56c97108
https://www.boschrexroth.com/es/cl/industrias/logistica-y-transporte/,95b936c6-44fc-4527-9e4d-ac469fac69d2
https://www.boschrexroth.com/es/cl/industrias/materiales-y-recursos/,ff9d3177-936d-4379-9458-0af0c0801ce9
https://www.boschrexroth.com/es/cl/industrias/reciclaje-y-manejo-de-residuos/,ebc8d045-7d5c-4b11-bbb0-0a1b99ce6fab
https://www.boschrexroth.com/es/cl/industrias/energias-renovables/,7d53cef0-f2c2-40c2-840b-4849dce84868
https://www.boschrexroth.com/es/cl/industrias/semiconductores-y-electronica/,a0945e9a-4bc5-4f26-995f-2baa9803b243
https://www.boschrexroth.com/es/cl/industrias/tecnologia-de-pruebas/,a31f93f3-0282-4ebf-9732-3994111ecea0
https://www.boschrexroth.com/es/cl/servicio/piezas-de-recambio/,7a622719-6488-4d14-a30a-63a615bbe28b
https://www.boschrexroth.com/es/cl/servicio/servicio-de-campo/,18d0226b-4a2c-43bd-ba77-313291b3a927
https://www.boschrexroth.com/es/cl/servicio/,d639e7ad-4734-4e58-8fbd-2a7517ca87f6
https://www.boschrexroth.com/es/cl/servicio/reparaciones/,87cd324c-7984-4c8d-80e5-d24f02a821cb
https://www.boschrexroth.com/es/cl/servicio/retrofitting/,7a4343a4-490e-404d-ab2d-31710552d7be
https://www.boschrexroth.com/es/cl/servicio/asistente-de-servicio-digital/,18528607-f5f1-48bc-950b-09a3ad627950
https://www.boschrexroth.com/es/cl/descargas/archivos-cad/,53a783c2-b3a9-4006-8e85-16034f294d8e
https://www.boschrexroth.com/es/cl/descargas/hojas-informativas/,8f941842-4974-4ded-8c24-04fa5bda82aa
https://www.boschrexroth.com/es/cl/descargas/manuales/,03b80760-de36-47de-bea8-9101c2fbd131
https://www.boschrexroth.com/es/cl/descargas/fichas-tecnicas/,a4105050-ff0d-41a6-8f41-9f2b906fe807
https://www.boschrexroth.com/es/cl/academia/,194cadee-0e16-498d-8e97-b165dc63d207
https://www.boschrexroth.com/es/cl/descargas/software/,3f9ab84d-8e1a-4bbd-bd33-0bccaecf0233
https://www.boschrexroth.com/es/cl/academia/training/,af2447dd-f5fc-4b5b-9346-b90f48f30c6f
https://www.boschrexroth.com/es/cl/academia/training-systems/,9c907e3c-e44c-4482-ab15-c65cab2d9075
https://www.boschrexroth.com/es/cl/comprar/,f446739c-3030-47a2-9230-101739e5faa7
https://www.boschrexroth.com/es/cl/academia/media/,00decaf7-d55d-4080-90e2-3271a4e2eb68
https://www.boschrexroth.com/es/cl/industrias/hidrogeno/,81ed63cc-1be2-4369-b140-c04fc14e0f46
https://www.boschrexroth.com/es/cl/comprar/certified-excellence/aplicar-como-ce-partner/,00f9f5ff-0eeb-4823-a3ca-e503b263b51e
https://www.boschrexroth.com/es/cl/empleos/,e481217a-916b-4550-8f85-0af7fc603a6a
https://www.boschrexroth.com/es/cl/comprar/certified-excellence/,6d75de1d-0193-4309-9ea1-d3fccad7ffed
https://www.boschrexroth.com/es/cl/empleos/oportunidades-de-trabajo/,adfe8f50-db65-409e-9fa8-2d47380e338e
https://www.boschrexroth.com/es/cl/empleos/por-que-trabajar-con-nosotros/,3bf145eb-d435-4f16-9311-645d6dd300ec
https://www.boschrexroth.com/es/cl/empleos/preguntas-frecuentes/,8b134238-2e42-490a-8753-e5ff1c891623
https://www.boschrexroth.com/es/cl/compania/,17dfa2d0-8507-4502-974f-a6b96af190c9
https://www.boschrexroth.com/es/cl/industrias/industria-farmaceutica/,705604f5-ccba-4398-9448-55bc19e2d2ab
https://www.boschrexroth.com/es/cl/descargas/,df195e25-1ff1-4730-ab20-044b94a5f067
https://www.boschrexroth.com/es/cl/compania/comite-ejecutivo/,a965a595-29fa-4c5f-967e-73feae60b79d
https://www.boschrexroth.com/es/cl/compania/blog/,None
https://www.boschrexroth.com/es/cl/compania/transformacion-digital/,f4db96a0-505d-495a-b5b5-a6dac4d9bb3b
https://www.boschrexroth.com/es/cl/compania/nuestra-historia/,d30a06d0-8ee7-4195-b45c-7f689cd1e4be
https://www.boschrexroth.com/es/cl/servicio/cartera-digital/,5e6fda8b-a855-4e59-99a1-bbb188e00ced
https://www.boschrexroth.com/es/cl/compania/youdecide/,19969529-a390-4a98-a74d-8bd661523395
https://www.boschrexroth.com/fr/fr/produits/solutions-industrielles/solutions-industrie-4-0/,None
https://www.boschrexroth.com/fr/fr/produits/solutions-industrielles/technologies-dassemblage/,ddfb8ad9-ca6f-43a6-b209-9000595cd282
https://www.boschrexroth.com/fr/fr/produits/,98465ab1-5cc1-4e99-b91a-748d495e4713
https://www.boschrexroth.com/es/cl/compania/ferias-y-eventos/,08616ca2-3aea-4c1e-bc15-abed73086b80
https://www.boschrexroth.com/fr/fr/produits/solutions-industrielles/systemes-de-transfert-et-de-convoyage/,5251253e-c523-4cfa-909c-b88961d30d8e
https://www.boschrexroth.com/fr/fr/produits/solutions-industrielles/hagglunds/,ae0d4661-ad50-4657-822a-71253576c9cf
https://www.boschrexroth.com/fr/fr/produits/solutions-industrielles/technique-lineaire/,e10f4578-45db-4ef4-98b7-acf3c7b5fc9d
https://www.boschrexroth.com/fr/fr/produits/solutions-industrielles/hydraulique-industrielle/,1be4e3d7-698c-4345-8f48-5c0c2cad201c
https://www.boschrexroth.com/fr/fr/produits/solutions-industrielles/kassow-robots/,89e1bccc-c2c2-4b43-8e37-4bbea4f256ab
https://www.boschrexroth.com/fr/fr/produits/comment-acheter/,None
https://www.boschrexroth.com/fr/fr/produits/solutions-industrielles/robotique-mobile/,250845bb-f01e-423a-b08c-baca3363dd46
https://www.boschrexroth.com/fr/fr/produits/solutions-industrielles/technologies-de-vissage/,e6982f6e-6b3f-427b-b044-26789b1d9efa
https://www.boschrexroth.com/fr/fr/produits/solutions-pour-engins-mobiles/,48242c75-3e51-4651-84de-343b8c437371
https://www.boschrexroth.com/fr/fr/produits/solutions-pour-engins-mobiles/hydraulique-mobile/,e989aced-4c70-4391-9220-074ece3609bb
https://www.boschrexroth.com/fr/fr/produits/solutions-pour-engins-mobiles/entrainements-electriques-pour-engins-mobiles/,42909484-d194-4cd4-be61-df9abe2a54ee
https://www.boschrexroth.com/fr/fr/produits/solutions-pour-engins-mobiles/automatisation-pour-engins-mobiles/,2b652472-ea54-4723-abc6-4f70846f6dcd
https://www.boschrexroth.com/fr/fr/produits/solutions-pour-engins-mobiles/electronique-mobile-et-telematique/,50f2fd04-b4fd-4e33-a8f5-015f22aa975e
https://www.boschrexroth.com/fr/fr/industries/,1aba1cb2-36c8-4ee8-9180-2b284de03bf2
https://www.boschrexroth.com/fr/fr/industries/agriculture-activites-forestieres-et-travail-du-bois/,c335c830-7aee-489f-986e-55826cc786a3
https://www.boschrexroth.com/es/cl/compania/cifras/,4c8b434b-0c85-49f8-92a7-da6f08006586
https://www.boschrexroth.com/fr/fr/industries/automobile/,8b7f8b4d-5a3e-46ec-bef7-ef87779c1b95
https://www.boschrexroth.com/fr/fr/produits/solutions-industrielles/entrainements-electriques-et-automatisation/,5668ccd8-0533-49bb-b54c-d83d0b875afc
https://www.boschrexroth.com/fr/fr/industries/construction-et-infrastructure/,4b50d603-e82a-48d6-b032-df3d4ee01dff
https://www.boschrexroth.com/fr/fr/industries/hydrogene/,81ed63cc-1be2-4369-b140-c04fc14e0f46
https://www.boschrexroth.com/fr/fr/produits/solutions-industrielles/soudage-par-resistance/,a4b36c53-e06c-4b7a-a6aa-031dc1eb051e
https://www.boschrexroth.com/fr/fr/industries/energies-renouvelables/,7d53cef0-f2c2-40c2-840b-4849dce84868
https://www.boschrexroth.com/fr/fr/produits/solutions-industrielles/,074b9c9a-a014-44ef-bbde-1c41b21c6964
https://www.boschrexroth.com/fr/fr/industries/biens-de-consommation/,None
https://www.boschrexroth.com/fr/fr/industries/industrie-pharmaceutique/,705604f5-ccba-4398-9448-55bc19e2d2ab
https://www.boschrexroth.com/fr/fr/industries/industrie-cosmetique/,None
https://www.boschrexroth.com/fr/fr/industries/industrie-agroalimentaire/,None
https://www.boschrexroth.com/fr/fr/industries/logistique-et-transport/,95b936c6-44fc-4527-9e4d-ac469fac69d2
https://www.boschrexroth.com/fr/fr/industries/production-et-distribution-denergie/,9a0bc077-74d6-428d-8481-1ffccb4bb5cc
https://www.boschrexroth.com/fr/fr/industries/production-de-batteries/,a51cddf9-51d9-4191-b8de-2f0cb2a74879
https://www.boschrexroth.com/fr/fr/industries/materiaux-traitement-et-transformation/,ff9d3177-936d-4379-9458-0af0c0801ce9
https://www.boschrexroth.com/fr/fr/industries/sante/,bf2427cc-883a-4bbd-bcb1-67bd56c97108
https://www.boschrexroth.com/fr/fr/industries/recyclage-et-traitement-des-dechets/,ebc8d045-7d5c-4b11-bbb0-0a1b99ce6fab
https://www.boschrexroth.com/fr/fr/industries/bancs-de-test/,a31f93f3-0282-4ebf-9732-3994111ecea0
https://www.boschrexroth.com/fr/fr/service-rexroth/,None
https://www.boschrexroth.com/fr/fr/service-rexroth/service-commandes-et-entrainements-electriques/,None
https://www.boschrexroth.com/fr/fr/service-rexroth/service-hydraulique-mobile-electronique-et-iot/,None
https://www.boschrexroth.com/fr/fr/industries/transformation-chimique/,bf70b606-eef4-46db-bc57-92153454d992
https://www.boschrexroth.com/fr/fr/service-rexroth/service-hagglunds/,ad9c7f91-4701-48ad-adea-afd869cdccfe
https://www.boschrexroth.com/fr/fr/industries/semi-conducteurs-et-electronique/,a0945e9a-4bc5-4f26-995f-2baa9803b243
https://www.boschrexroth.com/fr/fr/service-rexroth/contact-service-rexroth/,None
https://www.boschrexroth.com/fr/fr/ressources/outils-et-econfigurateurs/,7ff4a06a-ab8d-495c-adda-a516c9eaeb03
https://www.boschrexroth.com/fr/fr/ressources/fiches-techniques/,a4105050-ff0d-41a6-8f41-9f2b906fe807
https://www.boschrexroth.com/fr/fr/ressources/fichiers-cao/,53a783c2-b3a9-4006-8e85-16034f294d8e
https://www.boschrexroth.com/fr/fr/ressources/manuels/,03b80760-de36-47de-bea8-9101c2fbd131
https://www.boschrexroth.com/fr/fr/ressources/documentations-francaises/,None
https://www.boschrexroth.com/fr/fr/ressources/fiches-produit/,8f941842-4974-4ded-8c24-04fa5bda82aa
https://www.boschrexroth.com/fr/fr/ressources/livres-blancs/,None
https://www.boschrexroth.com/fr/fr/ressources/logiciels/,3f9ab84d-8e1a-4bbd-bd33-0bccaecf0233
https://www.boschrexroth.com/fr/fr/ressources/webinars/,None
https://www.boschrexroth.com/fr/fr/produits/solutions-pour-engins-mobiles/reducteurs/,a50d5418-3037-4232-89bd-f78ed95e8326
https://www.boschrexroth.com/fr/fr/entreprise/foires-commerciales-et-evenements/,None
https://www.boschrexroth.com/fr/fr/emplois-et-carrieres/,e481217a-916b-4550-8f85-0af7fc603a6a
https://www.boschrexroth.com/fr/fr/formations-et-academy/,None
https://www.boschrexroth.com/fr/fr/entreprise/notre-histoire/,d30a06d0-8ee7-4195-b45c-7f689cd1e4be
https://www.boschrexroth.com/fr/fr/entreprise/quelques-chiffres/,4c8b434b-0c85-49f8-92a7-da6f08006586
https://www.boschrexroth.com/fr/fr/entreprise/,17dfa2d0-8507-4502-974f-a6b96af190c9
https://www.boschrexroth.com/fr/fr/entreprise/conseil-dadministration/,a965a595-29fa-4c5f-967e-73feae60b79d
https://www.boschrexroth.com/fr/fr/entreprise/avenir-durable/,8b741f3e-df55-40eb-892a-d537f0ff07e7
https://www.boschrexroth.com/fr/fr/blog-expertise/,None
https://www.boschrexroth.com/fr/fr/entreprise/youdecide/,19969529-a390-4a98-a74d-8bd661523395
https://www.boschrexroth.com/cs/cz/produkty/,98465ab1-5cc1-4e99-b91a-748d495e4713
https://www.boschrexroth.com/fr/fr/ressources/,df195e25-1ff1-4730-ab20-044b94a5f067
https://www.boschrexroth.com/fr/fr/service-rexroth/systemes-hydrauliques-et-electrohydraulique/,None
https://www.boschrexroth.com/cs/cz/produkty/reseni-pro-prumysl/montazni-technika/,ddfb8ad9-ca6f-43a6-b209-9000595cd282
https://www.boschrexroth.com/cs/cz/produkty/reseni-pro-prumysl/,074b9c9a-a014-44ef-bbde-1c41b21c6964
https://www.boschrexroth.com/cs/cz/produkty/reseni-pro-prumysl/prumyslova-hydraulika/,1be4e3d7-698c-4345-8f48-5c0c2cad201c
https://www.boschrexroth.com/cs/cz/produkty/reseni-pro-prumysl/technologie-lisovani-a-odlevani/,488629d3-a5d4-4b3c-aee6-35150a85d9ea
https://www.boschrexroth.com/cs/cz/produkty/reseni-pro-mobilni-stroje/mobilni-hydraulika/,e989aced-4c70-4391-9220-074ece3609bb
https://www.boschrexroth.com/cs/cz/produkty/reseni-pro-prumysl/mobilni-robotika/,250845bb-f01e-423a-b08c-baca3363dd46
https://www.boschrexroth.com/cs/cz/produkty/reseni-pro-mobilni-stroje/,48242c75-3e51-4651-84de-343b8c437371
https://www.boschrexroth.com/cs/cz/produkty/reseni-pro-prumysl/linearni-technika/,e10f4578-45db-4ef4-98b7-acf3c7b5fc9d
https://www.boschrexroth.com/cs/cz/produkty/reseni-pro-prumysl/hagglunds/,ae0d4661-ad50-4657-822a-71253576c9cf
https://www.boschrexroth.com/cs/cz/produkty/reseni-pro-prumysl/kassow-robots/,89e1bccc-c2c2-4b43-8e37-4bbea4f256ab
https://www.boschrexroth.com/cs/cz/produkty/reseni-pro-mobilni-stroje/mobilni-elektronika-a-telematika/,50f2fd04-b4fd-4e33-a8f5-015f22aa975e
https://www.boschrexroth.com/cs/cz/produkty/reseni-pro-mobilni-stroje/mobilni-elektricke-pohony/,42909484-d194-4cd4-be61-df9abe2a54ee
https://www.boschrexroth.com/cs/cz/produkty/reseni-pro-mobilni-stroje/mobilni-automatizace/,2b652472-ea54-4723-abc6-4f70846f6dcd
https://www.boschrexroth.com/cs/cz/prumyslova-odvetvi/,1aba1cb2-36c8-4ee8-9180-2b284de03bf2
https://www.boschrexroth.com/cs/cz/produkty/reseni-pro-prumysl/sroubovaci-technika/,e6982f6e-6b3f-427b-b044-26789b1d9efa
https://www.boschrexroth.com/cs/cz/prumyslova-odvetvi/automobilovy-prumysl/,8b7f8b4d-5a3e-46ec-bef7-ef87779c1b95
https://www.boschrexroth.com/cs/cz/prumyslova-odvetvi/zemedelstvi-a-lesnictvi/,c335c830-7aee-489f-986e-55826cc786a3
https://www.boschrexroth.com/cs/cz/produkty/reseni-pro-prumysl/elektricke-pohony-a-ovladaci-prvky/,5668ccd8-0533-49bb-b54c-d83d0b875afc
https://www.boschrexroth.com/cs/cz/prumyslova-odvetvi/vystavba-a-infrastruktura/,4b50d603-e82a-48d6-b032-df3d4ee01dff
https://www.boschrexroth.com/fr/fr/entreprise/transformation-digitale/,f4db96a0-505d-495a-b5b5-a6dac4d9bb3b
https://www.boschrexroth.com/cs/cz/prumyslova-odvetvi/vyroba-baterii/,a51cddf9-51d9-4191-b8de-2f0cb2a74879
https://www.boschrexroth.com/cs/cz/produkty/reseni-pro-prumysl/odporove-svarovani/,a4b36c53-e06c-4b7a-a6aa-031dc1eb051e
https://www.boschrexroth.com/cs/cz/prumyslova-odvetvi/chemicke-zpracovani/,bf70b606-eef4-46db-bc57-92153454d992
https://www.boschrexroth.com/cs/cz/prumyslova-odvetvi/zdravotni-pece/,bf2427cc-883a-4bbd-bcb1-67bd56c97108
https://www.boschrexroth.com/cs/cz/prumyslova-odvetvi/energie-a-sluzby/,9a0bc077-74d6-428d-8481-1ffccb4bb5cc
https://www.boschrexroth.com/cs/cz/prumyslova-odvetvi/vodik/,81ed63cc-1be2-4369-b140-c04fc14e0f46
https://www.boschrexroth.com/cs/cz/prumyslova-odvetvi/spotrebni-zbozi/,7027d387-5bd8-477e-9b4e-dc63c8d99ca8
https://www.boschrexroth.com/cs/cz/prumyslova-odvetvi/logistika-a-doprava/,95b936c6-44fc-4527-9e4d-ac469fac69d2
https://www.boschrexroth.com/cs/cz/prumyslova-odvetvi/materialy-a-zdroje/,ff9d3177-936d-4379-9458-0af0c0801ce9
https://www.boschrexroth.com/cs/cz/produkty/reseni-pro-mobilni-stroje/prevodovky/,a50d5418-3037-4232-89bd-f78ed95e8326
https://www.boschrexroth.com/cs/cz/prumyslova-odvetvi/farmacie/,705604f5-ccba-4398-9448-55bc19e2d2ab
https://www.boschrexroth.com/cs/cz/prumyslova-odvetvi/recyklace-a-manipulace-s-odpadem/,ebc8d045-7d5c-4b11-bbb0-0a1b99ce6fab
https://www.boschrexroth.com/cs/cz/prumyslova-odvetvi/polovodice-a-elektronika/,a0945e9a-4bc5-4f26-995f-2baa9803b243
https://www.boschrexroth.com/cs/cz/prumyslova-odvetvi/obnovitelne-energie/,7d53cef0-f2c2-40c2-840b-4849dce84868
https://www.boschrexroth.com/cs/cz/servis-a-podpora/,9281402d-5292-4fc7-9fc3-12057bac3fc8
https://www.boschrexroth.com/cs/cz/prumyslova-odvetvi/testovaci-technologie/,a31f93f3-0282-4ebf-9732-3994111ecea0
https://www.boschrexroth.com/cs/cz/servis-a-podpora/servis/servisni-stredisko-brno/,None
https://www.boschrexroth.com/cs/cz/servis-a-podpora/servis/,d639e7ad-4734-4e58-8fbd-2a7517ca87f6
https://www.boschrexroth.com/cs/cz/servis-a-podpora/servis/nahradni-dily/,7a622719-6488-4d14-a30a-63a615bbe28b
https://www.boschrexroth.com/cs/cz/servis-a-podpora/servis/opravy/,87cd324c-7984-4c8d-80e5-d24f02a821cb
https://www.boschrexroth.com/cs/cz/servis-a-podpora/servis/servis-u-zakazniku/,18d0226b-4a2c-43bd-ba77-313291b3a927
https://www.boschrexroth.com/cs/cz/servis-a-podpora/servis/online-softwarove-portfolio/,5e6fda8b-a855-4e59-99a1-bbb188e00ced
https://www.boschrexroth.com/cs/cz/servis-a-podpora/servis/modernizace/,7a4343a4-490e-404d-ab2d-31710552d7be
https://www.boschrexroth.com/cs/cz/servis-a-podpora/ekonfiguratory-a-nastroje/,7ff4a06a-ab8d-495c-adda-a516c9eaeb03
https://www.boschrexroth.com/cs/cz/servis-a-podpora/servis/nastroj-servisni-asistent/,18528607-f5f1-48bc-950b-09a3ad627950
https://www.boschrexroth.com/cs/cz/servis-a-podpora/ekonfiguratory-a-nastroje/simster/,fa26b07a-c5a8-48de-b732-4a2c59fe7fe4
https://www.boschrexroth.com/cs/cz/servis-a-podpora/ekonfiguratory-a-nastroje/editor-schemat/,f7fd9c9f-9941-4abc-9b65-a9344cc0daa5
https://www.boschrexroth.com/cs/cz/servis-a-podpora/ekonfiguratory-a-nastroje/interaktivni-fluid-office-ifo/,ddf691a7-fba7-44e8-8e9f-064248765156
https://www.boschrexroth.com/cs/cz/servis-a-podpora/virtualni-projektovani/,df0dcbc5-130d-4626-9c21-129033fc3b06
https://www.boschrexroth.com/cs/cz/servis-a-podpora/hydraulicke-kapaliny/,f980f332-69c7-4a79-a187-04610a8c51e6
https://www.boschrexroth.com/cs/cz/servis-a-podpora/prodej-a-podpora/nasi-certifikovani-partneri/,None
https://www.boschrexroth.com/cs/cz/ke-stazeni/navod/,03b80760-de36-47de-bea8-9101c2fbd131
https://www.boschrexroth.com/cs/cz/servis-a-podpora/prodej-a-podpora/rexroth-store/,34ee1645-140f-4239-8237-7e8524cb6d53
https://www.boschrexroth.com/cs/cz/ke-stazeni/prehledy-zakladnich-udaju/,8f941842-4974-4ded-8c24-04fa5bda82aa
https://www.boschrexroth.com/cs/cz/ke-stazeni/cad-soubory/,53a783c2-b3a9-4006-8e85-16034f294d8e
https://www.boschrexroth.com/cs/cz/servis-a-podpora/prodej-a-podpora/partnerstvi-certified-excellence/,6d75de1d-0193-4309-9ea1-d3fccad7ffed
https://www.boschrexroth.com/cs/cz/ke-stazeni/software/,3f9ab84d-8e1a-4bbd-bd33-0bccaecf0233
https://www.boschrexroth.com/cs/cz/ke-stazeni/technicke-listy/,a4105050-ff0d-41a6-8f41-9f2b906fe807
https://www.boschrexroth.com/cs/cz/academie/skoleni-pro-zakazniky-v-cr/,None
https://www.boschrexroth.com/cs/cz/academie/,194cadee-0e16-498d-8e97-b165dc63d207
https://www.boschrexroth.com/cs/cz/academie/training-systems/,9c907e3c-e44c-4482-ab15-c65cab2d9075
https://www.boschrexroth.com/cs/cz/prace-a-kariera/,e481217a-916b-4550-8f85-0af7fc603a6a
https://www.boschrexroth.com/cs/cz/academie/media/,00decaf7-d55d-4080-90e2-3271a4e2eb68
https://www.boschrexroth.com/cs/cz/prace-a-kariera/casto-kladene-dotazy/,8b134238-2e42-490a-8753-e5ff1c891623
https://www.boschrexroth.com/cs/cz/spolecnost/blog/,None
https://www.boschrexroth.com/cs/cz/spolecnost/predstavenstvo/,a965a595-29fa-4c5f-967e-73feae60b79d
https://www.boschrexroth.com/cs/cz/spolecnost/,17dfa2d0-8507-4502-974f-a6b96af190c9
https://www.boschrexroth.com/cs/cz/spolecnost/cisla/,4c8b434b-0c85-49f8-92a7-da6f08006586
https://www.boschrexroth.com/cs/cz/prace-a-kariera/proc-pracovat-prave-s-nami/,3bf145eb-d435-4f16-9311-645d6dd300ec
https://www.boschrexroth.com/cs/cz/spolecnost/nase-historie/,d30a06d0-8ee7-4195-b45c-7f689cd1e4be
https://www.boschrexroth.com/cs/cz/spolecnost/digitalni-transformace/,f4db96a0-505d-495a-b5b5-a6dac4d9bb3b
https://www.boschrexroth.com/cs/cz/spolecnost/udrzitelnost/,8b741f3e-df55-40eb-892a-d537f0ff07e7
https://www.boschrexroth.com/cs/cz/spolecnost/youdecide/,19969529-a390-4a98-a74d-8bd661523395
https://www.boschrexroth.com/cs/cz/spolecnost/udalosti/,08616ca2-3aea-4c1e-bc15-abed73086b80
https://www.boschrexroth.com/cs/cz/servis-a-podpora/prodej-a-podpora/,f446739c-3030-47a2-9230-101739e5faa7
https://www.boschrexroth.com/en/cz/products/,98465ab1-5cc1-4e99-b91a-748d495e4713
https://www.boschrexroth.com/en/cz/products/industrial-solutions/,074b9c9a-a014-44ef-bbde-1c41b21c6964
https://www.boschrexroth.com/en/cz/products/industrial-solutions/assembly-technology/,ddfb8ad9-ca6f-43a6-b209-9000595cd282
https://www.boschrexroth.com/cs/cz/academie/training/,af2447dd-f5fc-4b5b-9346-b90f48f30c6f
https://www.boschrexroth.com/en/cz/products/industrial-solutions/linear-motion-technology/,e10f4578-45db-4ef4-98b7-acf3c7b5fc9d
https://www.boschrexroth.com/en/cz/products/industrial-solutions/moulding-and-casting-technologies/,488629d3-a5d4-4b3c-aee6-35150a85d9ea
https://www.boschrexroth.com/en/cz/products/industrial-solutions/hagglunds/,ae0d4661-ad50-4657-822a-71253576c9cf
https://www.boschrexroth.com/en/cz/products/industrial-solutions/kassow-robots/,89e1bccc-c2c2-4b43-8e37-4bbea4f256ab
https://www.boschrexroth.com/en/cz/products/solutions-for-mobile-machines/mobile-hydraulics/,e989aced-4c70-4391-9220-074ece3609bb
https://www.boschrexroth.com/en/cz/products/industrial-solutions/industrial-hydraulics/,1be4e3d7-698c-4345-8f48-5c0c2cad201c
https://www.boschrexroth.com/en/cz/products/solutions-for-mobile-machines/,48242c75-3e51-4651-84de-343b8c437371
https://www.boschrexroth.com/en/cz/products/solutions-for-mobile-machines/mobile-electronics-and-telematics/,50f2fd04-b4fd-4e33-a8f5-015f22aa975e
https://www.boschrexroth.com/cs/cz/prace-a-kariera/pracovni-prilezitosti/,adfe8f50-db65-409e-9fa8-2d47380e338e
https://www.boschrexroth.com/en/cz/products/solutions-for-mobile-machines/mobile-electric-drives/,42909484-d194-4cd4-be61-df9abe2a54ee
https://www.boschrexroth.com/cs/cz/ke-stazeni/,df195e25-1ff1-4730-ab20-044b94a5f067
https://www.boschrexroth.com/en/cz/products/solutions-for-mobile-machines/mobile-automation/,2b652472-ea54-4723-abc6-4f70846f6dcd
https://www.boschrexroth.com/en/cz/products/industrial-solutions/electric-drives-and-controls/,5668ccd8-0533-49bb-b54c-d83d0b875afc
https://www.boschrexroth.com/en/cz/industries/agriculture-and-forestry/,c335c830-7aee-489f-986e-55826cc786a3
https://www.boschrexroth.com/en/cz/industries/,1aba1cb2-36c8-4ee8-9180-2b284de03bf2
https://www.boschrexroth.com/en/cz/industries/battery-production/,a51cddf9-51d9-4191-b8de-2f0cb2a74879
https://www.boschrexroth.com/en/cz/industries/automotive/,8b7f8b4d-5a3e-46ec-bef7-ef87779c1b95
https://www.boschrexroth.com/en/cz/industries/chemical-processing/,bf70b606-eef4-46db-bc57-92153454d992
https://www.boschrexroth.com/en/cz/industries/construction-and-infrastructure/,4b50d603-e82a-48d6-b032-df3d4ee01dff
https://www.boschrexroth.com/en/cz/products/industrial-solutions/resistance-welding/,a4b36c53-e06c-4b7a-a6aa-031dc1eb051e
https://www.boschrexroth.com/en/cz/industries/healthcare/,bf2427cc-883a-4bbd-bcb1-67bd56c97108
https://www.boschrexroth.com/en/cz/industries/energy-and-utilities/,9a0bc077-74d6-428d-8481-1ffccb4bb5cc
https://www.boschrexroth.com/en/cz/industries/consumer-goods/,7027d387-5bd8-477e-9b4e-dc63c8d99ca8
https://www.boschrexroth.com/en/cz/products/industrial-solutions/tightening-technology/,e6982f6e-6b3f-427b-b044-26789b1d9efa
https://www.boschrexroth.com/en/cz/industries/hydrogen/,81ed63cc-1be2-4369-b140-c04fc14e0f46
https://www.boschrexroth.com/en/cz/industries/logistics-and-transport/,95b936c6-44fc-4527-9e4d-ac469fac69d2
https://www.boschrexroth.com/en/cz/products/solutions-for-mobile-machines/gearboxes/,a50d5418-3037-4232-89bd-f78ed95e8326
https://www.boschrexroth.com/en/cz/industries/pharmaceutics/,705604f5-ccba-4398-9448-55bc19e2d2ab
https://www.boschrexroth.com/en/cz/industries/materials-and-resources/,ff9d3177-936d-4379-9458-0af0c0801ce9
https://www.boschrexroth.com/en/cz/products/industrial-solutions/mobile-robotics/,250845bb-f01e-423a-b08c-baca3363dd46
https://www.boschrexroth.com/en/cz/industries/recycling-and-waste-handling/,ebc8d045-7d5c-4b11-bbb0-0a1b99ce6fab
https://www.boschrexroth.com/en/cz/industries/renewable-energies/,7d53cef0-f2c2-40c2-840b-4849dce84868
https://www.boschrexroth.com/en/cz/industries/semiconductors-and-electronics/,a0945e9a-4bc5-4f26-995f-2baa9803b243
https://www.boschrexroth.com/en/cz/service-and-support/service/,d639e7ad-4734-4e58-8fbd-2a7517ca87f6
https://www.boschrexroth.com/en/cz/industries/testing-technology/,a31f93f3-0282-4ebf-9732-3994111ecea0
https://www.boschrexroth.com/en/cz/service-and-support/,9281402d-5292-4fc7-9fc3-12057bac3fc8
https://www.boschrexroth.com/en/cz/service-and-support/service/spare-parts/,7a622719-6488-4d14-a30a-63a615bbe28b
https://www.boschrexroth.com/en/cz/service-and-support/service/service-brno/,None
https://www.boschrexroth.com/en/cz/service-and-support/service/field-service/,18d0226b-4a2c-43bd-ba77-313291b3a927
https://www.boschrexroth.com/en/cz/service-and-support/service/repairs/,87cd324c-7984-4c8d-80e5-d24f02a821cb
https://www.boschrexroth.com/en/cz/service-and-support/service/modernization/,7a4343a4-490e-404d-ab2d-31710552d7be
https://www.boschrexroth.com/en/cz/service-and-support/service/digital-service-assistant/,18528607-f5f1-48bc-950b-09a3ad627950
https://www.boschrexroth.com/en/cz/service-and-support/service/digital-portfolio/,5e6fda8b-a855-4e59-99a1-bbb188e00ced
https://www.boschrexroth.com/en/cz/service-and-support/econfigurators-and-tools/simster/,fa26b07a-c5a8-48de-b732-4a2c59fe7fe4
https://www.boschrexroth.com/en/cz/service-and-support/econfigurators-and-tools/interactive-fluid-office-ifo/,ddf691a7-fba7-44e8-8e9f-064248765156
https://www.boschrexroth.com/en/cz/service-and-support/econfigurators-and-tools/scheme-editor/,f7fd9c9f-9941-4abc-9b65-a9344cc0daa5
https://www.boschrexroth.com/en/cz/service-and-support/hydraulic-fluids/,f980f332-69c7-4a79-a187-04610a8c51e6
https://www.boschrexroth.com/en/cz/service-and-support/virtual-engineering/,df0dcbc5-130d-4626-9c21-129033fc3b06
https://www.boschrexroth.com/en/cz/service-and-support/buy/,f446739c-3030-47a2-9230-101739e5faa7
https://www.boschrexroth.com/en/cz/service-and-support/buy/certified-excellence/,6d75de1d-0193-4309-9ea1-d3fccad7ffed
https://www.boschrexroth.com/en/cz/service-and-support/buy/certified-partners/,None
https://www.boschrexroth.com/en/cz/downloads/data-sheets/,a4105050-ff0d-41a6-8f41-9f2b906fe807
https://www.boschrexroth.com/en/cz/downloads/cad-files/,53a783c2-b3a9-4006-8e85-16034f294d8e
https://www.boschrexroth.com/en/cz/service-and-support/buy/rexroth-store/,34ee1645-140f-4239-8237-7e8524cb6d53
https://www.boschrexroth.com/en/cz/downloads/manuals/,03b80760-de36-47de-bea8-9101c2fbd131
https://www.boschrexroth.com/en/cz/downloads/fact-sheets/,8f941842-4974-4ded-8c24-04fa5bda82aa
https://www.boschrexroth.com/en/cz/downloads/software/,3f9ab84d-8e1a-4bbd-bd33-0bccaecf0233
https://www.boschrexroth.com/en/cz/academy/training-in-czech/,None
https://www.boschrexroth.com/en/cz/academy/,194cadee-0e16-498d-8e97-b165dc63d207
https://www.boschrexroth.com/en/cz/academy/training/,af2447dd-f5fc-4b5b-9346-b90f48f30c6f
https://www.boschrexroth.com/en/cz/academy/training-systems/,9c907e3c-e44c-4482-ab15-c65cab2d9075
https://www.boschrexroth.com/en/cz/academy/media/,00decaf7-d55d-4080-90e2-3271a4e2eb68
https://www.boschrexroth.com/en/cz/jobs-and-career/,e481217a-916b-4550-8f85-0af7fc603a6a
https://www.boschrexroth.com/en/cz/company/,17dfa2d0-8507-4502-974f-a6b96af190c9
https://www.boschrexroth.com/en/cz/jobs-and-career/faq/,8b134238-2e42-490a-8753-e5ff1c891623
https://www.boschrexroth.com/en/cz/jobs-and-career/why-work-with-us/,3bf145eb-d435-4f16-9311-645d6dd300ec
https://www.boschrexroth.com/en/cz/company/figures/,4c8b434b-0c85-49f8-92a7-da6f08006586
https://www.boschrexroth.com/en/cz/company/executive-board/,a965a595-29fa-4c5f-967e-73feae60b79d
https://www.boschrexroth.com/en/cz/company/our-history/,d30a06d0-8ee7-4195-b45c-7f689cd1e4be
https://www.boschrexroth.com/en/cz/company/sustainability/,8b741f3e-df55-40eb-892a-d537f0ff07e7
https://www.boschrexroth.com/en/cz/service-and-support/econfigurators-and-tools/,7ff4a06a-ab8d-495c-adda-a516c9eaeb03
https://www.boschrexroth.com/en/cz/company/blog/,None
https://www.boschrexroth.com/en/cz/downloads/,df195e25-1ff1-4730-ab20-044b94a5f067
https://www.boschrexroth.com/en/cz/company/youdecide/,19969529-a390-4a98-a74d-8bd661523395
https://www.boschrexroth.com/en/cz/company/digital-transformation/,f4db96a0-505d-495a-b5b5-a6dac4d9bb3b
https://www.boschrexroth.com/da/dk/produkter/industrielle-loesninger/,074b9c9a-a014-44ef-bbde-1c41b21c6964
https://www.boschrexroth.com/da/dk/produkter/industrielle-loesninger/montageteknik/,ddfb8ad9-ca6f-43a6-b209-9000595cd282
https://www.boschrexroth.com/da/dk/produkter/industrielle-loesninger/industrihydraulik/,1be4e3d7-698c-4345-8f48-5c0c2cad201c
https://www.boschrexroth.com/da/dk/produkter/industrielle-loesninger/formgivning-og-stoebning/,488629d3-a5d4-4b3c-aee6-35150a85d9ea
https://www.boschrexroth.com/da/dk/produkter/industrielle-loesninger/lineaerteknik/,e10f4578-45db-4ef4-98b7-acf3c7b5fc9d
https://www.boschrexroth.com/da/dk/produkter/industrielle-loesninger/mobil-robotteknik/,250845bb-f01e-423a-b08c-baca3363dd46
https://www.boschrexroth.com/da/dk/produkter/industrielle-loesninger/hagglunds/,ae0d4661-ad50-4657-822a-71253576c9cf
https://www.boschrexroth.com/da/dk/produkter/loesninger-til-mobile-maskiner/mobilelektronik-og-telematik/,50f2fd04-b4fd-4e33-a8f5-015f22aa975e
https://www.boschrexroth.com/da/dk/produkter/loesninger-til-mobile-maskiner/,48242c75-3e51-4651-84de-343b8c437371
https://www.boschrexroth.com/en/cz/jobs-and-career/job-opportunities/,adfe8f50-db65-409e-9fa8-2d47380e338e
https://www.boschrexroth.com/da/dk/produkter/loesninger-til-mobile-maskiner/mobile-elektriske-drev/,42909484-d194-4cd4-be61-df9abe2a54ee
https://www.boschrexroth.com/da/dk/produkter/industrielle-loesninger/elektriske-drev-og-styringer/,5668ccd8-0533-49bb-b54c-d83d0b875afc
https://www.boschrexroth.com/da/dk/produkter/loesninger-til-mobile-maskiner/mobil-automatisering/,2b652472-ea54-4723-abc6-4f70846f6dcd
https://www.boschrexroth.com/da/dk/brancher/,1aba1cb2-36c8-4ee8-9180-2b284de03bf2
https://www.boschrexroth.com/da/dk/produkter/industrielle-loesninger/modstandssvejsning/,a4b36c53-e06c-4b7a-a6aa-031dc1eb051e
https://www.boschrexroth.com/da/dk/produkter/industrielle-loesninger/skrueteknik/,e6982f6e-6b3f-427b-b044-26789b1d9efa
https://www.boschrexroth.com/da/dk/brancher/landbrug-og-skovbrug/,c335c830-7aee-489f-986e-55826cc786a3
https://www.boschrexroth.com/da/dk/brancher/motorkoeretoejer/,8b7f8b4d-5a3e-46ec-bef7-ef87779c1b95
https://www.boschrexroth.com/da/dk/brancher/energi-og-forsyning/,9a0bc077-74d6-428d-8481-1ffccb4bb5cc
https://www.boschrexroth.com/da/dk/brancher/batteriproduktion/,a51cddf9-51d9-4191-b8de-2f0cb2a74879
https://www.boschrexroth.com/da/dk/brancher/bygge-og-anlaegsvirksomhed-og-infrastruktur/,4b50d603-e82a-48d6-b032-df3d4ee01dff
https://www.boschrexroth.com/da/dk/brancher/sundhed/,bf2427cc-883a-4bbd-bcb1-67bd56c97108
https://www.boschrexroth.com/en/cz/company/trade-shows-and-events/,08616ca2-3aea-4c1e-bc15-abed73086b80
https://www.boschrexroth.com/da/dk/brancher/forbrugsvarer/,7027d387-5bd8-477e-9b4e-dc63c8d99ca8
https://www.boschrexroth.com/da/dk/produkter/,98465ab1-5cc1-4e99-b91a-748d495e4713
https://www.boschrexroth.com/da/dk/brancher/brint/,81ed63cc-1be2-4369-b140-c04fc14e0f46
https://www.boschrexroth.com/da/dk/brancher/logistik-og-transport/,95b936c6-44fc-4527-9e4d-ac469fac69d2
https://www.boschrexroth.com/da/dk/brancher/materialer-og-ressourcer/,ff9d3177-936d-4379-9458-0af0c0801ce9
https://www.boschrexroth.com/da/dk/produkter/loesninger-til-mobile-maskiner/gearkasser/,a50d5418-3037-4232-89bd-f78ed95e8326
https://www.boschrexroth.com/da/dk/brancher/farmaceutika/,705604f5-ccba-4398-9448-55bc19e2d2ab
https://www.boschrexroth.com/da/dk/brancher/genvinding-og-affaldshandtering/,ebc8d045-7d5c-4b11-bbb0-0a1b99ce6fab
https://www.boschrexroth.com/da/dk/service-og-support/,9281402d-5292-4fc7-9fc3-12057bac3fc8
https://www.boschrexroth.com/da/dk/brancher/halvledere-og-elektronik/,a0945e9a-4bc5-4f26-995f-2baa9803b243
https://www.boschrexroth.com/da/dk/brancher/proevningsteknologi/,a31f93f3-0282-4ebf-9732-3994111ecea0
https://www.boschrexroth.com/da/dk/service-og-support/service/,d639e7ad-4734-4e58-8fbd-2a7517ca87f6
https://www.boschrexroth.com/da/dk/produkter/loesninger-til-mobile-maskiner/mobilhydraulik/,e989aced-4c70-4391-9220-074ece3609bb
https://www.boschrexroth.com/da/dk/produkter/industrielle-loesninger/kassow-robots/,89e1bccc-c2c2-4b43-8e37-4bbea4f256ab
https://www.boschrexroth.com/da/dk/service-og-support/service/reservedele/,7a622719-6488-4d14-a30a-63a615bbe28b
https://www.boschrexroth.com/da/dk/service-og-support/service/reparationer/,87cd324c-7984-4c8d-80e5-d24f02a821cb
https://www.boschrexroth.com/da/dk/brancher/kemikaliebearbejdning/,bf70b606-eef4-46db-bc57-92153454d992
https://www.boschrexroth.com/da/dk/service-og-support/service/servicebesoeg/,18d0226b-4a2c-43bd-ba77-313291b3a927
https://www.boschrexroth.com/da/dk/service-og-support/service/modernisering/,7a4343a4-490e-404d-ab2d-31710552d7be
https://www.boschrexroth.com/da/dk/service-og-support/service/digital-portefoelje/,5e6fda8b-a855-4e59-99a1-bbb188e00ced
https://www.boschrexroth.com/da/dk/service-og-support/service/digital-serviceassistent/,18528607-f5f1-48bc-950b-09a3ad627950
https://www.boschrexroth.com/da/dk/service-og-support/ekonfiguratorer-og-vaerktoejer/,7ff4a06a-ab8d-495c-adda-a516c9eaeb03
https://www.boschrexroth.com/da/dk/service-og-support/ekonfiguratorer-og-vaerktoejer/simster/,fa26b07a-c5a8-48de-b732-4a2c59fe7fe4
https://www.boschrexroth.com/da/dk/service-og-support/salg/rexroth-store/,34ee1645-140f-4239-8237-7e8524cb6d53
https://www.boschrexroth.com/da/dk/service-og-support/virtuel-engineering/,df0dcbc5-130d-4626-9c21-129033fc3b06
https://www.boschrexroth.com/da/dk/service-og-support/salg/,f446739c-3030-47a2-9230-101739e5faa7
https://www.boschrexroth.com/da/dk/service-og-support/ekonfiguratorer-og-vaerktoejer/interactive-fluid-office-ifo/,ddf691a7-fba7-44e8-8e9f-064248765156
https://www.boschrexroth.com/da/dk/service-og-support/hydrauliske-vaesker/,f980f332-69c7-4a79-a187-04610a8c51e6
https://www.boschrexroth.com/da/dk/service-og-support/salg/certified-excellence/,6d75de1d-0193-4309-9ea1-d3fccad7ffed
https://www.boschrexroth.com/da/dk/downloads/cad-filer/,53a783c2-b3a9-4006-8e85-16034f294d8e
https://www.boschrexroth.com/da/dk/downloads/manualer/,03b80760-de36-47de-bea8-9101c2fbd131
https://www.boschrexroth.com/da/dk/downloads/datablade/,a4105050-ff0d-41a6-8f41-9f2b906fe807
https://www.boschrexroth.com/da/dk/downloads/faktablade/,8f941842-4974-4ded-8c24-04fa5bda82aa
https://www.boschrexroth.com/da/dk/akademiet/,194cadee-0e16-498d-8e97-b165dc63d207
https://www.boschrexroth.com/da/dk/brancher/vedvarende-energi/,7d53cef0-f2c2-40c2-840b-4849dce84868
https://www.boschrexroth.com/da/dk/akademiet/uddannelser/,af2447dd-f5fc-4b5b-9346-b90f48f30c6f
https://www.boschrexroth.com/da/dk/akademiet/media/,00decaf7-d55d-4080-90e2-3271a4e2eb68
https://www.boschrexroth.com/da/dk/job-og-karriere/,e481217a-916b-4550-8f85-0af7fc603a6a
https://www.boschrexroth.com/da/dk/job-og-karriere/faq/,8b134238-2e42-490a-8753-e5ff1c891623
https://www.boschrexroth.com/da/dk/job-og-karriere/jobmuligheder/,adfe8f50-db65-409e-9fa8-2d47380e338e
https://www.boschrexroth.com/da/dk/job-og-karriere/hvorfor-arbejde-hos-os/,3bf145eb-d435-4f16-9311-645d6dd300ec
https://www.boschrexroth.com/da/dk/job-og-karriere/interviews/,None
https://www.boschrexroth.com/da/dk/virksomhed/tal/,4c8b434b-0c85-49f8-92a7-da6f08006586
https://www.boschrexroth.com/da/dk/downloads/,df195e25-1ff1-4730-ab20-044b94a5f067
https://www.boschrexroth.com/da/dk/virksomhed/,17dfa2d0-8507-4502-974f-a6b96af190c9
https://www.boschrexroth.com/da/dk/virksomhed/blog/,None
https://www.boschrexroth.com/da/dk/service-og-support/ekonfiguratorer-og-vaerktoejer/scheme-editor/,f7fd9c9f-9941-4abc-9b65-a9344cc0daa5
https://www.boschrexroth.com/da/dk/virksomhed/baeredygtighed/,8b741f3e-df55-40eb-892a-d537f0ff07e7
https://www.boschrexroth.com/da/dk/virksomhed/vores-historie/,d30a06d0-8ee7-4195-b45c-7f689cd1e4be
https://www.boschrexroth.com/da/dk/virksomhed/direktion/,a965a595-29fa-4c5f-967e-73feae60b79d
https://www.boschrexroth.com/da/dk/virksomhed/digital-omstilling/,f4db96a0-505d-495a-b5b5-a6dac4d9bb3b
https://www.boschrexroth.com/da/dk/virksomhed/youdecide/,19969529-a390-4a98-a74d-8bd661523395
https://www.boschrexroth.com/da/dk/virksomhed/messer-og-events/,08616ca2-3aea-4c1e-bc15-abed73086b80
https://www.boschrexroth.com/fi/fi/tuotteet/,98465ab1-5cc1-4e99-b91a-748d495e4713
https://www.boschrexroth.com/fi/fi/tuotteet/teollisuusratkaisut/,074b9c9a-a014-44ef-bbde-1c41b21c6964
https://www.boschrexroth.com/da/dk/downloads/software/,3f9ab84d-8e1a-4bbd-bd33-0bccaecf0233
https://www.boschrexroth.com/fi/fi/tuotteet/teollisuusratkaisut/kokoonpanoteknologia/,ddfb8ad9-ca6f-43a6-b209-9000595cd282
https://www.boschrexroth.com/fi/fi/tuotteet/teollisuusratkaisut/teollisuushydrauliikka/,1be4e3d7-698c-4345-8f48-5c0c2cad201c
https://www.boschrexroth.com/fi/fi/tuotteet/teollisuusratkaisut/muovaus-ja-valutekniikat/,488629d3-a5d4-4b3c-aee6-35150a85d9ea
https://www.boschrexroth.com/fi/fi/tuotteet/teollisuusratkaisut/lineaaritekniikka/,e10f4578-45db-4ef4-98b7-acf3c7b5fc9d
https://www.boschrexroth.com/fi/fi/tuotteet/teollisuusratkaisut/mobiilirobotiikka/,250845bb-f01e-423a-b08c-baca3363dd46
https://www.boschrexroth.com/da/dk/akademiet/undervisningssystemer/,9c907e3c-e44c-4482-ab15-c65cab2d9075
https://www.boschrexroth.com/fi/fi/tuotteet/teollisuusratkaisut/hagglunds/,ae0d4661-ad50-4657-822a-71253576c9cf
https://www.boschrexroth.com/fi/fi/tuotteet/teollisuusratkaisut/kassow-robots/,89e1bccc-c2c2-4b43-8e37-4bbea4f256ab
https://www.boschrexroth.com/fi/fi/tuotteet/ratkaisut-liikkuville-tyoekoneille/mobilehydrauliikka/,e989aced-4c70-4391-9220-074ece3609bb
https://www.boschrexroth.com/fi/fi/tuotteet/ratkaisut-liikkuville-tyoekoneille/saehkoekaeytoet-liikkuviin-tyoekoneisiin/,42909484-d194-4cd4-be61-df9abe2a54ee
https://www.boschrexroth.com/fi/fi/tuotteet/teollisuusratkaisut/vastushitsaus/,a4b36c53-e06c-4b7a-a6aa-031dc1eb051e
https://www.boschrexroth.com/fi/fi/teollisuudet/,1aba1cb2-36c8-4ee8-9180-2b284de03bf2
https://www.boschrexroth.com/fi/fi/teollisuudet/kemianteollisuus/,bf70b606-eef4-46db-bc57-92153454d992
https://www.boschrexroth.com/fi/fi/teollisuudet/autoteollisuus/,8b7f8b4d-5a3e-46ec-bef7-ef87779c1b95
https://www.boschrexroth.com/fi/fi/tuotteet/teollisuusratkaisut/saehkoekaeytoet-ja-ohjausjaerjestelmaet/,5668ccd8-0533-49bb-b54c-d83d0b875afc
https://www.boschrexroth.com/fi/fi/teollisuudet/kulutustavarat/,7027d387-5bd8-477e-9b4e-dc63c8d99ca8
https://www.boschrexroth.com/fi/fi/tuotteet/teollisuusratkaisut/tightening-technology/,e6982f6e-6b3f-427b-b044-26789b1d9efa
https://www.boschrexroth.com/fi/fi/teollisuudet/energiateollisuus/,9a0bc077-74d6-428d-8481-1ffccb4bb5cc
https://www.boschrexroth.com/fi/fi/tuotteet/ratkaisut-liikkuville-tyoekoneille/siirrettaevien-tyoekoneiden-automaatio/,2b652472-ea54-4723-abc6-4f70846f6dcd
https://www.boschrexroth.com/fi/fi/tuotteet/ratkaisut-liikkuville-tyoekoneille/mobile-elektroniikka-ja-telematiikka/,50f2fd04-b4fd-4e33-a8f5-015f22aa975e
https://www.boschrexroth.com/fi/fi/teollisuudet/terveydenhuolto/,bf2427cc-883a-4bbd-bcb1-67bd56c97108
https://www.boschrexroth.com/fi/fi/teollisuudet/maa-ja-metsaetalous/,c335c830-7aee-489f-986e-55826cc786a3
https://www.boschrexroth.com/fi/fi/teollisuudet/vety/,81ed63cc-1be2-4369-b140-c04fc14e0f46
https://www.boschrexroth.com/fi/fi/teollisuudet/rakentaminen-ja-infrastruktuuri/,4b50d603-e82a-48d6-b032-df3d4ee01dff
https://www.boschrexroth.com/fi/fi/teollisuudet/akkutuotanto/,a51cddf9-51d9-4191-b8de-2f0cb2a74879
https://www.boschrexroth.com/fi/fi/teollisuudet/logistiikka-ja-kuljetus/,95b936c6-44fc-4527-9e4d-ac469fac69d2
https://www.boschrexroth.com/fi/fi/tuotteet/ratkaisut-liikkuville-tyoekoneille/vaihdelaatikot/,a50d5418-3037-4232-89bd-f78ed95e8326
https://www.boschrexroth.com/fi/fi/teollisuudet/materiaalit-ja-luonnonvarat/,ff9d3177-936d-4379-9458-0af0c0801ce9
https://www.boschrexroth.com/fi/fi/teollisuudet/kierraetys-ja-jaetteenkaesittely/,ebc8d045-7d5c-4b11-bbb0-0a1b99ce6fab
https://www.boschrexroth.com/fi/fi/teollisuudet/puolijohteet-ja-elektroniikka/,a0945e9a-4bc5-4f26-995f-2baa9803b243
https://www.boschrexroth.com/fi/fi/teollisuudet/uusiutuvat-energiat/,7d53cef0-f2c2-40c2-840b-4849dce84868
https://www.boschrexroth.com/fi/fi/teollisuudet/testausteknologia/,a31f93f3-0282-4ebf-9732-3994111ecea0
https://www.boschrexroth.com/fi/fi/huoltopalvelut/service/,d639e7ad-4734-4e58-8fbd-2a7517ca87f6
https://www.boschrexroth.com/fi/fi/huoltopalvelut/service/korjauspalvelut/,87cd324c-7984-4c8d-80e5-d24f02a821cb
https://www.boschrexroth.com/fi/fi/huoltopalvelut/,9281402d-5292-4fc7-9fc3-12057bac3fc8
https://www.boschrexroth.com/fi/fi/huoltopalvelut/service/varaosat/,7a622719-6488-4d14-a30a-63a615bbe28b
https://www.boschrexroth.com/fi/fi/tuotteet/ratkaisut-liikkuville-tyoekoneille/,48242c75-3e51-4651-84de-343b8c437371
https://www.boschrexroth.com/fi/fi/huoltopalvelut/service/kenttaehuolto/,18d0226b-4a2c-43bd-ba77-313291b3a927
https://www.boschrexroth.com/fi/fi/huoltopalvelut/service/modernisointi/,7a4343a4-490e-404d-ab2d-31710552d7be
https://www.boschrexroth.com/fi/fi/huoltopalvelut/konfigurointi-ja-suunnittelutyoekalut/,7ff4a06a-ab8d-495c-adda-a516c9eaeb03
https://www.boschrexroth.com/fi/fi/huoltopalvelut/konfigurointi-ja-suunnittelutyoekalut/simster/,fa26b07a-c5a8-48de-b732-4a2c59fe7fe4
https://www.boschrexroth.com/fi/fi/huoltopalvelut/konfigurointi-ja-suunnittelutyoekalut/interactive-fluid-office-ifo/,ddf691a7-fba7-44e8-8e9f-064248765156
https://www.boschrexroth.com/fi/fi/huoltopalvelut/konfigurointi-ja-suunnittelutyoekalut/indrasize/,None
https://www.boschrexroth.com/fi/fi/huoltopalvelut/konfigurointi-ja-suunnittelutyoekalut/scheme-editor/,f7fd9c9f-9941-4abc-9b65-a9344cc0daa5
https://www.boschrexroth.com/fi/fi/huoltopalvelut/virtuaalinen-suunnittelu/,None
https://www.boschrexroth.com/fi/fi/huoltopalvelut/hydraulinesteet/,f980f332-69c7-4a79-a187-04610a8c51e6
https://www.boschrexroth.com/fi/fi/huoltopalvelut/ostaminen/rexroth-store/,None
https://www.boschrexroth.com/fi/fi/huoltopalvelut/ostaminen/certified-excellence/,6d75de1d-0193-4309-9ea1-d3fccad7ffed
https://www.boschrexroth.com/fi/fi/ladattavat-sisaelloet/datalehdet/,a4105050-ff0d-41a6-8f41-9f2b906fe807
https://www.boschrexroth.com/fi/fi/teollisuudet/laeaeketeollisuus/,705604f5-ccba-4398-9448-55bc19e2d2ab
https://www.boschrexroth.com/fi/fi/huoltopalvelut/ostaminen/,f446739c-3030-47a2-9230-101739e5faa7
https://www.boschrexroth.com/fi/fi/ladattavat-sisaelloet/ohjelmistot/,3f9ab84d-8e1a-4bbd-bd33-0bccaecf0233
https://www.boschrexroth.com/fi/fi/ladattavat-sisaelloet/cad-tiedostot/,53a783c2-b3a9-4006-8e85-16034f294d8e
https://www.boschrexroth.com/fi/fi/ladattavat-sisaelloet/kaeyttoeoppaat/,03b80760-de36-47de-bea8-9101c2fbd131
https://www.boschrexroth.com/fi/fi/ladattavat-sisaelloet/tietosivut/,8f941842-4974-4ded-8c24-04fa5bda82aa
https://www.boschrexroth.com/fi/fi/academy/,194cadee-0e16-498d-8e97-b165dc63d207
https://www.boschrexroth.com/fi/fi/academy/training/,af2447dd-f5fc-4b5b-9346-b90f48f30c6f
https://www.boschrexroth.com/fi/fi/academy/media/,00decaf7-d55d-4080-90e2-3271a4e2eb68
https://www.boschrexroth.com/fi/fi/academy/training-systems/,9c907e3c-e44c-4482-ab15-c65cab2d9075
https://www.boschrexroth.com/fi/fi/tyoepaikat-ja-ura/tyoepaikat/,adfe8f50-db65-409e-9fa8-2d47380e338e
https://www.boschrexroth.com/fi/fi/tyoepaikat-ja-ura/graduate-specialist-ohjelma/,None
https://www.boschrexroth.com/fi/fi/tyoepaikat-ja-ura/,e481217a-916b-4550-8f85-0af7fc603a6a
https://www.boschrexroth.com/fi/fi/tyoepaikat-ja-ura/miksi-tyoeskennellae-bosch-rexrothilla/,3bf145eb-d435-4f16-9311-645d6dd300ec
https://www.boschrexroth.com/fi/fi/tyoepaikat-ja-ura/kesaetyoentekijoeiden-ja-harjoittelijoiden-kokemuksia/,None
https://www.boschrexroth.com/fi/fi/tyoepaikat-ja-ura/opinnaeytetyoe-rexrothilla/,None
https://www.boschrexroth.com/fi/fi/yritys/,17dfa2d0-8507-4502-974f-a6b96af190c9
https://www.boschrexroth.com/fi/fi/huoltopalvelut/service/digital-service-assistant/,18528607-f5f1-48bc-950b-09a3ad627950
https://www.boschrexroth.com/fi/fi/yritys/lukuja/,4c8b434b-0c85-49f8-92a7-da6f08006586
https://www.boschrexroth.com/fi/fi/yritys/hallitus/,a965a595-29fa-4c5f-967e-73feae60b79d
https://www.boschrexroth.com/fi/fi/yritys/yhtioemme-historia/,d30a06d0-8ee7-4195-b45c-7f689cd1e4be
https://www.boschrexroth.com/fi/fi/ladattavat-sisaelloet/,df195e25-1ff1-4730-ab20-044b94a5f067
https://www.boschrexroth.com/fi/fi/yritys/vastuullisuus/,8b741f3e-df55-40eb-892a-d537f0ff07e7
https://www.boschrexroth.com/fi/fi/yritys/blogi/,None
https://www.boschrexroth.com/fi/fi/yritys/digitalisaatio/,f4db96a0-505d-495a-b5b5-a6dac4d9bb3b
https://www.boschrexroth.com/fi/fi/yritys/youdecide/,19969529-a390-4a98-a74d-8bd661523395
https://www.boschrexroth.com/fi/fi/yritys/liikkeenhallinta-digitalisoituu/,None
https://www.boschrexroth.com/fi/fi/yritys/tuotantoteollisuuden-trendit-2022/,None
https://www.boschrexroth.com/de/de/produkte/industrielle-loesungen/,074b9c9a-a014-44ef-bbde-1c41b21c6964
https://www.boschrexroth.com/de/de/produkte/industrielle-loesungen/form-und-giesstechnik/,488629d3-a5d4-4b3c-aee6-35150a85d9ea
https://www.boschrexroth.com/de/de/produkte/industrielle-loesungen/kassow-robots/,89e1bccc-c2c2-4b43-8e37-4bbea4f256ab
https://www.boschrexroth.com/fi/fi/yritys/messut-ja-tapahtumat/,08616ca2-3aea-4c1e-bc15-abed73086b80
https://www.boschrexroth.com/de/de/produkte/loesungen-fuer-mobile-maschinen/elektrische-antriebe-fuer-mobile-maschinen/,42909484-d194-4cd4-be61-df9abe2a54ee
https://www.boschrexroth.com/de/de/produkte/industrielle-loesungen/lineartechnik/,e10f4578-45db-4ef4-98b7-acf3c7b5fc9d
https://www.boschrexroth.com/de/de/branchen/,1aba1cb2-36c8-4ee8-9180-2b284de03bf2
https://www.boschrexroth.com/de/de/produkte/industrielle-loesungen/mobile-robotik/,250845bb-f01e-423a-b08c-baca3363dd46
https://www.boschrexroth.com/de/de/produkte/industrielle-loesungen/schraubtechnik/,e6982f6e-6b3f-427b-b044-26789b1d9efa
https://www.boschrexroth.com/de/de/produkte/industrielle-loesungen/hagglunds/,ae0d4661-ad50-4657-822a-71253576c9cf
https://www.boschrexroth.com/de/de/produkte/loesungen-fuer-mobile-maschinen/mobilelektronik-und-telematik/,50f2fd04-b4fd-4e33-a8f5-015f22aa975e
https://www.boschrexroth.com/de/de/branchen/chemische-verarbeitung/,bf70b606-eef4-46db-bc57-92153454d992
https://www.boschrexroth.com/de/de/branchen/automotive/,8b7f8b4d-5a3e-46ec-bef7-ef87779c1b95
https://www.boschrexroth.com/de/de/produkte/loesungen-fuer-mobile-maschinen/mobilhydraulik/,e989aced-4c70-4391-9220-074ece3609bb
https://www.boschrexroth.com/de/de/produkte/loesungen-fuer-mobile-maschinen/,48242c75-3e51-4651-84de-343b8c437371
https://www.boschrexroth.com/de/de/produkte/loesungen-fuer-mobile-maschinen/automatisierung-fuer-mobile-maschinen/,2b652472-ea54-4723-abc6-4f70846f6dcd
https://www.boschrexroth.com/de/de/produkte/industrielle-loesungen/industriehydraulik/,1be4e3d7-698c-4345-8f48-5c0c2cad201c
https://www.boschrexroth.com/de/de/branchen/erneuerbare-energien/,7d53cef0-f2c2-40c2-840b-4849dce84868
https://www.boschrexroth.com/de/de/produkte/industrielle-loesungen/elektrische-antriebe-und-steuerungen/,5668ccd8-0533-49bb-b54c-d83d0b875afc
https://www.boschrexroth.com/de/de/branchen/gesundheitswesen/,bf2427cc-883a-4bbd-bcb1-67bd56c97108
https://www.boschrexroth.com/de/de/branchen/bauwesen-und-infrastruktur/,4b50d603-e82a-48d6-b032-df3d4ee01dff
https://www.boschrexroth.com/de/de/produkte/industrielle-loesungen/montagetechnik/,ddfb8ad9-ca6f-43a6-b209-9000595cd282
https://www.boschrexroth.com/de/de/branchen/halbleiter-und-elektronik/,a0945e9a-4bc5-4f26-995f-2baa9803b243
https://www.boschrexroth.com/de/de/produkte/,98465ab1-5cc1-4e99-b91a-748d495e4713
https://www.boschrexroth.com/de/de/produkte/loesungen-fuer-mobile-maschinen/getriebe/,a50d5418-3037-4232-89bd-f78ed95e8326
https://www.boschrexroth.com/de/de/branchen/anlagenbetreiber/,None
https://www.boschrexroth.com/de/de/branchen/energie-und-versorgungswirtschaft/,9a0bc077-74d6-428d-8481-1ffccb4bb5cc
https://www.boschrexroth.com/de/de/branchen/batteriefertigung/,a51cddf9-51d9-4191-b8de-2f0cb2a74879
https://www.boschrexroth.com/de/de/produkte/industrielle-loesungen/widerstandsschweissen/,a4b36c53-e06c-4b7a-a6aa-031dc1eb051e
https://www.boschrexroth.com/de/de/branchen/logistik-und-transport/,95b936c6-44fc-4527-9e4d-ac469fac69d2
https://www.boschrexroth.com/de/de/branchen/konsumgueter/,7027d387-5bd8-477e-9b4e-dc63c8d99ca8
https://www.boschrexroth.com/de/de/branchen/pharmazie/,705604f5-ccba-4398-9448-55bc19e2d2ab
https://www.boschrexroth.com/de/de/branchen/pruefstandstechnik/,a31f93f3-0282-4ebf-9732-3994111ecea0
https://www.boschrexroth.com/de/de/branchen/recycling-und-abfallbehandlung/,ebc8d045-7d5c-4b11-bbb0-0a1b99ce6fab
https://www.boschrexroth.com/de/de/branchen/rohstoffversorgung/,ff9d3177-936d-4379-9458-0af0c0801ce9
https://www.boschrexroth.com/de/de/service-und-support/service/ersatzteile/,7a622719-6488-4d14-a30a-63a615bbe28b
https://www.boschrexroth.com/de/de/service-und-support/service/,d639e7ad-4734-4e58-8fbd-2a7517ca87f6
https://www.boschrexroth.com/de/de/branchen/wasserstoff/,81ed63cc-1be2-4369-b140-c04fc14e0f46
https://www.boschrexroth.com/de/de/service-und-support/konfiguratoren-und-tools/,7ff4a06a-ab8d-495c-adda-a516c9eaeb03
https://www.boschrexroth.com/de/de/service-und-support/konfiguratoren-und-tools/simster/,fa26b07a-c5a8-48de-b732-4a2c59fe7fe4
https://www.boschrexroth.com/de/de/service-und-support/,9281402d-5292-4fc7-9fc3-12057bac3fc8
https://www.boschrexroth.com/de/de/service-und-support/digitaler-produktzwilling/,dcfbe822-15c5-48d6-9b48-e03b999ab945
https://www.boschrexroth.com/de/de/service-und-support/konfiguratoren-und-tools/interactive-fluid-office-ifo/,ddf691a7-fba7-44e8-8e9f-064248765156
https://www.boschrexroth.com/de/de/service-und-support/konfiguratoren-und-tools/scheme-editor/,f7fd9c9f-9941-4abc-9b65-a9344cc0daa5
https://www.boschrexroth.com/de/de/service-und-support/service/reparaturen/,87cd324c-7984-4c8d-80e5-d24f02a821cb
https://www.boschrexroth.com/de/de/service-und-support/service/field-service/,18d0226b-4a2c-43bd-ba77-313291b3a927
https://www.boschrexroth.com/de/de/service-und-support/service/modernisierung/,7a4343a4-490e-404d-ab2d-31710552d7be
https://www.boschrexroth.com/de/de/service-und-support/service/digital-service-assistant/,18528607-f5f1-48bc-950b-09a3ad627950
https://www.boschrexroth.com/de/de/service-und-support/so-kaufen-sie/,f446739c-3030-47a2-9230-101739e5faa7
https://www.boschrexroth.com/de/de/service-und-support/hydraulikfluessigkeiten/,f980f332-69c7-4a79-a187-04610a8c51e6
https://www.boschrexroth.com/de/de/service-und-support/so-kaufen-sie/oci-open-catalog-interface/,None
https://www.boschrexroth.com/de/de/service-und-support/so-kaufen-sie/rexroth-store/,34ee1645-140f-4239-8237-7e8524cb6d53
https://www.boschrexroth.com/de/de/service-und-support/so-kaufen-sie/edi-electronic-data-interchange/,None
https://www.boschrexroth.com/de/de/service-und-support/so-kaufen-sie/certified-excellence-partnerprogramm/,6d75de1d-0193-4309-9ea1-d3fccad7ffed
https://www.boschrexroth.com/de/de/service-und-support/virtual-engineering/,df0dcbc5-130d-4626-9c21-129033fc3b06
https://www.boschrexroth.com/de/de/service-und-support/so-kaufen-sie/direktvertrieb/,None
https://www.boschrexroth.com/de/de/branchen/land-und-forstwirtschaft/,c335c830-7aee-489f-986e-55826cc786a3
https://www.boschrexroth.com/de/de/downloads/cad-dateien/,53a783c2-b3a9-4006-8e85-16034f294d8e
https://www.boschrexroth.com/de/de/downloads/fact-sheets/,8f941842-4974-4ded-8c24-04fa5bda82aa
https://www.boschrexroth.com/de/de/downloads/anleitungen/,03b80760-de36-47de-bea8-9101c2fbd131
https://www.boschrexroth.com/de/de/downloads/software/,3f9ab84d-8e1a-4bbd-bd33-0bccaecf0233
https://www.boschrexroth.com/de/de/downloads/datenblaetter/,a4105050-ff0d-41a6-8f41-9f2b906fe807
https://www.boschrexroth.com/de/de/academy/trainingsfinder/,None
https://www.boschrexroth.com/de/de/academy/,194cadee-0e16-498d-8e97-b165dc63d207
https://www.boschrexroth.com/de/de/downloads/,df195e25-1ff1-4730-ab20-044b94a5f067
https://www.boschrexroth.com/de/de/academy/training/,af2447dd-f5fc-4b5b-9346-b90f48f30c6f
https://www.boschrexroth.com/de/de/academy/training-systems/,9c907e3c-e44c-4482-ab15-c65cab2d9075
https://www.boschrexroth.com/de/de/jobs-und-karriere/,e481217a-916b-4550-8f85-0af7fc603a6a
https://www.boschrexroth.com/de/de/academy/kontakt/,ef6eb2b8-c841-43ed-b876-a5c4ad07b9a4
https://www.boschrexroth.com/de/de/service-und-support/service/digitales-portfolio/,5e6fda8b-a855-4e59-99a1-bbb188e00ced
https://www.boschrexroth.com/de/de/academy/media/,00decaf7-d55d-4080-90e2-3271a4e2eb68
https://www.boschrexroth.com/de/de/jobs-und-karriere/einstiegsmoeglichkeiten/,adfe8f50-db65-409e-9fa8-2d47380e338e
https://www.boschrexroth.com/de/de/jobs-und-karriere/einstiegsmoeglichkeiten/schuelerinnen-und-schueler/,None
https://www.boschrexroth.com/de/de/unternehmen/referenzen/,None
https://www.boschrexroth.com/de/de/jobs-und-karriere/einstiegsmoeglichkeiten/studentinnen-und-studenten/,None
https://www.boschrexroth.com/de/de/jobs-und-karriere/einstiegsmoeglichkeiten/fach-und-fuehrungskraefte/,None
https://www.boschrexroth.com/de/de/jobs-und-karriere/faq/,8b134238-2e42-490a-8753-e5ff1c891623
https://www.boschrexroth.com/de/de/jobs-und-karriere/einstiegsmoeglichkeiten/absolventinnen-und-absolventen/,None
https://www.boschrexroth.com/de/de/jobs-und-karriere/unsere-standorte/,None
https://www.boschrexroth.com/de/de/jobs-und-karriere/was-uns-ausmacht/,3bf145eb-d435-4f16-9311-645d6dd300ec
https://www.boschrexroth.com/de/de/unternehmen/,17dfa2d0-8507-4502-974f-a6b96af190c9
https://www.boschrexroth.com/de/de/unternehmen/unsere-geschichte/,d30a06d0-8ee7-4195-b45c-7f689cd1e4be
https://www.boschrexroth.com/de/de/unternehmen/vorstand/,a965a595-29fa-4c5f-967e-73feae60b79d
https://www.boschrexroth.com/de/de/unternehmen/zahlen/,4c8b434b-0c85-49f8-92a7-da6f08006586
https://www.boschrexroth.com/de/de/unternehmen/nachhaltigkeit/,8b741f3e-df55-40eb-892a-d537f0ff07e7
https://www.boschrexroth.com/de/de/unternehmen/digitale-transformation/,f4db96a0-505d-495a-b5b5-a6dac4d9bb3b
https://www.boschrexroth.com/el/gr/products/,98465ab1-5cc1-4e99-b91a-748d495e4713
https://www.boschrexroth.com/de/de/unternehmen/cube-ulm/,None
https://www.boschrexroth.com/de/de/unternehmen/youdecide/,19969529-a390-4a98-a74d-8bd661523395
https://www.boschrexroth.com/de/de/unternehmen/messen-und-events/,08616ca2-3aea-4c1e-bc15-abed73086b80
https://www.boschrexroth.com/el/gr/products/industrial-solutions/industrial-hydraulics/,1be4e3d7-698c-4345-8f48-5c0c2cad201c
https://www.boschrexroth.com/el/gr/products/industrial-solutions/,074b9c9a-a014-44ef-bbde-1c41b21c6964
https://www.boschrexroth.com/el/gr/products/industrial-solutions/assembly-technology/,ddfb8ad9-ca6f-43a6-b209-9000595cd282
https://www.boschrexroth.com/el/gr/products/industrial-solutions/linear-motion-technology/,e10f4578-45db-4ef4-98b7-acf3c7b5fc9d
https://www.boschrexroth.com/el/gr/products/industrial-solutions/moulding-and-casting-technologies/,488629d3-a5d4-4b3c-aee6-35150a85d9ea
https://www.boschrexroth.com/el/gr/products/industrial-solutions/electric-drives-and-controls/,5668ccd8-0533-49bb-b54c-d83d0b875afc
https://www.boschrexroth.com/el/gr/products/solutions-for-mobile-machines/,48242c75-3e51-4651-84de-343b8c437371
https://www.boschrexroth.com/el/gr/products/industrial-solutions/kassow-robots/,89e1bccc-c2c2-4b43-8e37-4bbea4f256ab
https://www.boschrexroth.com/el/gr/products/industrial-solutions/mobile-robotics/,250845bb-f01e-423a-b08c-baca3363dd46
https://www.boschrexroth.com/el/gr/products/industrial-solutions/hagglunds/,ae0d4661-ad50-4657-822a-71253576c9cf
https://www.boschrexroth.com/el/gr/products/solutions-for-mobile-machines/mobile-hydraulics/,e989aced-4c70-4391-9220-074ece3609bb
https://www.boschrexroth.com/el/gr/products/solutions-for-mobile-machines/mobile-automation/,2b652472-ea54-4723-abc6-4f70846f6dcd
https://www.boschrexroth.com/el/gr/industries/automotive/,8b7f8b4d-5a3e-46ec-bef7-ef87779c1b95
https://www.boschrexroth.com/el/gr/industries/,1aba1cb2-36c8-4ee8-9180-2b284de03bf2
https://www.boschrexroth.com/el/gr/industries/construction-and-infrastructure/,4b50d603-e82a-48d6-b032-df3d4ee01dff
https://www.boschrexroth.com/el/gr/products/solutions-for-mobile-machines/mobile-electric-drives/,42909484-d194-4cd4-be61-df9abe2a54ee
https://www.boschrexroth.com/el/gr/industries/logistics-and-transport/,95b936c6-44fc-4527-9e4d-ac469fac69d2
https://www.boschrexroth.com/el/gr/industries/hydrogen/,81ed63cc-1be2-4369-b140-c04fc14e0f46
https://www.boschrexroth.com/el/gr/industries/chemical-processing/,bf70b606-eef4-46db-bc57-92153454d992
https://www.boschrexroth.com/el/gr/industries/agriculture-and-forestry/,c335c830-7aee-489f-986e-55826cc786a3
https://www.boschrexroth.com/el/gr/industries/healthcare/,bf2427cc-883a-4bbd-bcb1-67bd56c97108
https://www.boschrexroth.com/el/gr/industries/pharmaceutics/,705604f5-ccba-4398-9448-55bc19e2d2ab
https://www.boschrexroth.com/el/gr/industries/battery-production/,a51cddf9-51d9-4191-b8de-2f0cb2a74879
https://www.boschrexroth.com/el/gr/industries/energy-and-utilities/,9a0bc077-74d6-428d-8481-1ffccb4bb5cc
https://www.boschrexroth.com/el/gr/industries/consumer-goods/,7027d387-5bd8-477e-9b4e-dc63c8d99ca8
https://www.boschrexroth.com/el/gr/industries/recycling-and-waste-handling/,ebc8d045-7d5c-4b11-bbb0-0a1b99ce6fab
https://www.boschrexroth.com/el/gr/industries/semiconductors-and-electronics/,a0945e9a-4bc5-4f26-995f-2baa9803b243
https://www.boschrexroth.com/el/gr/products/industrial-solutions/tightening-technology/,e6982f6e-6b3f-427b-b044-26789b1d9efa
https://www.boschrexroth.com/el/gr/service-and-support/,9281402d-5292-4fc7-9fc3-12057bac3fc8
https://www.boschrexroth.com/el/gr/industries/testing-technology/,a31f93f3-0282-4ebf-9732-3994111ecea0
https://www.boschrexroth.com/el/gr/products/industrial-solutions/resistance-welding/,a4b36c53-e06c-4b7a-a6aa-031dc1eb051e
https://www.boschrexroth.com/el/gr/service-and-support/service/,d639e7ad-4734-4e58-8fbd-2a7517ca87f6
https://www.boschrexroth.com/el/gr/service-and-support/service/spare-parts/,7a622719-6488-4d14-a30a-63a615bbe28b
https://www.boschrexroth.com/el/gr/products/solutions-for-mobile-machines/gearboxes/,a50d5418-3037-4232-89bd-f78ed95e8326
https://www.boschrexroth.com/el/gr/service-and-support/service/repairs/,87cd324c-7984-4c8d-80e5-d24f02a821cb
https://www.boschrexroth.com/el/gr/products/solutions-for-mobile-machines/mobile-electronics-and-telematics/,50f2fd04-b4fd-4e33-a8f5-015f22aa975e
https://www.boschrexroth.com/el/gr/industries/materials-and-resources/,ff9d3177-936d-4379-9458-0af0c0801ce9
https://www.boschrexroth.com/el/gr/service-and-support/service/field-service/,18d0226b-4a2c-43bd-ba77-313291b3a927
https://www.boschrexroth.com/el/gr/service-and-support/service/digital-service-assistant/,18528607-f5f1-48bc-950b-09a3ad627950
https://www.boschrexroth.com/el/gr/service-and-support/econfigurators-and-tools/,7ff4a06a-ab8d-495c-adda-a516c9eaeb03
https://www.boschrexroth.com/el/gr/service-and-support/service/modernization/,7a4343a4-490e-404d-ab2d-31710552d7be
https://www.boschrexroth.com/el/gr/industries/renewable-energies/,7d53cef0-f2c2-40c2-840b-4849dce84868
https://www.boschrexroth.com/el/gr/service-and-support/service/digital-portfolio/,5e6fda8b-a855-4e59-99a1-bbb188e00ced
https://www.boschrexroth.com/el/gr/service-and-support/econfigurators-and-tools/simster/,fa26b07a-c5a8-48de-b732-4a2c59fe7fe4
https://www.boschrexroth.com/el/gr/service-and-support/econfigurators-and-tools/scheme-editor/,f7fd9c9f-9941-4abc-9b65-a9344cc0daa5
https://www.boschrexroth.com/el/gr/service-and-support/econfigurators-and-tools/interactive-fluid-office-ifo/,ddf691a7-fba7-44e8-8e9f-064248765156
https://www.boschrexroth.com/el/gr/service-and-support/hydraulic-fluids/,f980f332-69c7-4a79-a187-04610a8c51e6
https://www.boschrexroth.com/el/gr/downloads/cad-files/,53a783c2-b3a9-4006-8e85-16034f294d8e
https://www.boschrexroth.com/el/gr/service-and-support/buy/rexroth-store/,34ee1645-140f-4239-8237-7e8524cb6d53
https://www.boschrexroth.com/el/gr/service-and-support/buy/certified-excellence/,6d75de1d-0193-4309-9ea1-d3fccad7ffed
https://www.boschrexroth.com/el/gr/service-and-support/virtual-engineering/,df0dcbc5-130d-4626-9c21-129033fc3b06
https://www.boschrexroth.com/el/gr/service-and-support/buy/,f446739c-3030-47a2-9230-101739e5faa7
https://www.boschrexroth.com/el/gr/downloads/fact-sheets/,8f941842-4974-4ded-8c24-04fa5bda82aa
https://www.boschrexroth.com/el/gr/academy/,194cadee-0e16-498d-8e97-b165dc63d207
https://www.boschrexroth.com/el/gr/downloads/data-sheets/,a4105050-ff0d-41a6-8f41-9f2b906fe807
https://www.boschrexroth.com/el/gr/downloads/manuals/,03b80760-de36-47de-bea8-9101c2fbd131
https://www.boschrexroth.com/el/gr/academy/training-systems/,9c907e3c-e44c-4482-ab15-c65cab2d9075
https://www.boschrexroth.com/el/gr/jobs-and-career/job-opportunities/,adfe8f50-db65-409e-9fa8-2d47380e338e
https://www.boschrexroth.com/el/gr/downloads/software/,3f9ab84d-8e1a-4bbd-bd33-0bccaecf0233
https://www.boschrexroth.com/el/gr/academy/media/,00decaf7-d55d-4080-90e2-3271a4e2eb68
https://www.boschrexroth.com/el/gr/academy/training/,af2447dd-f5fc-4b5b-9346-b90f48f30c6f
https://www.boschrexroth.com/el/gr/jobs-and-career/,e481217a-916b-4550-8f85-0af7fc603a6a
https://www.boschrexroth.com/el/gr/jobs-and-career/why-work-with-us/,3bf145eb-d435-4f16-9311-645d6dd300ec
https://www.boschrexroth.com/el/gr/jobs-and-career/faq/,8b134238-2e42-490a-8753-e5ff1c891623
https://www.boschrexroth.com/el/gr/company/,17dfa2d0-8507-4502-974f-a6b96af190c9
https://www.boschrexroth.com/el/gr/company/figures/,4c8b434b-0c85-49f8-92a7-da6f08006586
https://www.boschrexroth.com/el/gr/company/executive-board/,a965a595-29fa-4c5f-967e-73feae60b79d
https://www.boschrexroth.com/el/gr/company/blog/,None
https://www.boschrexroth.com/el/gr/downloads/,df195e25-1ff1-4730-ab20-044b94a5f067
https://www.boschrexroth.com/el/gr/company/sustainability/,8b741f3e-df55-40eb-892a-d537f0ff07e7
https://www.boschrexroth.com/el/gr/company/our-history/,d30a06d0-8ee7-4195-b45c-7f689cd1e4be
https://www.boschrexroth.com/el/gr/company/digital-transformation/,f4db96a0-505d-495a-b5b5-a6dac4d9bb3b
https://www.boschrexroth.com/el/gr/company/youdecide/,19969529-a390-4a98-a74d-8bd661523395
https://www.boschrexroth.com/en/de/products/,98465ab1-5cc1-4e99-b91a-748d495e4713
https://www.boschrexroth.com/en/de/products/industrial-solutions/,074b9c9a-a014-44ef-bbde-1c41b21c6964
https://www.boschrexroth.com/el/gr/company/trade-shows-and-events/,08616ca2-3aea-4c1e-bc15-abed73086b80
https://www.boschrexroth.com/en/de/products/industrial-solutions/moulding-and-casting-technologies/,488629d3-a5d4-4b3c-aee6-35150a85d9ea
https://www.boschrexroth.com/en/de/products/industrial-solutions/hagglunds/,ae0d4661-ad50-4657-822a-71253576c9cf
https://www.boschrexroth.com/en/de/products/industrial-solutions/kassow-robots/,89e1bccc-c2c2-4b43-8e37-4bbea4f256ab
https://www.boschrexroth.com/en/de/products/industrial-solutions/mobile-robotics/,250845bb-f01e-423a-b08c-baca3363dd46
https://www.boschrexroth.com/en/de/products/industrial-solutions/linear-motion-technology/,e10f4578-45db-4ef4-98b7-acf3c7b5fc9d
https://www.boschrexroth.com/en/de/products/solutions-for-mobile-machines/,48242c75-3e51-4651-84de-343b8c437371
https://www.boschrexroth.com/en/de/products/solutions-for-mobile-machines/mobile-automation/,2b652472-ea54-4723-abc6-4f70846f6dcd
https://www.boschrexroth.com/en/de/products/solutions-for-mobile-machines/mobile-electric-drives/,42909484-d194-4cd4-be61-df9abe2a54ee
https://www.boschrexroth.com/en/de/products/industrial-solutions/assembly-technology/,ddfb8ad9-ca6f-43a6-b209-9000595cd282
https://www.boschrexroth.com/en/de/products/solutions-for-mobile-machines/mobile-electronics-and-telematics/,50f2fd04-b4fd-4e33-a8f5-015f22aa975e
https://www.boschrexroth.com/en/de/products/solutions-for-mobile-machines/mobile-hydraulics/,e989aced-4c70-4391-9220-074ece3609bb
https://www.boschrexroth.com/en/de/industries/,1aba1cb2-36c8-4ee8-9180-2b284de03bf2
https://www.boschrexroth.com/en/de/industries/enduser/,None
https://www.boschrexroth.com/en/de/industries/battery-production/,a51cddf9-51d9-4191-b8de-2f0cb2a74879
https://www.boschrexroth.com/en/de/industries/construction-and-infrastructure/,4b50d603-e82a-48d6-b032-df3d4ee01dff
https://www.boschrexroth.com/en/de/industries/automotive/,8b7f8b4d-5a3e-46ec-bef7-ef87779c1b95
https://www.boschrexroth.com/en/de/products/industrial-solutions/electric-drives-and-controls/,5668ccd8-0533-49bb-b54c-d83d0b875afc
https://www.boschrexroth.com/en/de/industries/chemical-processing/,bf70b606-eef4-46db-bc57-92153454d992
https://www.boschrexroth.com/en/de/products/industrial-solutions/resistance-welding/,a4b36c53-e06c-4b7a-a6aa-031dc1eb051e
https://www.boschrexroth.com/en/de/industries/renewable-energies/,7d53cef0-f2c2-40c2-840b-4849dce84868
https://www.boschrexroth.com/en/de/products/industrial-solutions/tightening-technology/,e6982f6e-6b3f-427b-b044-26789b1d9efa
https://www.boschrexroth.com/en/de/industries/energy-and-utilities/,9a0bc077-74d6-428d-8481-1ffccb4bb5cc
https://www.boschrexroth.com/en/de/products/solutions-for-mobile-machines/gearboxes/,a50d5418-3037-4232-89bd-f78ed95e8326
https://www.boschrexroth.com/en/de/industries/healthcare/,bf2427cc-883a-4bbd-bcb1-67bd56c97108
https://www.boschrexroth.com/en/de/industries/semiconductors-and-electronics/,a0945e9a-4bc5-4f26-995f-2baa9803b243
https://www.boschrexroth.com/en/de/industries/consumer-goods/,7027d387-5bd8-477e-9b4e-dc63c8d99ca8
https://www.boschrexroth.com/en/de/industries/agriculture-and-forestry/,c335c830-7aee-489f-986e-55826cc786a3
https://www.boschrexroth.com/en/de/industries/pharmaceutics/,705604f5-ccba-4398-9448-55bc19e2d2ab
https://www.boschrexroth.com/en/de/industries/testing-technology/,a31f93f3-0282-4ebf-9732-3994111ecea0
https://www.boschrexroth.com/en/de/industries/materials-and-resources/,ff9d3177-936d-4379-9458-0af0c0801ce9
https://www.boschrexroth.com/en/de/industries/hydrogen/,81ed63cc-1be2-4369-b140-c04fc14e0f46
https://www.boschrexroth.com/en/de/service-and-support/service/,d639e7ad-4734-4e58-8fbd-2a7517ca87f6
https://www.boschrexroth.com/en/de/service-and-support/,9281402d-5292-4fc7-9fc3-12057bac3fc8
https://www.boschrexroth.com/en/de/service-and-support/service/spare-parts/,7a622719-6488-4d14-a30a-63a615bbe28b
https://www.boschrexroth.com/en/de/service-and-support/service/field-service/,18d0226b-4a2c-43bd-ba77-313291b3a927
https://www.boschrexroth.com/en/de/service-and-support/service/repairs/,87cd324c-7984-4c8d-80e5-d24f02a821cb
https://www.boschrexroth.com/en/de/service-and-support/service/modernization/,7a4343a4-490e-404d-ab2d-31710552d7be
https://www.boschrexroth.com/en/de/service-and-support/econfigurators-and-tools/,7ff4a06a-ab8d-495c-adda-a516c9eaeb03
https://www.boschrexroth.com/en/de/products/industrial-solutions/industrial-hydraulics/,1be4e3d7-698c-4345-8f48-5c0c2cad201c
https://www.boschrexroth.com/en/de/service-and-support/service/digital-portfolio/,5e6fda8b-a855-4e59-99a1-bbb188e00ced
https://www.boschrexroth.com/en/de/service-and-support/econfigurators-and-tools/simster/,fa26b07a-c5a8-48de-b732-4a2c59fe7fe4
https://www.boschrexroth.com/en/de/service-and-support/econfigurators-and-tools/scheme-editor/,f7fd9c9f-9941-4abc-9b65-a9344cc0daa5
https://www.boschrexroth.com/en/de/service-and-support/econfigurators-and-tools/interactive-fluid-office-ifo/,ddf691a7-fba7-44e8-8e9f-064248765156
https://www.boschrexroth.com/en/de/service-and-support/digital-product-twin/,dcfbe822-15c5-48d6-9b48-e03b999ab945
https://www.boschrexroth.com/en/de/service-and-support/service/digital-service-assistant/,18528607-f5f1-48bc-950b-09a3ad627950
https://www.boschrexroth.com/en/de/service-and-support/virtual-engineering/,df0dcbc5-130d-4626-9c21-129033fc3b06
https://www.boschrexroth.com/en/de/service-and-support/hydraulic-fluids/,f980f332-69c7-4a79-a187-04610a8c51e6
https://www.boschrexroth.com/en/de/service-and-support/buy/,f446739c-3030-47a2-9230-101739e5faa7
https://www.boschrexroth.com/en/de/service-and-support/buy/certified-excellence/,6d75de1d-0193-4309-9ea1-d3fccad7ffed
https://www.boschrexroth.com/en/de/service-and-support/buy/rexroth-store/,34ee1645-140f-4239-8237-7e8524cb6d53
https://www.boschrexroth.com/en/de/service-and-support/buy/direct-sales/,None
https://www.boschrexroth.com/en/de/service-and-support/buy/edi-electronic-data-interchange/,None
https://www.boschrexroth.com/en/de/industries/logistics-and-transport/,95b936c6-44fc-4527-9e4d-ac469fac69d2
https://www.boschrexroth.com/en/de/service-and-support/buy/oci-open-catalog-interface/,None
https://www.boschrexroth.com/en/de/downloads/cad-files/,53a783c2-b3a9-4006-8e85-16034f294d8e
https://www.boschrexroth.com/en/de/downloads/fact-sheets/,8f941842-4974-4ded-8c24-04fa5bda82aa
https://www.boschrexroth.com/en/de/downloads/manuals/,03b80760-de36-47de-bea8-9101c2fbd131
https://www.boschrexroth.com/en/de/downloads/data-sheets/,a4105050-ff0d-41a6-8f41-9f2b906fe807
https://www.boschrexroth.com/en/de/academy/trainingsfinder/,None
https://www.boschrexroth.com/en/de/downloads/software/,3f9ab84d-8e1a-4bbd-bd33-0bccaecf0233
https://www.boschrexroth.com/en/de/industries/recycling-and-waste-handling/,ebc8d045-7d5c-4b11-bbb0-0a1b99ce6fab
https://www.boschrexroth.com/en/de/academy/,194cadee-0e16-498d-8e97-b165dc63d207
https://www.boschrexroth.com/en/de/academy/training/,af2447dd-f5fc-4b5b-9346-b90f48f30c6f
https://www.boschrexroth.com/en/de/academy/training-systems/,9c907e3c-e44c-4482-ab15-c65cab2d9075
https://www.boschrexroth.com/en/de/academy/media/,00decaf7-d55d-4080-90e2-3271a4e2eb68
https://www.boschrexroth.com/en/de/jobs-and-career/,e481217a-916b-4550-8f85-0af7fc603a6a
https://www.boschrexroth.com/en/de/jobs-and-career/job-opportunities/,adfe8f50-db65-409e-9fa8-2d47380e338e
https://www.boschrexroth.com/en/de/academy/contact/,ef6eb2b8-c841-43ed-b876-a5c4ad07b9a4
https://www.boschrexroth.com/en/de/jobs-and-career/job-opportunities/professionals/,None
https://www.boschrexroth.com/en/de/jobs-and-career/job-opportunities/university-students/,None
https://www.boschrexroth.com/en/de/jobs-and-career/job-opportunities/graduates/,None
https://www.boschrexroth.com/en/de/jobs-and-career/job-opportunities/school-students/,None
https://www.boschrexroth.com/en/de/jobs-and-career/why-work-with-us/,3bf145eb-d435-4f16-9311-645d6dd300ec
https://www.boschrexroth.com/en/de/company/figures/,4c8b434b-0c85-49f8-92a7-da6f08006586
https://www.boschrexroth.com/en/de/company/,17dfa2d0-8507-4502-974f-a6b96af190c9
https://www.boschrexroth.com/en/de/jobs-and-career/our-locations/,None
https://www.boschrexroth.com/en/de/jobs-and-career/faq/,8b134238-2e42-490a-8753-e5ff1c891623
https://www.boschrexroth.com/en/de/company/executive-board/,a965a595-29fa-4c5f-967e-73feae60b79d
https://www.boschrexroth.com/en/de/company/references/,None
https://www.boschrexroth.com/en/de/company/our-history/,d30a06d0-8ee7-4195-b45c-7f689cd1e4be
https://www.boschrexroth.com/en/de/company/sustainability/,8b741f3e-df55-40eb-892a-d537f0ff07e7
https://www.boschrexroth.com/en/de/company/digital-transformation/,f4db96a0-505d-495a-b5b5-a6dac4d9bb3b
https://www.boschrexroth.com/en/de/company/youdecide/,19969529-a390-4a98-a74d-8bd661523395
https://www.boschrexroth.com/en/de/company/cube-ulm/,None
https://www.boschrexroth.com/hu/hu/termekek/,98465ab1-5cc1-4e99-b91a-748d495e4713
https://www.boschrexroth.com/en/de/company/trade-shows-and-events/,08616ca2-3aea-4c1e-bc15-abed73086b80
https://www.boschrexroth.com/hu/hu/termekek/ipari-megoldasok/,074b9c9a-a014-44ef-bbde-1c41b21c6964
https://www.boschrexroth.com/hu/hu/termekek/ipari-megoldasok/szerelestechnika/,ddfb8ad9-ca6f-43a6-b209-9000595cd282
https://www.boschrexroth.com/hu/hu/termekek/ipari-megoldasok/ipari-hidraulika/,1be4e3d7-698c-4345-8f48-5c0c2cad201c
https://www.boschrexroth.com/hu/hu/termekek/ipari-megoldasok/linearis-mozgatastechnika/,e10f4578-45db-4ef4-98b7-acf3c7b5fc9d
https://www.boschrexroth.com/hu/hu/termekek/ipari-megoldasok/alakitas-es-oentestechnologia/,488629d3-a5d4-4b3c-aee6-35150a85d9ea
https://www.boschrexroth.com/hu/hu/termekek/ipari-megoldasok/mobil-robotika/,250845bb-f01e-423a-b08c-baca3363dd46
https://www.boschrexroth.com/hu/hu/termekek/ipari-megoldasok/hagglunds/,ae0d4661-ad50-4657-822a-71253576c9cf
https://www.boschrexroth.com/hu/hu/termekek/ipari-megoldasok/kassow-robots/,89e1bccc-c2c2-4b43-8e37-4bbea4f256ab
https://www.boschrexroth.com/hu/hu/termekek/megoldasok-mobil-munkagepekhez/,48242c75-3e51-4651-84de-343b8c437371
https://www.boschrexroth.com/hu/hu/termekek/megoldasok-mobil-munkagepekhez/mobil-elektromos-hajtasok/,42909484-d194-4cd4-be61-df9abe2a54ee
https://www.boschrexroth.com/hu/hu/termekek/megoldasok-mobil-munkagepekhez/mobil-hidraulika/,e989aced-4c70-4391-9220-074ece3609bb
https://www.boschrexroth.com/hu/hu/termekek/megoldasok-mobil-munkagepekhez/mobil-automatizalas/,2b652472-ea54-4723-abc6-4f70846f6dcd
https://www.boschrexroth.com/hu/hu/termekek/megoldasok-mobil-munkagepekhez/mobil-elektronika-es-telematika/,50f2fd04-b4fd-4e33-a8f5-015f22aa975e
https://www.boschrexroth.com/hu/hu/iparagak/,1aba1cb2-36c8-4ee8-9180-2b284de03bf2
https://www.boschrexroth.com/hu/hu/termekek/ipari-megoldasok/villamos-hajtasok-es-vezerlesek/,5668ccd8-0533-49bb-b54c-d83d0b875afc
https://www.boschrexroth.com/hu/hu/iparagak/mezogazdasag-es-erdeszet/,c335c830-7aee-489f-986e-55826cc786a3
https://www.boschrexroth.com/hu/hu/iparagak/vegyipari-eljarastechnika/,bf70b606-eef4-46db-bc57-92153454d992
https://www.boschrexroth.com/hu/hu/iparagak/epitoipar-es-infrastruktura/,4b50d603-e82a-48d6-b032-df3d4ee01dff
https://www.boschrexroth.com/hu/hu/iparagak/autoipar/,8b7f8b4d-5a3e-46ec-bef7-ef87779c1b95
https://www.boschrexroth.com/en/de/downloads/,df195e25-1ff1-4730-ab20-044b94a5f067
https://www.boschrexroth.com/hu/hu/iparagak/akkumulatorgyartas/,a51cddf9-51d9-4191-b8de-2f0cb2a74879
https://www.boschrexroth.com/hu/hu/termekek/ipari-megoldasok/csavarozastechnika/,e6982f6e-6b3f-427b-b044-26789b1d9efa
https://www.boschrexroth.com/hu/hu/iparagak/fogyasztasi-cikkek/,7027d387-5bd8-477e-9b4e-dc63c8d99ca8
https://www.boschrexroth.com/hu/hu/termekek/ipari-megoldasok/ellenallas-hegesztes/,a4b36c53-e06c-4b7a-a6aa-031dc1eb051e
https://www.boschrexroth.com/hu/hu/iparagak/fogyasztasi-cikkek/fmcg-ebook.html,None
https://www.boschrexroth.com/hu/hu/iparagak/energia-es-koezmuvek/,9a0bc077-74d6-428d-8481-1ffccb4bb5cc
https://www.boschrexroth.com/hu/hu/iparagak/egeszseguegy/,bf2427cc-883a-4bbd-bcb1-67bd56c97108
https://www.boschrexroth.com/hu/hu/iparagak/logisztika-es-szallitas/,95b936c6-44fc-4527-9e4d-ac469fac69d2
https://www.boschrexroth.com/hu/hu/iparagak/hidrogen/,81ed63cc-1be2-4369-b140-c04fc14e0f46
https://www.boschrexroth.com/hu/hu/termekek/megoldasok-mobil-munkagepekhez/hajtomuvek/,a50d5418-3037-4232-89bd-f78ed95e8326
https://www.boschrexroth.com/hu/hu/iparagak/nyersanyagok-es-eroforrasok/,ff9d3177-936d-4379-9458-0af0c0801ce9
https://www.boschrexroth.com/hu/hu/iparagak/gyogyszergyartas/,705604f5-ccba-4398-9448-55bc19e2d2ab
https://www.boschrexroth.com/hu/hu/iparagak/ujrahasznositas-es-hulladekkezeles/,ebc8d045-7d5c-4b11-bbb0-0a1b99ce6fab
https://www.boschrexroth.com/hu/hu/iparagak/megujulo-energiak/,7d53cef0-f2c2-40c2-840b-4849dce84868
https://www.boschrexroth.com/hu/hu/iparagak/felvezetok-es-elektronika/,a0945e9a-4bc5-4f26-995f-2baa9803b243
https://www.boschrexroth.com/hu/hu/iparagak/vizsgalati-technologia/,a31f93f3-0282-4ebf-9732-3994111ecea0
https://www.boschrexroth.com/hu/hu/iparagak/ipar-4-0-megoldasok/,None
https://www.boschrexroth.com/hu/hu/iparagak/raktarautomatizalas-es-intralogisztika/,None
https://www.boschrexroth.com/hu/hu/iparagak/ipar-4-0-megoldasok/ipar-4-0-csomagok/,None
https://www.boschrexroth.com/hu/hu/iparagak/raktarautomatizalas-es-intralogisztika/webinar/,None
https://www.boschrexroth.com/hu/hu/szerviz-es-tamogatas/szerviz/potalkatreszek/,7a622719-6488-4d14-a30a-63a615bbe28b
https://www.boschrexroth.com/hu/hu/szerviz-es-tamogatas/,9281402d-5292-4fc7-9fc3-12057bac3fc8
https://www.boschrexroth.com/hu/hu/szerviz-es-tamogatas/szerviz/,d639e7ad-4734-4e58-8fbd-2a7517ca87f6
https://www.boschrexroth.com/hu/hu/szerviz-es-tamogatas/szerviz/javitas/,87cd324c-7984-4c8d-80e5-d24f02a821cb
https://www.boschrexroth.com/hu/hu/szerviz-es-tamogatas/szerviz/modernizalas/,7a4343a4-490e-404d-ab2d-31710552d7be
https://www.boschrexroth.com/hu/hu/szerviz-es-tamogatas/szerviz/helyszini-szerviz/,18d0226b-4a2c-43bd-ba77-313291b3a927
https://www.boschrexroth.com/hu/hu/szerviz-es-tamogatas/szerviz/digitalis-portfolio/,5e6fda8b-a855-4e59-99a1-bbb188e00ced
https://www.boschrexroth.com/hu/hu/szerviz-es-tamogatas/szerviz/digital-service-assistant/,18528607-f5f1-48bc-950b-09a3ad627950
https://www.boschrexroth.com/hu/hu/szerviz-es-tamogatas/szerviz/megelozo-karbantartas/,None
https://www.boschrexroth.com/hu/hu/szerviz-es-tamogatas/ekonfiguratorok-es-segedeszkoezoek/simster/,fa26b07a-c5a8-48de-b732-4a2c59fe7fe4
https://www.boschrexroth.com/hu/hu/szerviz-es-tamogatas/szerviz/dokumentumok/,None
https://www.boschrexroth.com/hu/hu/szerviz-es-tamogatas/szerviz/kedvezmenyes-szervizajanlataink/,None
https://www.boschrexroth.com/hu/hu/szerviz-es-tamogatas/ekonfiguratorok-es-segedeszkoezoek/,7ff4a06a-ab8d-495c-adda-a516c9eaeb03
https://www.boschrexroth.com/hu/hu/szerviz-es-tamogatas/ekonfiguratorok-es-segedeszkoezoek/scheme-editor/,f7fd9c9f-9941-4abc-9b65-a9344cc0daa5
https://www.boschrexroth.com/hu/hu/szerviz-es-tamogatas/virtualis-mernoeki-tervezes/,df0dcbc5-130d-4626-9c21-129033fc3b06
https://www.boschrexroth.com/hu/hu/szerviz-es-tamogatas/ekonfiguratorok-es-segedeszkoezoek/interactive-fluid-office-ifo/,ddf691a7-fba7-44e8-8e9f-064248765156
https://www.boschrexroth.com/hu/hu/szerviz-es-tamogatas/hidraulikafolyadekok/,f980f332-69c7-4a79-a187-04610a8c51e6
https://www.boschrexroth.com/hu/hu/letoeltesek/cad-fajlok/,53a783c2-b3a9-4006-8e85-16034f294d8e
https://www.boschrexroth.com/hu/hu/letoeltesek/adatlapok/,a4105050-ff0d-41a6-8f41-9f2b906fe807
https://www.boschrexroth.com/hu/hu/letoeltesek/kezikoenyvek/,03b80760-de36-47de-bea8-9101c2fbd131
https://www.boschrexroth.com/hu/hu/academy/,194cadee-0e16-498d-8e97-b165dc63d207
https://www.boschrexroth.com/hu/hu/letoeltesek/szoftverek/,3f9ab84d-8e1a-4bbd-bd33-0bccaecf0233
https://www.boschrexroth.com/hu/hu/academy/training/,af2447dd-f5fc-4b5b-9346-b90f48f30c6f
https://www.boschrexroth.com/hu/hu/academy/training-systems/,9c907e3c-e44c-4482-ab15-c65cab2d9075
https://www.boschrexroth.com/hu/hu/academy/media/,00decaf7-d55d-4080-90e2-3271a4e2eb68
https://www.boschrexroth.com/hu/hu/academy/magyar-nyelvu-kepzesek/,None
https://www.boschrexroth.com/hu/hu/academy/ipar-4-0-tanfolyamok/,None
https://www.boschrexroth.com/hu/hu/academy/magyar-nyelvu-kepzesek/jelentkezes/,None
https://www.boschrexroth.com/hu/hu/academy/magyar-nyelvu-kepzesek/magyar-nyelvu-irodai-kepzesek/,None
https://www.boschrexroth.com/hu/hu/vallalat/blog/,None
https://www.boschrexroth.com/hu/hu/letoeltesek/,df195e25-1ff1-4730-ab20-044b94a5f067
https://www.boschrexroth.com/hu/hu/allas-es-karrier/,e481217a-916b-4550-8f85-0af7fc603a6a
https://www.boschrexroth.com/hu/hu/allas-es-karrier/gyik/,8b134238-2e42-490a-8753-e5ff1c891623
https://www.boschrexroth.com/hu/hu/allas-es-karrier/miert-erdemes-nalunk-dolgozni/,3bf145eb-d435-4f16-9311-645d6dd300ec
https://www.boschrexroth.com/hu/hu/allas-es-karrier/allaslehetosegek/,adfe8f50-db65-409e-9fa8-2d47380e338e
https://www.boschrexroth.com/hu/hu/vallalat/szamok/,4c8b434b-0c85-49f8-92a7-da6f08006586
https://www.boschrexroth.com/hu/hu/vallalat/,17dfa2d0-8507-4502-974f-a6b96af190c9
https://www.boschrexroth.com/hu/hu/vallalat/fenntarthatosag/,8b741f3e-df55-40eb-892a-d537f0ff07e7
https://www.boschrexroth.com/hu/hu/vallalat/igazgatotanacs/,a965a595-29fa-4c5f-967e-73feae60b79d
https://www.boschrexroth.com/hu/hu/vallalat/toertenetuenk/,d30a06d0-8ee7-4195-b45c-7f689cd1e4be
https://www.boschrexroth.com/hu/hu/vallalat/digitalis-atalakulas/,f4db96a0-505d-495a-b5b5-a6dac4d9bb3b
https://www.boschrexroth.com/hu/hu/vallalat/youdecide/,19969529-a390-4a98-a74d-8bd661523395
https://www.boschrexroth.com/hu/hu/vallalat/tanusitvanyok/,None
https://www.boschrexroth.com/hu/hu/kutatas-fejlesztes/,None
https://www.boschrexroth.com/en/gr/products/,98465ab1-5cc1-4e99-b91a-748d495e4713
https://www.boschrexroth.com/hu/hu/vallalat/szakkiallitasok-es-rendezvenyek/,08616ca2-3aea-4c1e-bc15-abed73086b80
https://www.boschrexroth.com/en/gr/products/industrial-solutions/,074b9c9a-a014-44ef-bbde-1c41b21c6964
https://www.boschrexroth.com/hu/hu/letoeltesek/termektajekoztatok/,8f941842-4974-4ded-8c24-04fa5bda82aa
https://www.boschrexroth.com/en/gr/products/industrial-solutions/assembly-technology/,ddfb8ad9-ca6f-43a6-b209-9000595cd282
https://www.boschrexroth.com/en/gr/products/industrial-solutions/industrial-hydraulics/,1be4e3d7-698c-4345-8f48-5c0c2cad201c
https://www.boschrexroth.com/en/gr/products/industrial-solutions/linear-motion-technology/,e10f4578-45db-4ef4-98b7-acf3c7b5fc9d
https://www.boschrexroth.com/en/gr/products/industrial-solutions/moulding-and-casting-technologies/,488629d3-a5d4-4b3c-aee6-35150a85d9ea
https://www.boschrexroth.com/en/gr/products/industrial-solutions/mobile-robotics/,250845bb-f01e-423a-b08c-baca3363dd46
https://www.boschrexroth.com/en/gr/products/industrial-solutions/hagglunds/,ae0d4661-ad50-4657-822a-71253576c9cf
https://www.boschrexroth.com/en/gr/products/industrial-solutions/kassow-robots/,89e1bccc-c2c2-4b43-8e37-4bbea4f256ab
https://www.boschrexroth.com/en/gr/products/solutions-for-mobile-machines/,48242c75-3e51-4651-84de-343b8c437371
https://www.boschrexroth.com/en/gr/products/solutions-for-mobile-machines/mobile-electronics-and-telematics/,50f2fd04-b4fd-4e33-a8f5-015f22aa975e
https://www.boschrexroth.com/en/gr/products/solutions-for-mobile-machines/mobile-hydraulics/,e989aced-4c70-4391-9220-074ece3609bb
https://www.boschrexroth.com/en/gr/products/industrial-solutions/electric-drives-and-controls/,5668ccd8-0533-49bb-b54c-d83d0b875afc
https://www.boschrexroth.com/en/gr/products/solutions-for-mobile-machines/mobile-electric-drives/,42909484-d194-4cd4-be61-df9abe2a54ee
https://www.boschrexroth.com/en/gr/products/industrial-solutions/tightening-technology/,e6982f6e-6b3f-427b-b044-26789b1d9efa
https://www.boschrexroth.com/en/gr/products/solutions-for-mobile-machines/mobile-automation/,2b652472-ea54-4723-abc6-4f70846f6dcd
https://www.boschrexroth.com/en/gr/industries/agriculture-and-forestry/,c335c830-7aee-489f-986e-55826cc786a3
https://www.boschrexroth.com/en/gr/industries/,1aba1cb2-36c8-4ee8-9180-2b284de03bf2
https://www.boschrexroth.com/en/gr/products/industrial-solutions/resistance-welding/,a4b36c53-e06c-4b7a-a6aa-031dc1eb051e
https://www.boschrexroth.com/en/gr/industries/automotive/,8b7f8b4d-5a3e-46ec-bef7-ef87779c1b95
https://www.boschrexroth.com/en/gr/industries/chemical-processing/,bf70b606-eef4-46db-bc57-92153454d992
https://www.boschrexroth.com/en/gr/industries/battery-production/,a51cddf9-51d9-4191-b8de-2f0cb2a74879
https://www.boschrexroth.com/en/gr/industries/construction-and-infrastructure/,4b50d603-e82a-48d6-b032-df3d4ee01dff
https://www.boschrexroth.com/en/gr/industries/consumer-goods/,7027d387-5bd8-477e-9b4e-dc63c8d99ca8
https://www.boschrexroth.com/en/gr/industries/energy-and-utilities/,9a0bc077-74d6-428d-8481-1ffccb4bb5cc
https://www.boschrexroth.com/en/gr/industries/hydrogen/,81ed63cc-1be2-4369-b140-c04fc14e0f46
https://www.boschrexroth.com/en/gr/industries/healthcare/,bf2427cc-883a-4bbd-bcb1-67bd56c97108
https://www.boschrexroth.com/en/gr/industries/logistics-and-transport/,95b936c6-44fc-4527-9e4d-ac469fac69d2
https://www.boschrexroth.com/en/gr/industries/pharmaceutics/,705604f5-ccba-4398-9448-55bc19e2d2ab
https://www.boschrexroth.com/en/gr/industries/materials-and-resources/,ff9d3177-936d-4379-9458-0af0c0801ce9
https://www.boschrexroth.com/en/gr/industries/renewable-energies/,7d53cef0-f2c2-40c2-840b-4849dce84868
https://www.boschrexroth.com/en/gr/industries/semiconductors-and-electronics/,a0945e9a-4bc5-4f26-995f-2baa9803b243
https://www.boschrexroth.com/en/gr/industries/recycling-and-waste-handling/,ebc8d045-7d5c-4b11-bbb0-0a1b99ce6fab
https://www.boschrexroth.com/en/gr/industries/testing-technology/,a31f93f3-0282-4ebf-9732-3994111ecea0
https://www.boschrexroth.com/en/gr/products/solutions-for-mobile-machines/gearboxes/,a50d5418-3037-4232-89bd-f78ed95e8326
https://www.boschrexroth.com/en/gr/service-and-support/,9281402d-5292-4fc7-9fc3-12057bac3fc8
https://www.boschrexroth.com/en/gr/service-and-support/service/,d639e7ad-4734-4e58-8fbd-2a7517ca87f6
https://www.boschrexroth.com/en/gr/service-and-support/service/spare-parts/,7a622719-6488-4d14-a30a-63a615bbe28b
https://www.boschrexroth.com/en/gr/service-and-support/service/repairs/,87cd324c-7984-4c8d-80e5-d24f02a821cb
https://www.boschrexroth.com/en/gr/service-and-support/service/field-service/,18d0226b-4a2c-43bd-ba77-313291b3a927
https://www.boschrexroth.com/en/gr/service-and-support/service/modernization/,7a4343a4-490e-404d-ab2d-31710552d7be
https://www.boschrexroth.com/en/gr/service-and-support/service/digital-portfolio/,5e6fda8b-a855-4e59-99a1-bbb188e00ced
https://www.boschrexroth.com/en/gr/service-and-support/service/digital-service-assistant/,18528607-f5f1-48bc-950b-09a3ad627950
https://www.boschrexroth.com/en/gr/service-and-support/econfigurators-and-tools/scheme-editor/,f7fd9c9f-9941-4abc-9b65-a9344cc0daa5
https://www.boschrexroth.com/en/gr/service-and-support/econfigurators-and-tools/simster/,fa26b07a-c5a8-48de-b732-4a2c59fe7fe4
https://www.boschrexroth.com/en/gr/service-and-support/econfigurators-and-tools/,7ff4a06a-ab8d-495c-adda-a516c9eaeb03
https://www.boschrexroth.com/en/gr/service-and-support/econfigurators-and-tools/interactive-fluid-office-ifo/,ddf691a7-fba7-44e8-8e9f-064248765156
https://www.boschrexroth.com/en/gr/service-and-support/hydraulic-fluids/,f980f332-69c7-4a79-a187-04610a8c51e6
https://www.boschrexroth.com/en/gr/service-and-support/buy/,f446739c-3030-47a2-9230-101739e5faa7
https://www.boschrexroth.com/en/gr/service-and-support/buy/rexroth-store/,34ee1645-140f-4239-8237-7e8524cb6d53
https://www.boschrexroth.com/en/gr/service-and-support/virtual-engineering/,df0dcbc5-130d-4626-9c21-129033fc3b06
https://www.boschrexroth.com/en/gr/service-and-support/buy/certified-excellence/,6d75de1d-0193-4309-9ea1-d3fccad7ffed
https://www.boschrexroth.com/en/gr/downloads/cad-files/,53a783c2-b3a9-4006-8e85-16034f294d8e
https://www.boschrexroth.com/en/gr/downloads/fact-sheets/,8f941842-4974-4ded-8c24-04fa5bda82aa
https://www.boschrexroth.com/en/gr/downloads/software/,3f9ab84d-8e1a-4bbd-bd33-0bccaecf0233
https://www.boschrexroth.com/en/gr/downloads/data-sheets/,a4105050-ff0d-41a6-8f41-9f2b906fe807
https://www.boschrexroth.com/en/gr/downloads/manuals/,03b80760-de36-47de-bea8-9101c2fbd131
https://www.boschrexroth.com/en/gr/academy/,194cadee-0e16-498d-8e97-b165dc63d207
https://www.boschrexroth.com/en/gr/academy/training/,af2447dd-f5fc-4b5b-9346-b90f48f30c6f
https://www.boschrexroth.com/en/gr/academy/training-systems/,9c907e3c-e44c-4482-ab15-c65cab2d9075
https://www.boschrexroth.com/en/gr/academy/media/,00decaf7-d55d-4080-90e2-3271a4e2eb68
https://www.boschrexroth.com/en/gr/jobs-and-career/job-opportunities/,adfe8f50-db65-409e-9fa8-2d47380e338e
https://www.boschrexroth.com/en/gr/jobs-and-career/,e481217a-916b-4550-8f85-0af7fc603a6a
https://www.boschrexroth.com/en/gr/jobs-and-career/why-work-with-us/,3bf145eb-d435-4f16-9311-645d6dd300ec
https://www.boschrexroth.com/en/gr/jobs-and-career/faq/,8b134238-2e42-490a-8753-e5ff1c891623
https://www.boschrexroth.com/en/gr/company/,17dfa2d0-8507-4502-974f-a6b96af190c9
https://www.boschrexroth.com/en/gr/company/executive-board/,a965a595-29fa-4c5f-967e-73feae60b79d
https://www.boschrexroth.com/en/gr/company/figures/,4c8b434b-0c85-49f8-92a7-da6f08006586
https://www.boschrexroth.com/en/gr/company/our-history/,d30a06d0-8ee7-4195-b45c-7f689cd1e4be
https://www.boschrexroth.com/en/gr/company/sustainability/,8b741f3e-df55-40eb-892a-d537f0ff07e7
https://www.boschrexroth.com/en/gr/company/digital-transformation/,f4db96a0-505d-495a-b5b5-a6dac4d9bb3b
https://www.boschrexroth.com/en/gr/downloads/,df195e25-1ff1-4730-ab20-044b94a5f067
https://www.boschrexroth.com/en/gr/company/blog/,None
https://www.boschrexroth.com/en/gr/company/youdecide/,19969529-a390-4a98-a74d-8bd661523395
https://www.boschrexroth.com/en/in/products/,98465ab1-5cc1-4e99-b91a-748d495e4713
https://www.boschrexroth.com/en/in/products/industrial-solutions/assembly-technology/,ddfb8ad9-ca6f-43a6-b209-9000595cd282
https://www.boschrexroth.com/en/in/products/industrial-solutions/,074b9c9a-a014-44ef-bbde-1c41b21c6964
https://www.boschrexroth.com/en/in/products/industrial-solutions/industrial-hydraulics/,1be4e3d7-698c-4345-8f48-5c0c2cad201c
https://www.boschrexroth.com/en/in/products/industrial-solutions/kassow-robots/,89e1bccc-c2c2-4b43-8e37-4bbea4f256ab
https://www.boschrexroth.com/en/gr/company/trade-shows-and-events/,08616ca2-3aea-4c1e-bc15-abed73086b80
https://www.boschrexroth.com/en/in/products/industrial-solutions/moulding-and-casting-technologies/,488629d3-a5d4-4b3c-aee6-35150a85d9ea
https://www.boschrexroth.com/en/in/products/industrial-solutions/hagglunds/,ae0d4661-ad50-4657-822a-71253576c9cf
https://www.boschrexroth.com/en/in/products/industrial-solutions/mobile-robotics/,250845bb-f01e-423a-b08c-baca3363dd46
https://www.boschrexroth.com/en/in/products/solutions-for-mobile-machines/mobile-hydraulics/,e989aced-4c70-4391-9220-074ece3609bb
https://www.boschrexroth.com/en/in/products/industrial-solutions/linear-motion-technology/,e10f4578-45db-4ef4-98b7-acf3c7b5fc9d
https://www.boschrexroth.com/en/in/products/solutions-for-mobile-machines/mobile-electric-drives/,42909484-d194-4cd4-be61-df9abe2a54ee
https://www.boschrexroth.com/en/in/products/solutions-for-mobile-machines/mobile-electronics-and-telematics/,50f2fd04-b4fd-4e33-a8f5-015f22aa975e
https://www.boschrexroth.com/en/in/products/solutions-for-mobile-machines/,48242c75-3e51-4651-84de-343b8c437371
https://www.boschrexroth.com/en/in/products/solutions-for-mobile-machines/mobile-automation/,2b652472-ea54-4723-abc6-4f70846f6dcd
https://www.boschrexroth.com/en/in/industries/agriculture-and-forestry/,c335c830-7aee-489f-986e-55826cc786a3
https://www.boschrexroth.com/en/in/industries/automotive/,8b7f8b4d-5a3e-46ec-bef7-ef87779c1b95
https://www.boschrexroth.com/en/in/industries/,1aba1cb2-36c8-4ee8-9180-2b284de03bf2
https://www.boschrexroth.com/en/in/industries/chemical-processing/,bf70b606-eef4-46db-bc57-92153454d992
https://www.boschrexroth.com/en/in/industries/battery-production/,a51cddf9-51d9-4191-b8de-2f0cb2a74879
https://www.boschrexroth.com/en/in/industries/construction-and-infrastructure/,4b50d603-e82a-48d6-b032-df3d4ee01dff
https://www.boschrexroth.com/en/in/industries/consumer-goods/,7027d387-5bd8-477e-9b4e-dc63c8d99ca8
https://www.boschrexroth.com/en/in/industries/energy-and-utilities/,9a0bc077-74d6-428d-8481-1ffccb4bb5cc
https://www.boschrexroth.com/en/in/products/industrial-solutions/electric-drives-and-controls/,5668ccd8-0533-49bb-b54c-d83d0b875afc
https://www.boschrexroth.com/en/in/industries/healthcare/,bf2427cc-883a-4bbd-bcb1-67bd56c97108
https://www.boschrexroth.com/en/in/industries/materials-and-resources/,ff9d3177-936d-4379-9458-0af0c0801ce9
https://www.boschrexroth.com/en/in/industries/hydrogen/,81ed63cc-1be2-4369-b140-c04fc14e0f46
https://www.boschrexroth.com/en/in/industries/logistics-and-transport/,95b936c6-44fc-4527-9e4d-ac469fac69d2
https://www.boschrexroth.com/en/in/industries/pharmaceutics/,705604f5-ccba-4398-9448-55bc19e2d2ab
https://www.boschrexroth.com/en/in/products/industrial-solutions/tightening-technology/,e6982f6e-6b3f-427b-b044-26789b1d9efa
https://www.boschrexroth.com/en/in/products/industrial-solutions/resistance-welding/,a4b36c53-e06c-4b7a-a6aa-031dc1eb051e
https://www.boschrexroth.com/en/in/products/solutions-for-mobile-machines/gearboxes/,a50d5418-3037-4232-89bd-f78ed95e8326
https://www.boschrexroth.com/en/in/industries/renewable-energies/,7d53cef0-f2c2-40c2-840b-4849dce84868
https://www.boschrexroth.com/en/in/industries/recycling-and-waste-handling/,ebc8d045-7d5c-4b11-bbb0-0a1b99ce6fab
https://www.boschrexroth.com/en/in/industries/semiconductors-and-electronics/,a0945e9a-4bc5-4f26-995f-2baa9803b243
https://www.boschrexroth.com/en/in/service-and-support/service/,d639e7ad-4734-4e58-8fbd-2a7517ca87f6
https://www.boschrexroth.com/en/in/service-and-support/,9281402d-5292-4fc7-9fc3-12057bac3fc8
https://www.boschrexroth.com/en/in/industries/testing-technology/,a31f93f3-0282-4ebf-9732-3994111ecea0
https://www.boschrexroth.com/en/in/service-and-support/service/spare-parts/,7a622719-6488-4d14-a30a-63a615bbe28b
https://www.boschrexroth.com/en/in/service-and-support/service/field-service/,18d0226b-4a2c-43bd-ba77-313291b3a927
https://www.boschrexroth.com/en/in/service-and-support/service/repairs/,87cd324c-7984-4c8d-80e5-d24f02a821cb
https://www.boschrexroth.com/en/in/service-and-support/service/digital-service-assistant/,18528607-f5f1-48bc-950b-09a3ad627950
https://www.boschrexroth.com/en/in/service-and-support/service/digital-portfolio/,5e6fda8b-a855-4e59-99a1-bbb188e00ced
https://www.boschrexroth.com/en/in/service-and-support/econfigurators-and-tools/simster/,fa26b07a-c5a8-48de-b732-4a2c59fe7fe4
https://www.boschrexroth.com/en/in/service-and-support/econfigurators-and-tools/,7ff4a06a-ab8d-495c-adda-a516c9eaeb03
https://www.boschrexroth.com/en/in/service-and-support/service/modernization/,7a4343a4-490e-404d-ab2d-31710552d7be
https://www.boschrexroth.com/en/in/service-and-support/econfigurators-and-tools/interactive-fluid-office-ifo/,ddf691a7-fba7-44e8-8e9f-064248765156
https://www.boschrexroth.com/en/in/service-and-support/econfigurators-and-tools/scheme-editor/,f7fd9c9f-9941-4abc-9b65-a9344cc0daa5
https://www.boschrexroth.com/en/in/service-and-support/virtual-engineering/,df0dcbc5-130d-4626-9c21-129033fc3b06
https://www.boschrexroth.com/en/in/service-and-support/buy/,f446739c-3030-47a2-9230-101739e5faa7
https://www.boschrexroth.com/en/in/service-and-support/hydraulic-fluids/,f980f332-69c7-4a79-a187-04610a8c51e6
https://www.boschrexroth.com/en/in/downloads/cad-files/,53a783c2-b3a9-4006-8e85-16034f294d8e
https://www.boschrexroth.com/en/in/service-and-support/buy/certified-excellence/,6d75de1d-0193-4309-9ea1-d3fccad7ffed
https://www.boschrexroth.com/en/in/downloads/data-sheets/,a4105050-ff0d-41a6-8f41-9f2b906fe807
https://www.boschrexroth.com/en/in/downloads/manuals/,03b80760-de36-47de-bea8-9101c2fbd131
https://www.boschrexroth.com/en/in/downloads/fact-sheets/,8f941842-4974-4ded-8c24-04fa5bda82aa
https://www.boschrexroth.com/en/in/academy/,194cadee-0e16-498d-8e97-b165dc63d207
https://www.boschrexroth.com/en/in/downloads/software/,3f9ab84d-8e1a-4bbd-bd33-0bccaecf0233
https://www.boschrexroth.com/en/in/academy/training/,af2447dd-f5fc-4b5b-9346-b90f48f30c6f
https://www.boschrexroth.com/en/in/academy/training-systems/,9c907e3c-e44c-4482-ab15-c65cab2d9075
https://www.boschrexroth.com/en/in/jobs-and-career/,e481217a-916b-4550-8f85-0af7fc603a6a
https://www.boschrexroth.com/en/in/jobs-and-career/job-opportunities/,adfe8f50-db65-409e-9fa8-2d47380e338e
https://www.boschrexroth.com/en/in/academy/media/,00decaf7-d55d-4080-90e2-3271a4e2eb68
https://www.boschrexroth.com/en/in/company/,17dfa2d0-8507-4502-974f-a6b96af190c9
https://www.boschrexroth.com/en/in/jobs-and-career/faq/,8b134238-2e42-490a-8753-e5ff1c891623
https://www.boschrexroth.com/en/in/jobs-and-career/why-work-with-us/,3bf145eb-d435-4f16-9311-645d6dd300ec
https://www.boschrexroth.com/en/in/downloads/,df195e25-1ff1-4730-ab20-044b94a5f067
https://www.boschrexroth.com/en/in/company/blog/,None
https://www.boschrexroth.com/en/in/company/figures/,4c8b434b-0c85-49f8-92a7-da6f08006586
https://www.boschrexroth.com/en/in/company/executive-board/,a965a595-29fa-4c5f-967e-73feae60b79d
https://www.boschrexroth.com/en/in/company/our-history/,d30a06d0-8ee7-4195-b45c-7f689cd1e4be
https://www.boschrexroth.com/en/in/company/digital-transformation/,f4db96a0-505d-495a-b5b5-a6dac4d9bb3b
https://www.boschrexroth.com/en/in/company/youdecide/,19969529-a390-4a98-a74d-8bd661523395
https://www.boschrexroth.com/en/in/company/shareholder-information/,None
https://www.boschrexroth.com/en/in/company/trade-shows-and-events/,08616ca2-3aea-4c1e-bc15-abed73086b80
https://www.boschrexroth.com/en/in/company/corporate-social-responsibility/,None
https://www.boschrexroth.com/en/id/products/,98465ab1-5cc1-4e99-b91a-748d495e4713
https://www.boschrexroth.com/en/id/products/industrial-solutions/,074b9c9a-a014-44ef-bbde-1c41b21c6964
https://www.boschrexroth.com/en/id/products/industrial-solutions/assembly-technology/,ddfb8ad9-ca6f-43a6-b209-9000595cd282
https://www.boschrexroth.com/en/id/products/industrial-solutions/hagglunds/,ae0d4661-ad50-4657-822a-71253576c9cf
https://www.boschrexroth.com/en/id/products/industrial-solutions/kassow-robots/,89e1bccc-c2c2-4b43-8e37-4bbea4f256ab
https://www.boschrexroth.com/en/id/products/industrial-solutions/moulding-and-casting-technologies/,488629d3-a5d4-4b3c-aee6-35150a85d9ea
https://www.boschrexroth.com/en/id/products/industrial-solutions/industrial-hydraulics/,1be4e3d7-698c-4345-8f48-5c0c2cad201c
https://www.boschrexroth.com/en/id/products/industrial-solutions/mobile-robotics/,250845bb-f01e-423a-b08c-baca3363dd46
https://www.boschrexroth.com/en/id/products/industrial-solutions/linear-motion-technology/,e10f4578-45db-4ef4-98b7-acf3c7b5fc9d
https://www.boschrexroth.com/en/id/products/solutions-for-mobile-machines/,48242c75-3e51-4651-84de-343b8c437371
https://www.boschrexroth.com/en/id/products/solutions-for-mobile-machines/mobile-electric-drives/,42909484-d194-4cd4-be61-df9abe2a54ee
https://www.boschrexroth.com/en/id/products/solutions-for-mobile-machines/mobile-hydraulics/,e989aced-4c70-4391-9220-074ece3609bb
https://www.boschrexroth.com/en/id/products/solutions-for-mobile-machines/mobile-electronics-and-telematics/,50f2fd04-b4fd-4e33-a8f5-015f22aa975e
https://www.boschrexroth.com/en/id/products/industrial-solutions/electric-drives-and-controls/,5668ccd8-0533-49bb-b54c-d83d0b875afc
https://www.boschrexroth.com/en/id/products/solutions-for-mobile-machines/mobile-automation/,2b652472-ea54-4723-abc6-4f70846f6dcd
https://www.boschrexroth.com/en/id/products/industrial-solutions/resistance-welding/,a4b36c53-e06c-4b7a-a6aa-031dc1eb051e
https://www.boschrexroth.com/en/id/industries/,1aba1cb2-36c8-4ee8-9180-2b284de03bf2
https://www.boschrexroth.com/en/id/industries/agriculture-and-forestry/,c335c830-7aee-489f-986e-55826cc786a3
https://www.boschrexroth.com/en/id/industries/chemical-processing/,bf70b606-eef4-46db-bc57-92153454d992
https://www.boschrexroth.com/en/id/industries/construction-and-infrastructure/,4b50d603-e82a-48d6-b032-df3d4ee01dff
https://www.boschrexroth.com/en/id/industries/automotive/,8b7f8b4d-5a3e-46ec-bef7-ef87779c1b95
https://www.boschrexroth.com/en/id/industries/battery-production/,a51cddf9-51d9-4191-b8de-2f0cb2a74879
https://www.boschrexroth.com/en/id/products/industrial-solutions/tightening-technology/,e6982f6e-6b3f-427b-b044-26789b1d9efa
https://www.boschrexroth.com/en/id/industries/consumer-goods/,7027d387-5bd8-477e-9b4e-dc63c8d99ca8
https://www.boschrexroth.com/en/id/industries/energy-and-utilities/,9a0bc077-74d6-428d-8481-1ffccb4bb5cc
https://www.boschrexroth.com/en/id/industries/healthcare/,bf2427cc-883a-4bbd-bcb1-67bd56c97108
https://www.boschrexroth.com/en/id/industries/hydrogen/,81ed63cc-1be2-4369-b140-c04fc14e0f46
https://www.boschrexroth.com/en/id/industries/logistics-and-transport/,95b936c6-44fc-4527-9e4d-ac469fac69d2
https://www.boschrexroth.com/en/id/industries/materials-and-resources/,ff9d3177-936d-4379-9458-0af0c0801ce9
https://www.boschrexroth.com/en/id/products/solutions-for-mobile-machines/gearboxes/,a50d5418-3037-4232-89bd-f78ed95e8326
https://www.boschrexroth.com/en/id/industries/renewable-energies/,7d53cef0-f2c2-40c2-840b-4849dce84868
https://www.boschrexroth.com/en/id/industries/semiconductors-and-electronics/,a0945e9a-4bc5-4f26-995f-2baa9803b243
https://www.boschrexroth.com/en/id/service-and-support/,9281402d-5292-4fc7-9fc3-12057bac3fc8
https://www.boschrexroth.com/en/id/industries/pharmaceutics/,705604f5-ccba-4398-9448-55bc19e2d2ab
https://www.boschrexroth.com/en/id/industries/testing-technology/,a31f93f3-0282-4ebf-9732-3994111ecea0
https://www.boschrexroth.com/en/id/service-and-support/service/,d639e7ad-4734-4e58-8fbd-2a7517ca87f6
https://www.boschrexroth.com/en/id/service-and-support/service/spare-parts/,7a622719-6488-4d14-a30a-63a615bbe28b
https://www.boschrexroth.com/en/id/service-and-support/service/field-service/,18d0226b-4a2c-43bd-ba77-313291b3a927
https://www.boschrexroth.com/en/id/service-and-support/service/repairs/,87cd324c-7984-4c8d-80e5-d24f02a821cb
https://www.boschrexroth.com/en/id/service-and-support/service/modernization/,7a4343a4-490e-404d-ab2d-31710552d7be
https://www.boschrexroth.com/en/id/service-and-support/service/digital-portfolio/,5e6fda8b-a855-4e59-99a1-bbb188e00ced
https://www.boschrexroth.com/en/id/service-and-support/service/digital-service-assistant/,18528607-f5f1-48bc-950b-09a3ad627950
https://www.boschrexroth.com/en/id/service-and-support/econfigurators-and-tools/simster/,fa26b07a-c5a8-48de-b732-4a2c59fe7fe4
https://www.boschrexroth.com/en/id/service-and-support/econfigurators-and-tools/interactive-fluid-office-ifo/,ddf691a7-fba7-44e8-8e9f-064248765156
https://www.boschrexroth.com/en/id/service-and-support/econfigurators-and-tools/scheme-editor/,f7fd9c9f-9941-4abc-9b65-a9344cc0daa5
https://www.boschrexroth.com/en/id/service-and-support/econfigurators-and-tools/,7ff4a06a-ab8d-495c-adda-a516c9eaeb03
https://www.boschrexroth.com/en/id/service-and-support/virtual-engineering/,df0dcbc5-130d-4626-9c21-129033fc3b06
https://www.boschrexroth.com/en/id/service-and-support/buy/,f446739c-3030-47a2-9230-101739e5faa7
https://www.boschrexroth.com/en/id/service-and-support/hydraulic-fluids/,f980f332-69c7-4a79-a187-04610a8c51e6
https://www.boschrexroth.com/en/id/service-and-support/buy/certified-excellence/,6d75de1d-0193-4309-9ea1-d3fccad7ffed
https://www.boschrexroth.com/en/id/downloads/manuals/,03b80760-de36-47de-bea8-9101c2fbd131
https://www.boschrexroth.com/en/id/downloads/data-sheets/,a4105050-ff0d-41a6-8f41-9f2b906fe807
https://www.boschrexroth.com/en/id/downloads/cad-files/,53a783c2-b3a9-4006-8e85-16034f294d8e
https://www.boschrexroth.com/en/id/downloads/fact-sheets/,8f941842-4974-4ded-8c24-04fa5bda82aa
https://www.boschrexroth.com/en/id/academy/,194cadee-0e16-498d-8e97-b165dc63d207
https://www.boschrexroth.com/en/id/academy/training/,af2447dd-f5fc-4b5b-9346-b90f48f30c6f
https://www.boschrexroth.com/en/id/industries/recycling-and-waste-handling/,ebc8d045-7d5c-4b11-bbb0-0a1b99ce6fab
https://www.boschrexroth.com/en/id/academy/training-systems/,9c907e3c-e44c-4482-ab15-c65cab2d9075
https://www.boschrexroth.com/en/id/academy/media/,00decaf7-d55d-4080-90e2-3271a4e2eb68
https://www.boschrexroth.com/en/id/jobs-and-career/,e481217a-916b-4550-8f85-0af7fc603a6a
https://www.boschrexroth.com/en/id/jobs-and-career/job-opportunities/,adfe8f50-db65-409e-9fa8-2d47380e338e
https://www.boschrexroth.com/en/id/company/,17dfa2d0-8507-4502-974f-a6b96af190c9
https://www.boschrexroth.com/en/id/jobs-and-career/why-work-with-us/,3bf145eb-d435-4f16-9311-645d6dd300ec
https://www.boschrexroth.com/en/id/jobs-and-career/faq/,8b134238-2e42-490a-8753-e5ff1c891623
https://www.boschrexroth.com/en/id/company/figures/,4c8b434b-0c85-49f8-92a7-da6f08006586
https://www.boschrexroth.com/en/id/company/executive-board/,a965a595-29fa-4c5f-967e-73feae60b79d
https://www.boschrexroth.com/en/id/company/digital-transformation/,f4db96a0-505d-495a-b5b5-a6dac4d9bb3b
https://www.boschrexroth.com/en/id/company/our-history/,d30a06d0-8ee7-4195-b45c-7f689cd1e4be
https://www.boschrexroth.com/en/id/company/sustainability/,8b741f3e-df55-40eb-892a-d537f0ff07e7
https://www.boschrexroth.com/en/id/company/youdecide/,19969529-a390-4a98-a74d-8bd661523395
https://www.boschrexroth.com/en/id/company/blog/,None
https://www.boschrexroth.com/en/id/downloads/,df195e25-1ff1-4730-ab20-044b94a5f067
https://www.boschrexroth.com/en/id/company/trade-shows-and-events/,08616ca2-3aea-4c1e-bc15-abed73086b80
https://www.boschrexroth.com/en/hu/products/industrial-solutions/,074b9c9a-a014-44ef-bbde-1c41b21c6964
https://www.boschrexroth.com/en/hu/products/,98465ab1-5cc1-4e99-b91a-748d495e4713
https://www.boschrexroth.com/en/hu/products/industrial-solutions/assembly-technology/,ddfb8ad9-ca6f-43a6-b209-9000595cd282
https://www.boschrexroth.com/en/id/downloads/software/,3f9ab84d-8e1a-4bbd-bd33-0bccaecf0233
https://www.boschrexroth.com/en/hu/products/industrial-solutions/industrial-hydraulics/,1be4e3d7-698c-4345-8f48-5c0c2cad201c
https://www.boschrexroth.com/en/hu/products/industrial-solutions/moulding-and-casting-technologies/,488629d3-a5d4-4b3c-aee6-35150a85d9ea
https://www.boschrexroth.com/en/hu/products/industrial-solutions/linear-motion-technology/,e10f4578-45db-4ef4-98b7-acf3c7b5fc9d
https://www.boschrexroth.com/en/hu/products/industrial-solutions/mobile-robotics/,250845bb-f01e-423a-b08c-baca3363dd46
https://www.boschrexroth.com/en/hu/products/industrial-solutions/hagglunds/,ae0d4661-ad50-4657-822a-71253576c9cf
https://www.boschrexroth.com/en/hu/products/industrial-solutions/kassow-robots/,89e1bccc-c2c2-4b43-8e37-4bbea4f256ab
https://www.boschrexroth.com/en/hu/products/solutions-for-mobile-machines/mobile-electronics-and-telematics/,50f2fd04-b4fd-4e33-a8f5-015f22aa975e
https://www.boschrexroth.com/en/hu/products/solutions-for-mobile-machines/mobile-electric-drives/,42909484-d194-4cd4-be61-df9abe2a54ee
https://www.boschrexroth.com/en/hu/products/solutions-for-mobile-machines/mobile-hydraulics/,e989aced-4c70-4391-9220-074ece3609bb
https://www.boschrexroth.com/en/hu/products/solutions-for-mobile-machines/mobile-automation/,2b652472-ea54-4723-abc6-4f70846f6dcd
https://www.boschrexroth.com/en/hu/industries/,1aba1cb2-36c8-4ee8-9180-2b284de03bf2
https://www.boschrexroth.com/en/hu/industries/agriculture-and-forestry/,c335c830-7aee-489f-986e-55826cc786a3
https://www.boschrexroth.com/en/hu/industries/automotive/,8b7f8b4d-5a3e-46ec-bef7-ef87779c1b95
https://www.boschrexroth.com/en/hu/industries/battery-production/,a51cddf9-51d9-4191-b8de-2f0cb2a74879
https://www.boschrexroth.com/en/hu/industries/chemical-processing/,bf70b606-eef4-46db-bc57-92153454d992
https://www.boschrexroth.com/en/hu/products/industrial-solutions/electric-drives-and-controls/,5668ccd8-0533-49bb-b54c-d83d0b875afc
https://www.boschrexroth.com/en/hu/industries/construction-and-infrastructure/,4b50d603-e82a-48d6-b032-df3d4ee01dff
https://www.boschrexroth.com/en/hu/products/industrial-solutions/resistance-welding/,a4b36c53-e06c-4b7a-a6aa-031dc1eb051e
https://www.boschrexroth.com/en/hu/industries/consumer-goods/,7027d387-5bd8-477e-9b4e-dc63c8d99ca8
https://www.boschrexroth.com/en/hu/industries/energy-and-utilities/,9a0bc077-74d6-428d-8481-1ffccb4bb5cc
https://www.boschrexroth.com/en/hu/products/industrial-solutions/tightening-technology/,e6982f6e-6b3f-427b-b044-26789b1d9efa
https://www.boschrexroth.com/en/hu/industries/logistics-and-transport/,95b936c6-44fc-4527-9e4d-ac469fac69d2
https://www.boschrexroth.com/en/hu/industries/materials-and-resources/,ff9d3177-936d-4379-9458-0af0c0801ce9
https://www.boschrexroth.com/en/hu/products/solutions-for-mobile-machines/gearboxes/,a50d5418-3037-4232-89bd-f78ed95e8326
https://www.boschrexroth.com/en/hu/industries/healthcare/,bf2427cc-883a-4bbd-bcb1-67bd56c97108
https://www.boschrexroth.com/en/hu/industries/hydrogen/,81ed63cc-1be2-4369-b140-c04fc14e0f46
https://www.boschrexroth.com/en/hu/industries/pharmaceutics/,705604f5-ccba-4398-9448-55bc19e2d2ab
https://www.boschrexroth.com/en/hu/industries/semiconductors-and-electronics/,a0945e9a-4bc5-4f26-995f-2baa9803b243
https://www.boschrexroth.com/en/hu/industries/recycling-and-waste-handling/,ebc8d045-7d5c-4b11-bbb0-0a1b99ce6fab
https://www.boschrexroth.com/en/hu/products/solutions-for-mobile-machines/,48242c75-3e51-4651-84de-343b8c437371
https://www.boschrexroth.com/en/hu/industries/industry-4-0-solutions/,None
https://www.boschrexroth.com/en/hu/industries/industry-4-0-solutions/industry-4-0-packages/,None
https://www.boschrexroth.com/en/hu/service-and-support/,9281402d-5292-4fc7-9fc3-12057bac3fc8
https://www.boschrexroth.com/en/hu/industries/testing-technology/,a31f93f3-0282-4ebf-9732-3994111ecea0
https://www.boschrexroth.com/en/hu/service-and-support/service/,d639e7ad-4734-4e58-8fbd-2a7517ca87f6
https://www.boschrexroth.com/en/hu/service-and-support/service/spare-parts/,7a622719-6488-4d14-a30a-63a615bbe28b
https://www.boschrexroth.com/en/hu/service-and-support/service/repairs/,87cd324c-7984-4c8d-80e5-d24f02a821cb
https://www.boschrexroth.com/en/hu/service-and-support/service/field-service/,18d0226b-4a2c-43bd-ba77-313291b3a927
https://www.boschrexroth.com/en/hu/service-and-support/service/digital-portfolio/,5e6fda8b-a855-4e59-99a1-bbb188e00ced
https://www.boschrexroth.com/en/hu/service-and-support/service/modernization/,7a4343a4-490e-404d-ab2d-31710552d7be
https://www.boschrexroth.com/en/hu/service-and-support/service/predictive-maintenance/,None
https://www.boschrexroth.com/en/hu/service-and-support/service/documentations/,None
https://www.boschrexroth.com/en/hu/service-and-support/econfigurators-and-tools/,7ff4a06a-ab8d-495c-adda-a516c9eaeb03
https://www.boschrexroth.com/en/hu/service-and-support/service/service-offers/,None
https://www.boschrexroth.com/en/hu/service-and-support/service/digital-service-assistant/,18528607-f5f1-48bc-950b-09a3ad627950
https://www.boschrexroth.com/en/hu/service-and-support/econfigurators-and-tools/scheme-editor/,f7fd9c9f-9941-4abc-9b65-a9344cc0daa5
https://www.boschrexroth.com/en/hu/service-and-support/econfigurators-and-tools/interactive-fluid-office-ifo/,ddf691a7-fba7-44e8-8e9f-064248765156
https://www.boschrexroth.com/en/hu/service-and-support/virtual-engineering/,df0dcbc5-130d-4626-9c21-129033fc3b06
https://www.boschrexroth.com/en/hu/downloads/data-sheets/,a4105050-ff0d-41a6-8f41-9f2b906fe807
https://www.boschrexroth.com/en/hu/service-and-support/hydraulic-fluids/,f980f332-69c7-4a79-a187-04610a8c51e6
https://www.boschrexroth.com/en/hu/downloads/software/,3f9ab84d-8e1a-4bbd-bd33-0bccaecf0233
https://www.boschrexroth.com/en/hu/industries/renewable-energies/,7d53cef0-f2c2-40c2-840b-4849dce84868
https://www.boschrexroth.com/en/hu/downloads/manuals/,03b80760-de36-47de-bea8-9101c2fbd131
https://www.boschrexroth.com/en/hu/downloads/fact-sheets/,8f941842-4974-4ded-8c24-04fa5bda82aa
https://www.boschrexroth.com/en/hu/academy/,194cadee-0e16-498d-8e97-b165dc63d207
https://www.boschrexroth.com/en/hu/downloads/cad-files/,53a783c2-b3a9-4006-8e85-16034f294d8e
https://www.boschrexroth.com/en/hu/academy/training/,af2447dd-f5fc-4b5b-9346-b90f48f30c6f
https://www.boschrexroth.com/en/hu/academy/training-systems/,9c907e3c-e44c-4482-ab15-c65cab2d9075
https://www.boschrexroth.com/en/hu/academy/media/,00decaf7-d55d-4080-90e2-3271a4e2eb68
https://www.boschrexroth.com/en/hu/academy/industry-4-0-trainings/,None
https://www.boschrexroth.com/en/hu/jobs-and-career/,e481217a-916b-4550-8f85-0af7fc603a6a
https://www.boschrexroth.com/en/hu/jobs-and-career/why-work-with-us/,3bf145eb-d435-4f16-9311-645d6dd300ec
https://www.boschrexroth.com/en/hu/company/,17dfa2d0-8507-4502-974f-a6b96af190c9
https://www.boschrexroth.com/en/hu/company/blog/,None
https://www.boschrexroth.com/en/hu/jobs-and-career/job-opportunities/,adfe8f50-db65-409e-9fa8-2d47380e338e
https://www.boschrexroth.com/en/hu/jobs-and-career/faq/,8b134238-2e42-490a-8753-e5ff1c891623
https://www.boschrexroth.com/en/hu/company/figures/,4c8b434b-0c85-49f8-92a7-da6f08006586
https://www.boschrexroth.com/en/hu/company/executive-board/,a965a595-29fa-4c5f-967e-73feae60b79d
https://www.boschrexroth.com/en/hu/company/sustainability/,8b741f3e-df55-40eb-892a-d537f0ff07e7
https://www.boschrexroth.com/en/hu/company/our-history/,d30a06d0-8ee7-4195-b45c-7f689cd1e4be
https://www.boschrexroth.com/en/hu/service-and-support/econfigurators-and-tools/simster/,fa26b07a-c5a8-48de-b732-4a2c59fe7fe4
https://www.boschrexroth.com/en/hu/company/digital-transformation/,f4db96a0-505d-495a-b5b5-a6dac4d9bb3b
https://www.boschrexroth.com/en/hu/company/youdecide/,19969529-a390-4a98-a74d-8bd661523395
https://www.boschrexroth.com/en/hu/downloads/,df195e25-1ff1-4730-ab20-044b94a5f067
https://www.boschrexroth.com/en/hu/research-and-development/,None
https://www.boschrexroth.com/en/hu/company/certificates/,None
https://www.boschrexroth.com/ja/jp/products/,98465ab1-5cc1-4e99-b91a-748d495e4713
https://www.boschrexroth.com/ja/jp/products/product-groups/,074b9c9a-a014-44ef-bbde-1c41b21c6964
https://www.boschrexroth.com/en/hu/company/trade-shows-and-events/,08616ca2-3aea-4c1e-bc15-abed73086b80
https://www.boschrexroth.com/ja/jp/products/product-groups/assembly-technology/,ddfb8ad9-ca6f-43a6-b209-9000595cd282
https://www.boschrexroth.com/ja/jp/products/product-groups/industrial-hydraulics/,1be4e3d7-698c-4345-8f48-5c0c2cad201c
https://www.boschrexroth.com/ja/jp/products/product-groups/moulding-and-casting-technologies/,488629d3-a5d4-4b3c-aee6-35150a85d9ea
https://www.boschrexroth.com/ja/jp/products/product-groups/mobile-hydraulics-and-electronics/,48242c75-3e51-4651-84de-343b8c437371
https://www.boschrexroth.com/ja/jp/products/product-groups/mt-top/,None
https://www.boschrexroth.com/ja/jp/products/product-groups/linear-motion-technology/,e10f4578-45db-4ef4-98b7-acf3c7b5fc9d
https://www.boschrexroth.com/ja/jp/products/product-groups/hagglunds/,ae0d4661-ad50-4657-822a-71253576c9cf
https://www.boschrexroth.com/ja/jp/products/product-groups/mobile-robotics/,250845bb-f01e-423a-b08c-baca3363dd46
https://www.boschrexroth.com/ja/jp/products/product-groups/special-edc/,None
https://www.boschrexroth.com/ja/jp/products/product-groups/iot-products/,None
https://www.boschrexroth.com/ja/jp/products/engineering/,b93c0c9c-d94e-4e93-b2af-419c0c64e778
https://www.boschrexroth.com/ja/jp/products/product-groups/kassow-robots/,89e1bccc-c2c2-4b43-8e37-4bbea4f256ab
https://www.boschrexroth.com/ja/jp/products/engineering/hydraulic-fluids/,f980f332-69c7-4a79-a187-04610a8c51e6
https://www.boschrexroth.com/ja/jp/products/product-groups/gear-technology/,a50d5418-3037-4232-89bd-f78ed95e8326
https://www.boschrexroth.com/ja/jp/products/econfigurators-and-tools/scheme-editor/,f7fd9c9f-9941-4abc-9b65-a9344cc0daa5
https://www.boschrexroth.com/ja/jp/products/engineering/virtual-engineering/,df0dcbc5-130d-4626-9c21-129033fc3b06
https://www.boschrexroth.com/ja/jp/products/product-groups/inverter/,None
https://www.boschrexroth.com/ja/jp/products/econfigurators-and-tools/interactive-fluid-office-ifo/,ddf691a7-fba7-44e8-8e9f-064248765156
https://www.boschrexroth.com/ja/jp/products/product-groups/electric-drives-and-controls/,5668ccd8-0533-49bb-b54c-d83d0b875afc
https://www.boschrexroth.com/ja/jp/industries/,1aba1cb2-36c8-4ee8-9180-2b284de03bf2
https://www.boschrexroth.com/ja/jp/products/econfigurators-and-tools/simster/,fa26b07a-c5a8-48de-b732-4a2c59fe7fe4
https://www.boschrexroth.com/ja/jp/products/product-groups/resistance-welding/,a4b36c53-e06c-4b7a-a6aa-031dc1eb051e
https://www.boschrexroth.com/ja/jp/products/econfigurators-and-tools/,7ff4a06a-ab8d-495c-adda-a516c9eaeb03
https://www.boschrexroth.com/ja/jp/industries/agriculture-and-forestry/,c335c830-7aee-489f-986e-55826cc786a3
https://www.boschrexroth.com/ja/jp/products/product-groups/tightening-technology/,e6982f6e-6b3f-427b-b044-26789b1d9efa
https://www.boschrexroth.com/ja/jp/industries/construction-and-infrastructure/,4b50d603-e82a-48d6-b032-df3d4ee01dff
https://www.boschrexroth.com/ja/jp/products/inverter/,None
https://www.boschrexroth.com/ja/jp/industries/automotive/,8b7f8b4d-5a3e-46ec-bef7-ef87779c1b95
https://www.boschrexroth.com/ja/jp/industries/chemical-processing/,bf70b606-eef4-46db-bc57-92153454d992
https://www.boschrexroth.com/ja/jp/industries/energy-and-utilities/,9a0bc077-74d6-428d-8481-1ffccb4bb5cc
https://www.boschrexroth.com/ja/jp/industries/battery-production/,a51cddf9-51d9-4191-b8de-2f0cb2a74879
https://www.boschrexroth.com/ja/jp/industries/consumer-goods/,7027d387-5bd8-477e-9b4e-dc63c8d99ca8
https://www.boschrexroth.com/ja/jp/industries/healthcare/,bf2427cc-883a-4bbd-bcb1-67bd56c97108
https://www.boschrexroth.com/ja/jp/industries/hydrogen/,81ed63cc-1be2-4369-b140-c04fc14e0f46
https://www.boschrexroth.com/ja/jp/industries/materials-and-resources/,ff9d3177-936d-4379-9458-0af0c0801ce9
https://www.boschrexroth.com/ja/jp/industries/logistics-and-transport/,95b936c6-44fc-4527-9e4d-ac469fac69d2
https://www.boschrexroth.com/ja/jp/industries/pharmaceutics/,705604f5-ccba-4398-9448-55bc19e2d2ab
https://www.boschrexroth.com/ja/jp/industries/recycling-and-waste-handling/,ebc8d045-7d5c-4b11-bbb0-0a1b99ce6fab
https://www.boschrexroth.com/ja/jp/industries/semiconductors-and-electronics/,a0945e9a-4bc5-4f26-995f-2baa9803b243
https://www.boschrexroth.com/ja/jp/industries/renewable-energies/,7d53cef0-f2c2-40c2-840b-4849dce84868
https://www.boschrexroth.com/ja/jp/industries/testing-technology/,a31f93f3-0282-4ebf-9732-3994111ecea0
https://www.boschrexroth.com/ja/jp/service/,d639e7ad-4734-4e58-8fbd-2a7517ca87f6
https://www.boschrexroth.com/ja/jp/service/repairs/,87cd324c-7984-4c8d-80e5-d24f02a821cb
https://www.boschrexroth.com/ja/jp/service/spare-parts/,7a622719-6488-4d14-a30a-63a615bbe28b
https://www.boschrexroth.com/ja/jp/service/field-service/,18d0226b-4a2c-43bd-ba77-313291b3a927
https://www.boschrexroth.com/ja/jp/service/digital-portfolio/,5e6fda8b-a855-4e59-99a1-bbb188e00ced
https://www.boschrexroth.com/ja/jp/downloads/cad-files/,53a783c2-b3a9-4006-8e85-16034f294d8e
https://www.boschrexroth.com/ja/jp/downloads/fact-sheets/,8f941842-4974-4ded-8c24-04fa5bda82aa
https://www.boschrexroth.com/ja/jp/service/digital-service-assistant/,18528607-f5f1-48bc-950b-09a3ad627950
https://www.boschrexroth.com/ja/jp/downloads/data-sheets/,a4105050-ff0d-41a6-8f41-9f2b906fe807
https://www.boschrexroth.com/ja/jp/downloads/manuals/,03b80760-de36-47de-bea8-9101c2fbd131
https://www.boschrexroth.com/ja/jp/downloads/software/,3f9ab84d-8e1a-4bbd-bd33-0bccaecf0233
https://www.boschrexroth.com/ja/jp/service/modernization/,7a4343a4-490e-404d-ab2d-31710552d7be
https://www.boschrexroth.com/ja/jp/academy/,194cadee-0e16-498d-8e97-b165dc63d207
https://www.boschrexroth.com/ja/jp/academy/hydraulics-training/,None
https://www.boschrexroth.com/ja/jp/academy/inverter-training/,None
https://www.boschrexroth.com/ja/jp/buy/,f446739c-3030-47a2-9230-101739e5faa7
https://www.boschrexroth.com/ja/jp/jobs-and-career/,e481217a-916b-4550-8f85-0af7fc603a6a
https://www.boschrexroth.com/ja/jp/buy/certified-excellence/,6d75de1d-0193-4309-9ea1-d3fccad7ffed
https://www.boschrexroth.com/ja/jp/academy/training/,af2447dd-f5fc-4b5b-9346-b90f48f30c6f
https://www.boschrexroth.com/ja/jp/buy/certified-excellence/apply-as-ce-partner/,00f9f5ff-0eeb-4823-a3ca-e503b263b51e
https://www.boschrexroth.com/ja/jp/academy/training-systems/,9c907e3c-e44c-4482-ab15-c65cab2d9075
https://www.boschrexroth.com/ja/jp/academy/media/,00decaf7-d55d-4080-90e2-3271a4e2eb68
https://www.boschrexroth.com/ja/jp/jobs-and-career/job-opportunities/,adfe8f50-db65-409e-9fa8-2d47380e338e
https://www.boschrexroth.com/ja/jp/jobs-and-career/faq/,8b134238-2e42-490a-8753-e5ff1c891623
https://www.boschrexroth.com/ja/jp/jobs-and-career/why-work-with-us/,3bf145eb-d435-4f16-9311-645d6dd300ec
https://www.boschrexroth.com/ja/jp/company/,17dfa2d0-8507-4502-974f-a6b96af190c9
https://www.boschrexroth.com/ja/jp/company/our-history/,d30a06d0-8ee7-4195-b45c-7f689cd1e4be
https://www.boschrexroth.com/ja/jp/company/we-move-you-win/,17647e34-8348-4228-ae45-fccdd323133d
https://www.boschrexroth.com/ja/jp/company/figures/,4c8b434b-0c85-49f8-92a7-da6f08006586
https://www.boschrexroth.com/ja/jp/company/youdecide/,19969529-a390-4a98-a74d-8bd661523395
https://www.boschrexroth.com/ja/jp/downloads/,df195e25-1ff1-4730-ab20-044b94a5f067
https://www.boschrexroth.com/ja/jp/company/acquisitions/,39738dc6-859d-47bf-bbb3-65111f51d2c2
https://www.boschrexroth.com/ja/jp/company/executive-board/,a965a595-29fa-4c5f-967e-73feae60b79d
https://www.boschrexroth.com/ja/jp/company/blog/,None
https://www.boschrexroth.com/ja/jp/company/bosch-rexoth-in-japan/,None
https://www.boschrexroth.com/ja/jp/company/acquisitions/kassow-robots/,bef23a8d-f98e-43b5-9231-790f90780e19
https://www.boschrexroth.com/ja/jp/company/sustainability/,8b741f3e-df55-40eb-892a-d537f0ff07e7
https://www.boschrexroth.com/ja/jp/company/digital-transformation/,f4db96a0-505d-495a-b5b5-a6dac4d9bb3b
https://www.boschrexroth.com/ja/jp/company/trade-shows-and-events/,08616ca2-3aea-4c1e-bc15-abed73086b80
https://www.boschrexroth.com/ko/kr/products/product-groups/,074b9c9a-a014-44ef-bbde-1c41b21c6964
https://www.boschrexroth.com/ko/kr/products/,98465ab1-5cc1-4e99-b91a-748d495e4713
https://www.boschrexroth.com/ko/kr/products/product-groups/assembly-technology/,ddfb8ad9-ca6f-43a6-b209-9000595cd282
https://www.boschrexroth.com/ko/kr/products/product-groups/industrial-hydraulics/,1be4e3d7-698c-4345-8f48-5c0c2cad201c
https://www.boschrexroth.com/ko/kr/products/product-groups/mobile-hydraulics-and-electronics/,48242c75-3e51-4651-84de-343b8c437371
https://www.boschrexroth.com/ko/kr/products/product-groups/moulding-and-casting-technologies/,488629d3-a5d4-4b3c-aee6-35150a85d9ea
https://www.boschrexroth.com/ko/kr/products/product-groups/linear-motion-technology/,e10f4578-45db-4ef4-98b7-acf3c7b5fc9d
https://www.boschrexroth.com/ko/kr/products/product-groups/hagglunds/,ae0d4661-ad50-4657-822a-71253576c9cf
https://www.boschrexroth.com/ko/kr/products/product-groups/mobile-robotics/,250845bb-f01e-423a-b08c-baca3363dd46
https://www.boschrexroth.com/ko/kr/products/engineering/,b93c0c9c-d94e-4e93-b2af-419c0c64e778
https://www.boschrexroth.com/ko/kr/products/product-groups/kassow-robots/,89e1bccc-c2c2-4b43-8e37-4bbea4f256ab
https://www.boschrexroth.com/ko/kr/products/engineering/virtual-engineering/,df0dcbc5-130d-4626-9c21-129033fc3b06
https://www.boschrexroth.com/ko/kr/products/engineering/hydraulic-fluids/,f980f332-69c7-4a79-a187-04610a8c51e6
https://www.boschrexroth.com/ko/kr/products/econfigurators-and-tools/simster/,fa26b07a-c5a8-48de-b732-4a2c59fe7fe4
https://www.boschrexroth.com/ko/kr/products/econfigurators-and-tools/,7ff4a06a-ab8d-495c-adda-a516c9eaeb03
https://www.boschrexroth.com/ko/kr/products/econfigurators-and-tools/scheme-editor/,f7fd9c9f-9941-4abc-9b65-a9344cc0daa5
https://www.boschrexroth.com/ko/kr/products/econfigurators-and-tools/interactive-fluid-office-ifo/,ddf691a7-fba7-44e8-8e9f-064248765156
https://www.boschrexroth.com/ko/kr/products/product-groups/gear-technology/,a50d5418-3037-4232-89bd-f78ed95e8326
https://www.boschrexroth.com/ko/kr/products/product-groups/electric-drives-and-controls/,5668ccd8-0533-49bb-b54c-d83d0b875afc
https://www.boschrexroth.com/ko/kr/industries/,1aba1cb2-36c8-4ee8-9180-2b284de03bf2
https://www.boschrexroth.com/ko/kr/industries/battery-production/,a51cddf9-51d9-4191-b8de-2f0cb2a74879
https://www.boschrexroth.com/ko/kr/industries/agriculture-and-forestry/,c335c830-7aee-489f-986e-55826cc786a3
https://www.boschrexroth.com/ko/kr/industries/automotive/,8b7f8b4d-5a3e-46ec-bef7-ef87779c1b95
https://www.boschrexroth.com/ko/kr/products/product-groups/resistance-welding/,a4b36c53-e06c-4b7a-a6aa-031dc1eb051e
https://www.boschrexroth.com/ko/kr/industries/chemical-processing/,bf70b606-eef4-46db-bc57-92153454d992
https://www.boschrexroth.com/ko/kr/products/product-groups/tightening-technology/,e6982f6e-6b3f-427b-b044-26789b1d9efa
https://www.boschrexroth.com/ko/kr/industries/construction-and-infrastructure/,4b50d603-e82a-48d6-b032-df3d4ee01dff
https://www.boschrexroth.com/ko/kr/industries/consumer-goods/,7027d387-5bd8-477e-9b4e-dc63c8d99ca8
https://www.boschrexroth.com/ko/kr/industries/energy-and-utilities/,9a0bc077-74d6-428d-8481-1ffccb4bb5cc
https://www.boschrexroth.com/ko/kr/industries/hydrogen/,81ed63cc-1be2-4369-b140-c04fc14e0f46
https://www.boschrexroth.com/ko/kr/industries/logistics-and-transport/,95b936c6-44fc-4527-9e4d-ac469fac69d2
https://www.boschrexroth.com/ko/kr/industries/healthcare/,bf2427cc-883a-4bbd-bcb1-67bd56c97108
https://www.boschrexroth.com/ko/kr/industries/pharmaceutics/,705604f5-ccba-4398-9448-55bc19e2d2ab
https://www.boschrexroth.com/ko/kr/industries/recycling-and-waste-handling/,ebc8d045-7d5c-4b11-bbb0-0a1b99ce6fab
https://www.boschrexroth.com/ko/kr/industries/materials-and-resources/,ff9d3177-936d-4379-9458-0af0c0801ce9
https://www.boschrexroth.com/ko/kr/industries/renewable-energies/,7d53cef0-f2c2-40c2-840b-4849dce84868
https://www.boschrexroth.com/ko/kr/service/,d639e7ad-4734-4e58-8fbd-2a7517ca87f6
https://www.boschrexroth.com/ko/kr/industries/semiconductors-and-electronics/,a0945e9a-4bc5-4f26-995f-2baa9803b243
https://www.boschrexroth.com/ko/kr/service/modernization/,7a4343a4-490e-404d-ab2d-31710552d7be
https://www.boschrexroth.com/ko/kr/service/repairs/,87cd324c-7984-4c8d-80e5-d24f02a821cb
https://www.boschrexroth.com/ko/kr/service/spare-parts/,7a622719-6488-4d14-a30a-63a615bbe28b
https://www.boschrexroth.com/ko/kr/service/field-service/,18d0226b-4a2c-43bd-ba77-313291b3a927
https://www.boschrexroth.com/ko/kr/service/digital-portfolio/,5e6fda8b-a855-4e59-99a1-bbb188e00ced
https://www.boschrexroth.com/ko/kr/industries/testing-technology/,a31f93f3-0282-4ebf-9732-3994111ecea0
https://www.boschrexroth.com/ko/kr/downloads/data-sheets/,a4105050-ff0d-41a6-8f41-9f2b906fe807
https://www.boschrexroth.com/ko/kr/downloads/cad-files/,53a783c2-b3a9-4006-8e85-16034f294d8e
https://www.boschrexroth.com/ko/kr/service/digital-service-assistant/,18528607-f5f1-48bc-950b-09a3ad627950
https://www.boschrexroth.com/ko/kr/downloads/manuals/,03b80760-de36-47de-bea8-9101c2fbd131
https://www.boschrexroth.com/ko/kr/downloads/software/,3f9ab84d-8e1a-4bbd-bd33-0bccaecf0233
https://www.boschrexroth.com/ko/kr/company/,17dfa2d0-8507-4502-974f-a6b96af190c9
https://www.boschrexroth.com/ko/kr/downloads/fact-sheets/,8f941842-4974-4ded-8c24-04fa5bda82aa
https://www.boschrexroth.com/ko/kr/company/figures/,4c8b434b-0c85-49f8-92a7-da6f08006586
https://www.boschrexroth.com/ko/kr/company/we-move-you-win/,17647e34-8348-4228-ae45-fccdd323133d
https://www.boschrexroth.com/ko/kr/company/acquisitions/,39738dc6-859d-47bf-bbb3-65111f51d2c2
https://www.boschrexroth.com/ko/kr/company/our-history/,d30a06d0-8ee7-4195-b45c-7f689cd1e4be
https://www.boschrexroth.com/ko/kr/company/executive-board/,a965a595-29fa-4c5f-967e-73feae60b79d
https://www.boschrexroth.com/ko/kr/company/youdecide/,19969529-a390-4a98-a74d-8bd661523395
https://www.boschrexroth.com/ko/kr/company/blog/,None
https://www.boschrexroth.com/ko/kr/company/acquisitions/kassow-robots/,bef23a8d-f98e-43b5-9231-790f90780e19
https://www.boschrexroth.com/ko/kr/company/bosch-rexroth-korea/,None
https://www.boschrexroth.com/ko/kr/company/sustainability/,8b741f3e-df55-40eb-892a-d537f0ff07e7
https://www.boschrexroth.com/ko/kr/company/trade-shows-and-events/,08616ca2-3aea-4c1e-bc15-abed73086b80
https://www.boschrexroth.com/ko/kr/company/digital-transformation/,f4db96a0-505d-495a-b5b5-a6dac4d9bb3b
https://www.boschrexroth.com/ko/kr/jobs-and-career/job-opportunities/,adfe8f50-db65-409e-9fa8-2d47380e338e
https://www.boschrexroth.com/ko/kr/jobs-and-career/why-work-with-us/,3bf145eb-d435-4f16-9311-645d6dd300ec
https://www.boschrexroth.com/ko/kr/academy/training-systems/,9c907e3c-e44c-4482-ab15-c65cab2d9075
https://www.boschrexroth.com/ko/kr/jobs-and-career/faq/,8b134238-2e42-490a-8753-e5ff1c891623
https://www.boschrexroth.com/ko/kr/academy/training/,af2447dd-f5fc-4b5b-9346-b90f48f30c6f
https://www.boschrexroth.com/ko/kr/academy/,194cadee-0e16-498d-8e97-b165dc63d207
https://www.boschrexroth.com/ko/kr/academy/korea-trainings/,None
https://www.boschrexroth.com/ko/kr/buy/,f446739c-3030-47a2-9230-101739e5faa7
https://www.boschrexroth.com/ko/kr/downloads/,df195e25-1ff1-4730-ab20-044b94a5f067
https://www.boschrexroth.com/ko/kr/buy/certified-excellence/,6d75de1d-0193-4309-9ea1-d3fccad7ffed
https://www.boschrexroth.com/ko/kr/academy/media/,00decaf7-d55d-4080-90e2-3271a4e2eb68
https://www.boschrexroth.com/ko/kr/buy/certified-excellence/apply-as-ce-partner/,00f9f5ff-0eeb-4823-a3ca-e503b263b51e
https://www.boschrexroth.com/ko/kr/buy/rexroth-store/,34ee1645-140f-4239-8237-7e8524cb6d53
https://www.boschrexroth.com/it/it/prodotti/,98465ab1-5cc1-4e99-b91a-748d495e4713
https://www.boschrexroth.com/it/it/prodotti/soluzioni-industriali/,074b9c9a-a014-44ef-bbde-1c41b21c6964
https://www.boschrexroth.com/it/it/prodotti/soluzioni-industriali/tecnologia-di-montaggio/,ddfb8ad9-ca6f-43a6-b209-9000595cd282
https://www.boschrexroth.com/it/it/prodotti/soluzioni-industriali/hagglunds/,ae0d4661-ad50-4657-822a-71253576c9cf
https://www.boschrexroth.com/it/it/prodotti/soluzioni-industriali/idraulica-industriale/,1be4e3d7-698c-4345-8f48-5c0c2cad201c
https://www.boschrexroth.com/it/it/prodotti/soluzioni-industriali/tecnologie-di-fusione-e-formatura/,488629d3-a5d4-4b3c-aee6-35150a85d9ea
https://www.boschrexroth.com/it/it/prodotti/soluzioni-industriali/robotica-mobile/,250845bb-f01e-423a-b08c-baca3363dd46
https://www.boschrexroth.com/it/it/prodotti/soluzioni-industriali/tecnologia-lineare/,e10f4578-45db-4ef4-98b7-acf3c7b5fc9d
https://www.boschrexroth.com/it/it/prodotti/soluzioni-industriali/kassow-robots/,89e1bccc-c2c2-4b43-8e37-4bbea4f256ab
https://www.boschrexroth.com/it/it/prodotti/soluzioni-per-macchine-operatrici-mobili/,48242c75-3e51-4651-84de-343b8c437371
https://www.boschrexroth.com/ko/kr/jobs-and-career/,e481217a-916b-4550-8f85-0af7fc603a6a
https://www.boschrexroth.com/it/it/prodotti/soluzioni-per-macchine-operatrici-mobili/elettronica-mobile-e-sistemi-telematici/,50f2fd04-b4fd-4e33-a8f5-015f22aa975e
https://www.boschrexroth.com/it/it/prodotti/soluzioni-per-macchine-operatrici-mobili/idraulica-mobile/,e989aced-4c70-4391-9220-074ece3609bb
https://www.boschrexroth.com/it/it/prodotti/soluzioni-per-macchine-operatrici-mobili/azionamenti-elettrici-mobile/,42909484-d194-4cd4-be61-df9abe2a54ee
https://www.boschrexroth.com/it/it/settori/,1aba1cb2-36c8-4ee8-9180-2b284de03bf2
https://www.boschrexroth.com/it/it/prodotti/soluzioni-per-macchine-operatrici-mobili/automazione-mobile/,2b652472-ea54-4723-abc6-4f70846f6dcd
https://www.boschrexroth.com/it/it/settori/agricoltura-e-selvicoltura/,c335c830-7aee-489f-986e-55826cc786a3
https://www.boschrexroth.com/it/it/prodotti/soluzioni-industriali/tecnologia-di-avvitatura/,e6982f6e-6b3f-427b-b044-26789b1d9efa
https://www.boschrexroth.com/it/it/prodotti/soluzioni-industriali/azionamenti-e-controlli-elettrici/,5668ccd8-0533-49bb-b54c-d83d0b875afc
https://www.boschrexroth.com/it/it/prodotti/soluzioni-industriali/saldatura-a-resistenza/,a4b36c53-e06c-4b7a-a6aa-031dc1eb051e
https://www.boschrexroth.com/it/it/settori/automotive/,8b7f8b4d-5a3e-46ec-bef7-ef87779c1b95
https://www.boschrexroth.com/it/it/settori/produzione-di-batterie/,a51cddf9-51d9-4191-b8de-2f0cb2a74879
https://www.boschrexroth.com/it/it/settori/edilizia-e-infrastrutture/,4b50d603-e82a-48d6-b032-df3d4ee01dff
https://www.boschrexroth.com/it/it/settori/lavorazione-chimica/,bf70b606-eef4-46db-bc57-92153454d992
https://www.boschrexroth.com/it/it/settori/beni-di-consumo/,7027d387-5bd8-477e-9b4e-dc63c8d99ca8
https://www.boschrexroth.com/it/it/settori/healthcare/,bf2427cc-883a-4bbd-bcb1-67bd56c97108
https://www.boschrexroth.com/it/it/settori/idrogeno/,81ed63cc-1be2-4369-b140-c04fc14e0f46
https://www.boschrexroth.com/it/it/settori/energia-e-servizi-di-pubblica-utilita/,9a0bc077-74d6-428d-8481-1ffccb4bb5cc
https://www.boschrexroth.com/it/it/settori/materiali-e-risorse/,ff9d3177-936d-4379-9458-0af0c0801ce9
https://www.boschrexroth.com/it/it/settori/logistica-e-trasporti/,95b936c6-44fc-4527-9e4d-ac469fac69d2
https://www.boschrexroth.com/it/it/settori/farmaceutico/,705604f5-ccba-4398-9448-55bc19e2d2ab
https://www.boschrexroth.com/it/it/prodotti/soluzioni-per-macchine-operatrici-mobili/riduttori/,a50d5418-3037-4232-89bd-f78ed95e8326
https://www.boschrexroth.com/it/it/settori/recycling-e-gestione-dei-rifiuti/,ebc8d045-7d5c-4b11-bbb0-0a1b99ce6fab
https://www.boschrexroth.com/it/it/settori/semiconduttori-ed-elettronica/,a0945e9a-4bc5-4f26-995f-2baa9803b243
https://www.boschrexroth.com/it/it/settori/energie-rinnovabili/,7d53cef0-f2c2-40c2-840b-4849dce84868
https://www.boschrexroth.com/it/it/assistenza-e-supporto/service/,d639e7ad-4734-4e58-8fbd-2a7517ca87f6
https://www.boschrexroth.com/it/it/assistenza-e-supporto/,9281402d-5292-4fc7-9fc3-12057bac3fc8
https://www.boschrexroth.com/it/it/assistenza-e-supporto/service/parti-di-ricambio/,7a622719-6488-4d14-a30a-63a615bbe28b
https://www.boschrexroth.com/it/it/settori/tecnologia-di-collaudo/,a31f93f3-0282-4ebf-9732-3994111ecea0
https://www.boschrexroth.com/it/it/assistenza-e-supporto/service/assistenza-sul-campo/,18d0226b-4a2c-43bd-ba77-313291b3a927
https://www.boschrexroth.com/it/it/assistenza-e-supporto/service/riparazioni/,87cd324c-7984-4c8d-80e5-d24f02a821cb
https://www.boschrexroth.com/it/it/assistenza-e-supporto/service/modernizzazione/,7a4343a4-490e-404d-ab2d-31710552d7be
https://www.boschrexroth.com/it/it/assistenza-e-supporto/service/digital-service-assistant-app/,18528607-f5f1-48bc-950b-09a3ad627950
https://www.boschrexroth.com/it/it/assistenza-e-supporto/service/digital-portfolio/,5e6fda8b-a855-4e59-99a1-bbb188e00ced
https://www.boschrexroth.com/it/it/assistenza-e-supporto/service/manutenzione-predittiva/,None
https://www.boschrexroth.com/it/it/assistenza-e-supporto/service/service-azionamenti-e-controlli-elettrici/,None
https://www.boschrexroth.com/it/it/assistenza-e-supporto/econfigurators-e-strumenti/,7ff4a06a-ab8d-495c-adda-a516c9eaeb03
https://www.boschrexroth.com/it/it/assistenza-e-supporto/econfigurators-e-strumenti/scheme-editor/,f7fd9c9f-9941-4abc-9b65-a9344cc0daa5
https://www.boschrexroth.com/it/it/assistenza-e-supporto/econfigurators-e-strumenti/simster/,fa26b07a-c5a8-48de-b732-4a2c59fe7fe4
https://www.boschrexroth.com/it/it/assistenza-e-supporto/econfigurators-e-strumenti/interactive-fluid-office-ifo/,ddf691a7-fba7-44e8-8e9f-064248765156
https://www.boschrexroth.com/it/it/assistenza-e-supporto/digital-twin-dei-prodotti/,dcfbe822-15c5-48d6-9b48-e03b999ab945
https://www.boschrexroth.com/it/it/assistenza-e-supporto/virtual-engineering/,df0dcbc5-130d-4626-9c21-129033fc3b06
https://www.boschrexroth.com/it/it/assistenza-e-supporto/fluidi-idraulici/,f980f332-69c7-4a79-a187-04610a8c51e6
https://www.boschrexroth.com/it/it/assistenza-e-supporto/come-acquistare/,f446739c-3030-47a2-9230-101739e5faa7
https://www.boschrexroth.com/it/it/download/whitepaper/,None
https://www.boschrexroth.com/it/it/download/webinar/,None
https://www.boschrexroth.com/it/it/assistenza-e-supporto/come-acquistare/rexroth-store/,34ee1645-140f-4239-8237-7e8524cb6d53
https://www.boschrexroth.com/it/it/assistenza-e-supporto/come-acquistare/certified-excellence/,6d75de1d-0193-4309-9ea1-d3fccad7ffed
https://www.boschrexroth.com/it/it/download/file-cad/,53a783c2-b3a9-4006-8e85-16034f294d8e
https://www.boschrexroth.com/it/it/download/schede-tecniche/,a4105050-ff0d-41a6-8f41-9f2b906fe807
https://www.boschrexroth.com/it/it/download/schede-informative/,8f941842-4974-4ded-8c24-04fa5bda82aa
https://www.boschrexroth.com/it/it/download/manuali/,03b80760-de36-47de-bea8-9101c2fbd131
https://www.boschrexroth.com/it/it/download/software/,3f9ab84d-8e1a-4bbd-bd33-0bccaecf0233
https://www.boschrexroth.com/it/it/academy/,194cadee-0e16-498d-8e97-b165dc63d207
https://www.boschrexroth.com/it/it/academy/training/,af2447dd-f5fc-4b5b-9346-b90f48f30c6f
https://www.boschrexroth.com/it/it/academy/training-systems/,9c907e3c-e44c-4482-ab15-c65cab2d9075
https://www.boschrexroth.com/it/it/lazienda/dati-aziendali/,4c8b434b-0c85-49f8-92a7-da6f08006586
https://www.boschrexroth.com/it/it/academy/media/,00decaf7-d55d-4080-90e2-3271a4e2eb68
https://www.boschrexroth.com/it/it/academy/training-lean-bonfiglioli/,None
https://www.boschrexroth.com/it/it/lazienda/,17dfa2d0-8507-4502-974f-a6b96af190c9
https://www.boschrexroth.com/it/it/opportunita-di-lavoro-e-carriera/,e481217a-916b-4550-8f85-0af7fc603a6a
https://www.boschrexroth.com/it/it/lazienda/la-nostra-storia/,d30a06d0-8ee7-4195-b45c-7f689cd1e4be
https://www.boschrexroth.com/it/it/lazienda/come-acquistare/,None
https://www.boschrexroth.com/it/it/lazienda/sostenibilita/,8b741f3e-df55-40eb-892a-d537f0ff07e7
https://www.boschrexroth.com/it/it/lazienda/consiglio-direttivo/,a965a595-29fa-4c5f-967e-73feae60b79d
https://www.boschrexroth.com/it/it/lazienda/trasformazione-digitale/,f4db96a0-505d-495a-b5b5-a6dac4d9bb3b
https://www.boschrexroth.com/it/it/lazienda/youdecide/,19969529-a390-4a98-a74d-8bd661523395
https://www.boschrexroth.com/en/my/products/,98465ab1-5cc1-4e99-b91a-748d495e4713
https://www.boschrexroth.com/en/my/products/industrial-solutions/,074b9c9a-a014-44ef-bbde-1c41b21c6964
https://www.boschrexroth.com/en/my/products/industrial-solutions/assembly-technology/,ddfb8ad9-ca6f-43a6-b209-9000595cd282
https://www.boschrexroth.com/it/it/lazienda/fiere-ed-eventi/,08616ca2-3aea-4c1e-bc15-abed73086b80
https://www.boschrexroth.com/en/my/products/industrial-solutions/kassow-robots/,89e1bccc-c2c2-4b43-8e37-4bbea4f256ab
https://www.boschrexroth.com/en/my/products/industrial-solutions/hagglunds/,ae0d4661-ad50-4657-822a-71253576c9cf
https://www.boschrexroth.com/en/my/products/industrial-solutions/industrial-hydraulics/,1be4e3d7-698c-4345-8f48-5c0c2cad201c
https://www.boschrexroth.com/en/my/products/industrial-solutions/moulding-and-casting-technologies/,488629d3-a5d4-4b3c-aee6-35150a85d9ea
https://www.boschrexroth.com/it/it/download/,df195e25-1ff1-4730-ab20-044b94a5f067
https://www.boschrexroth.com/en/my/products/industrial-solutions/mobile-robotics/,250845bb-f01e-423a-b08c-baca3363dd46
https://www.boschrexroth.com/en/my/products/industrial-solutions/linear-motion-technology/,e10f4578-45db-4ef4-98b7-acf3c7b5fc9d
https://www.boschrexroth.com/it/it/blog-expertise/,None
https://www.boschrexroth.com/en/my/products/solutions-for-mobile-machines/,48242c75-3e51-4651-84de-343b8c437371
https://www.boschrexroth.com/en/my/products/solutions-for-mobile-machines/mobile-electronics-and-telematics/,50f2fd04-b4fd-4e33-a8f5-015f22aa975e
https://www.boschrexroth.com/en/my/products/solutions-for-mobile-machines/mobile-hydraulics/,e989aced-4c70-4391-9220-074ece3609bb
https://www.boschrexroth.com/en/my/products/solutions-for-mobile-machines/mobile-electric-drives/,42909484-d194-4cd4-be61-df9abe2a54ee
https://www.boschrexroth.com/en/my/products/solutions-for-mobile-machines/mobile-automation/,2b652472-ea54-4723-abc6-4f70846f6dcd
https://www.boschrexroth.com/it/it/academy/customer-center-innovation-lab/,None
https://www.boschrexroth.com/en/my/products/industrial-solutions/electric-drives-and-controls/,5668ccd8-0533-49bb-b54c-d83d0b875afc
https://www.boschrexroth.com/en/my/products/industrial-solutions/resistance-welding/,a4b36c53-e06c-4b7a-a6aa-031dc1eb051e
https://www.boschrexroth.com/en/my/industries/,1aba1cb2-36c8-4ee8-9180-2b284de03bf2
https://www.boschrexroth.com/en/my/industries/agriculture-and-forestry/,c335c830-7aee-489f-986e-55826cc786a3
https://www.boschrexroth.com/en/my/industries/battery-production/,a51cddf9-51d9-4191-b8de-2f0cb2a74879
https://www.boschrexroth.com/en/my/industries/automotive/,8b7f8b4d-5a3e-46ec-bef7-ef87779c1b95
https://www.boschrexroth.com/en/my/industries/energy-and-utilities/,9a0bc077-74d6-428d-8481-1ffccb4bb5cc
https://www.boschrexroth.com/en/my/industries/construction-and-infrastructure/,4b50d603-e82a-48d6-b032-df3d4ee01dff
https://www.boschrexroth.com/en/my/industries/chemical-processing/,bf70b606-eef4-46db-bc57-92153454d992
https://www.boschrexroth.com/en/my/products/industrial-solutions/tightening-technology/,e6982f6e-6b3f-427b-b044-26789b1d9efa
https://www.boschrexroth.com/en/my/industries/consumer-goods/,7027d387-5bd8-477e-9b4e-dc63c8d99ca8
https://www.boschrexroth.com/en/my/industries/healthcare/,bf2427cc-883a-4bbd-bcb1-67bd56c97108
https://www.boschrexroth.com/en/my/industries/hydrogen/,81ed63cc-1be2-4369-b140-c04fc14e0f46
https://www.boschrexroth.com/en/my/industries/logistics-and-transport/,95b936c6-44fc-4527-9e4d-ac469fac69d2
https://www.boschrexroth.com/en/my/industries/materials-and-resources/,ff9d3177-936d-4379-9458-0af0c0801ce9
https://www.boschrexroth.com/en/my/industries/pharmaceutics/,705604f5-ccba-4398-9448-55bc19e2d2ab
https://www.boschrexroth.com/en/my/industries/recycling-and-waste-handling/,ebc8d045-7d5c-4b11-bbb0-0a1b99ce6fab
https://www.boschrexroth.com/en/my/products/solutions-for-mobile-machines/gearboxes/,a50d5418-3037-4232-89bd-f78ed95e8326
https://www.boschrexroth.com/en/my/industries/renewable-energies/,7d53cef0-f2c2-40c2-840b-4849dce84868
https://www.boschrexroth.com/en/my/industries/testing-technology/,a31f93f3-0282-4ebf-9732-3994111ecea0
https://www.boschrexroth.com/en/my/industries/semiconductors-and-electronics/,a0945e9a-4bc5-4f26-995f-2baa9803b243
https://www.boschrexroth.com/en/my/service-and-support/service/,d639e7ad-4734-4e58-8fbd-2a7517ca87f6
https://www.boschrexroth.com/en/my/service-and-support/service/spare-parts/,7a622719-6488-4d14-a30a-63a615bbe28b
https://www.boschrexroth.com/en/my/service-and-support/,9281402d-5292-4fc7-9fc3-12057bac3fc8
https://www.boschrexroth.com/en/my/service-and-support/service/repairs/,87cd324c-7984-4c8d-80e5-d24f02a821cb
https://www.boschrexroth.com/en/my/service-and-support/service/digital-portfolio/,5e6fda8b-a855-4e59-99a1-bbb188e00ced
https://www.boschrexroth.com/en/my/service-and-support/service/field-service/,18d0226b-4a2c-43bd-ba77-313291b3a927
https://www.boschrexroth.com/en/my/service-and-support/service/modernization/,7a4343a4-490e-404d-ab2d-31710552d7be
https://www.boschrexroth.com/en/my/service-and-support/service/digital-service-assistant/,18528607-f5f1-48bc-950b-09a3ad627950
https://www.boschrexroth.com/en/my/service-and-support/econfigurators-and-tools/,7ff4a06a-ab8d-495c-adda-a516c9eaeb03
https://www.boschrexroth.com/en/my/service-and-support/econfigurators-and-tools/simster/,fa26b07a-c5a8-48de-b732-4a2c59fe7fe4
https://www.boschrexroth.com/en/my/service-and-support/virtual-engineering/,df0dcbc5-130d-4626-9c21-129033fc3b06
https://www.boschrexroth.com/en/my/service-and-support/econfigurators-and-tools/interactive-fluid-office-ifo/,ddf691a7-fba7-44e8-8e9f-064248765156
https://www.boschrexroth.com/en/my/service-and-support/econfigurators-and-tools/scheme-editor/,f7fd9c9f-9941-4abc-9b65-a9344cc0daa5
https://www.boschrexroth.com/en/my/service-and-support/buy/,f446739c-3030-47a2-9230-101739e5faa7
https://www.boschrexroth.com/en/my/service-and-support/buy/certified-excellence/,6d75de1d-0193-4309-9ea1-d3fccad7ffed
https://www.boschrexroth.com/en/my/service-and-support/hydraulic-fluids/,f980f332-69c7-4a79-a187-04610a8c51e6
https://www.boschrexroth.com/en/my/downloads/cad-files/,53a783c2-b3a9-4006-8e85-16034f294d8e
https://www.boschrexroth.com/en/my/academy/,194cadee-0e16-498d-8e97-b165dc63d207
https://www.boschrexroth.com/en/my/academy/training/,af2447dd-f5fc-4b5b-9346-b90f48f30c6f
https://www.boschrexroth.com/en/my/downloads/manuals/,03b80760-de36-47de-bea8-9101c2fbd131
https://www.boschrexroth.com/en/my/downloads/fact-sheets/,8f941842-4974-4ded-8c24-04fa5bda82aa
https://www.boschrexroth.com/en/my/downloads/software/,3f9ab84d-8e1a-4bbd-bd33-0bccaecf0233
https://www.boschrexroth.com/en/my/downloads/data-sheets/,a4105050-ff0d-41a6-8f41-9f2b906fe807
https://www.boschrexroth.com/en/my/academy/training-systems/,9c907e3c-e44c-4482-ab15-c65cab2d9075
https://www.boschrexroth.com/en/my/jobs-and-career/,e481217a-916b-4550-8f85-0af7fc603a6a
https://www.boschrexroth.com/en/my/jobs-and-career/faq/,8b134238-2e42-490a-8753-e5ff1c891623
https://www.boschrexroth.com/en/my/academy/media/,00decaf7-d55d-4080-90e2-3271a4e2eb68
https://www.boschrexroth.com/en/my/jobs-and-career/job-opportunities/,adfe8f50-db65-409e-9fa8-2d47380e338e
https://www.boschrexroth.com/en/my/jobs-and-career/why-work-with-us/,3bf145eb-d435-4f16-9311-645d6dd300ec
https://www.boschrexroth.com/en/my/company/blog/,None
https://www.boschrexroth.com/en/my/company/,17dfa2d0-8507-4502-974f-a6b96af190c9
https://www.boschrexroth.com/en/my/company/figures/,4c8b434b-0c85-49f8-92a7-da6f08006586
https://www.boschrexroth.com/en/my/company/our-history/,d30a06d0-8ee7-4195-b45c-7f689cd1e4be
https://www.boschrexroth.com/en/my/company/executive-board/,a965a595-29fa-4c5f-967e-73feae60b79d
https://www.boschrexroth.com/en/my/company/sustainability/,8b741f3e-df55-40eb-892a-d537f0ff07e7
https://www.boschrexroth.com/en/my/company/digital-transformation/,f4db96a0-505d-495a-b5b5-a6dac4d9bb3b
https://www.boschrexroth.com/en/my/downloads/,df195e25-1ff1-4730-ab20-044b94a5f067
https://www.boschrexroth.com/es/mx/productos/,98465ab1-5cc1-4e99-b91a-748d495e4713
https://www.boschrexroth.com/en/my/company/youdecide/,19969529-a390-4a98-a74d-8bd661523395
https://www.boschrexroth.com/en/my/company/trade-shows-and-events/,08616ca2-3aea-4c1e-bc15-abed73086b80
https://www.boschrexroth.com/es/mx/productos/grupo-de-productos/,074b9c9a-a014-44ef-bbde-1c41b21c6964
https://www.boschrexroth.com/es/mx/productos/grupo-de-productos/hidraulica-industrial/,1be4e3d7-698c-4345-8f48-5c0c2cad201c
https://www.boschrexroth.com/es/mx/productos/grupo-de-productos/tecnologia-de-movimiento-lineal/,e10f4578-45db-4ef4-98b7-acf3c7b5fc9d
https://www.boschrexroth.com/es/mx/productos/grupo-de-productos/tecnologias-de-moldeo-y-fundicion/,488629d3-a5d4-4b3c-aee6-35150a85d9ea
https://www.boschrexroth.com/es/mx/productos/grupo-de-productos/hidraulica-y-electronica-movil/,48242c75-3e51-4651-84de-343b8c437371
https://www.boschrexroth.com/es/mx/productos/grupo-de-productos/robotica-movil/,250845bb-f01e-423a-b08c-baca3363dd46
https://www.boschrexroth.com/es/mx/productos/grupo-de-productos/kassow-robots/,89e1bccc-c2c2-4b43-8e37-4bbea4f256ab
https://www.boschrexroth.com/es/mx/productos/ingenieria/ingenieria-virtual/,df0dcbc5-130d-4626-9c21-129033fc3b06
https://www.boschrexroth.com/es/mx/productos/grupo-de-productos/hagglunds/,ae0d4661-ad50-4657-822a-71253576c9cf
https://www.boschrexroth.com/es/mx/productos/ingenieria/,b93c0c9c-d94e-4e93-b2af-419c0c64e778
https://www.boschrexroth.com/es/mx/productos/ingenieria/fluidos-hidraulicos/,f980f332-69c7-4a79-a187-04610a8c51e6
https://www.boschrexroth.com/es/mx/productos/econfigurators-y-herramientas-online/,7ff4a06a-ab8d-495c-adda-a516c9eaeb03
https://www.boschrexroth.com/es/mx/productos/econfigurators-y-herramientas-online/interactive-fluid-office-ifo/,ddf691a7-fba7-44e8-8e9f-064248765156
https://www.boschrexroth.com/es/mx/productos/grupo-de-productos/controles-y-accionamientos-electricos/,5668ccd8-0533-49bb-b54c-d83d0b875afc
https://www.boschrexroth.com/es/mx/productos/grupo-de-productos/tecnologia-de-engranajes/,a50d5418-3037-4232-89bd-f78ed95e8326
https://www.boschrexroth.com/es/mx/industrias/,1aba1cb2-36c8-4ee8-9180-2b284de03bf2
https://www.boschrexroth.com/es/mx/industrias/agricultura-y-forestal/,c335c830-7aee-489f-986e-55826cc786a3
https://www.boschrexroth.com/es/mx/industrias/produccion-de-baterias/,a51cddf9-51d9-4191-b8de-2f0cb2a74879
https://www.boschrexroth.com/es/mx/industrias/industria-de-la-automocion/,8b7f8b4d-5a3e-46ec-bef7-ef87779c1b95
https://www.boschrexroth.com/es/mx/productos/econfigurators-y-herramientas-online/simster/,fa26b07a-c5a8-48de-b732-4a2c59fe7fe4
https://www.boschrexroth.com/es/mx/industrias/construccion-e-infraestructura/,4b50d603-e82a-48d6-b032-df3d4ee01dff
https://www.boschrexroth.com/es/mx/productos/grupo-de-productos/tecnologia-de-atornillado/,e6982f6e-6b3f-427b-b044-26789b1d9efa
https://www.boschrexroth.com/es/mx/industrias/industria-quimica/,bf70b606-eef4-46db-bc57-92153454d992
https://www.boschrexroth.com/es/mx/productos/grupo-de-productos/soldadura-por-resistencia/,a4b36c53-e06c-4b7a-a6aa-031dc1eb051e
https://www.boschrexroth.com/es/mx/industrias/bienes-de-consumo/,7027d387-5bd8-477e-9b4e-dc63c8d99ca8
https://www.boschrexroth.com/es/mx/industrias/energia-y-servicios/,9a0bc077-74d6-428d-8481-1ffccb4bb5cc
https://www.boschrexroth.com/es/mx/industrias/cuidado-de-la-salud/,bf2427cc-883a-4bbd-bcb1-67bd56c97108
https://www.boschrexroth.com/es/mx/industrias/hidrogeno/,81ed63cc-1be2-4369-b140-c04fc14e0f46
https://www.boschrexroth.com/es/mx/industrias/logistica-y-transporte/,95b936c6-44fc-4527-9e4d-ac469fac69d2
https://www.boschrexroth.com/es/mx/industrias/industria-farmaceutica/,705604f5-ccba-4398-9448-55bc19e2d2ab
https://www.boschrexroth.com/es/mx/industrias/materiales-y-recursos/,ff9d3177-936d-4379-9458-0af0c0801ce9
https://www.boschrexroth.com/es/mx/industrias/reciclaje-y-manejo-de-residuos/,ebc8d045-7d5c-4b11-bbb0-0a1b99ce6fab
https://www.boschrexroth.com/es/mx/productos/grupo-de-productos/tecnologia-de-montaje/,ddfb8ad9-ca6f-43a6-b209-9000595cd282
https://www.boschrexroth.com/es/mx/industrias/semiconductores-y-electronica/,a0945e9a-4bc5-4f26-995f-2baa9803b243
https://www.boschrexroth.com/es/mx/industrias/energias-renovables/,7d53cef0-f2c2-40c2-840b-4849dce84868
https://www.boschrexroth.com/es/mx/servicio/,d639e7ad-4734-4e58-8fbd-2a7517ca87f6
https://www.boschrexroth.com/es/mx/servicio/piezas-de-recambio/,7a622719-6488-4d14-a30a-63a615bbe28b
https://www.boschrexroth.com/es/mx/industrias/tecnologia-de-pruebas/,a31f93f3-0282-4ebf-9732-3994111ecea0
https://www.boschrexroth.com/es/mx/servicio/reparaciones/,87cd324c-7984-4c8d-80e5-d24f02a821cb
https://www.boschrexroth.com/es/mx/servicio/servicio-de-campo/,18d0226b-4a2c-43bd-ba77-313291b3a927
https://www.boschrexroth.com/es/mx/servicio/retrofitting/,7a4343a4-490e-404d-ab2d-31710552d7be
https://www.boschrexroth.com/es/mx/productos/econfigurators-y-herramientas-online/editor-de-esquemas/,f7fd9c9f-9941-4abc-9b65-a9344cc0daa5
https://www.boschrexroth.com/es/mx/servicio/cartera-digital/,5e6fda8b-a855-4e59-99a1-bbb188e00ced
https://www.boschrexroth.com/es/mx/descargas/archivos-cad/,53a783c2-b3a9-4006-8e85-16034f294d8e
https://www.boschrexroth.com/es/mx/compania/blog/,None
https://www.boschrexroth.com/es/mx/descargas/fichas-tecnicas/,a4105050-ff0d-41a6-8f41-9f2b906fe807
https://www.boschrexroth.com/es/mx/servicio/asistente-de-servicio-digital/,18528607-f5f1-48bc-950b-09a3ad627950
https://www.boschrexroth.com/es/mx/descargas/software/,3f9ab84d-8e1a-4bbd-bd33-0bccaecf0233
https://www.boschrexroth.com/es/mx/compania/,17dfa2d0-8507-4502-974f-a6b96af190c9
https://www.boschrexroth.com/es/mx/descargas/manuales/,03b80760-de36-47de-bea8-9101c2fbd131
https://www.boschrexroth.com/es/mx/compania/cifras/,4c8b434b-0c85-49f8-92a7-da6f08006586
https://www.boschrexroth.com/es/mx/compania/comite-ejecutivo/,a965a595-29fa-4c5f-967e-73feae60b79d
https://www.boschrexroth.com/es/mx/descargas/hojas-informativas/,8f941842-4974-4ded-8c24-04fa5bda82aa
https://www.boschrexroth.com/es/mx/compania/youdecide/,19969529-a390-4a98-a74d-8bd661523395
https://www.boschrexroth.com/es/mx/compania/nuestra-historia/,d30a06d0-8ee7-4195-b45c-7f689cd1e4be
https://www.boschrexroth.com/es/mx/compania/transformacion-digital/,f4db96a0-505d-495a-b5b5-a6dac4d9bb3b
https://www.boschrexroth.com/es/mx/empleos/,e481217a-916b-4550-8f85-0af7fc603a6a
https://www.boschrexroth.com/es/mx/empleos/oportunidades-de-trabajo/,adfe8f50-db65-409e-9fa8-2d47380e338e
https://www.boschrexroth.com/es/mx/compania/ferias-y-eventos/,08616ca2-3aea-4c1e-bc15-abed73086b80
https://www.boschrexroth.com/es/mx/empleos/por-que-trabajar-con-nosotros/,3bf145eb-d435-4f16-9311-645d6dd300ec
https://www.boschrexroth.com/es/mx/academia/,194cadee-0e16-498d-8e97-b165dc63d207
https://www.boschrexroth.com/es/mx/empleos/preguntas-frecuentes/,8b134238-2e42-490a-8753-e5ff1c891623
https://www.boschrexroth.com/es/mx/academia/training/,af2447dd-f5fc-4b5b-9346-b90f48f30c6f
https://www.boschrexroth.com/es/mx/descargas/,df195e25-1ff1-4730-ab20-044b94a5f067
https://www.boschrexroth.com/es/mx/academia/training-systems/,9c907e3c-e44c-4482-ab15-c65cab2d9075
https://www.boschrexroth.com/es/mx/academia/media/,00decaf7-d55d-4080-90e2-3271a4e2eb68
https://www.boschrexroth.com/es/mx/comprar/rexroth-store/,34ee1645-140f-4239-8237-7e8524cb6d53
https://www.boschrexroth.com/es/mx/comprar/,f446739c-3030-47a2-9230-101739e5faa7
https://www.boschrexroth.com/es/mx/comprar/certified-excellence/,6d75de1d-0193-4309-9ea1-d3fccad7ffed
https://www.boschrexroth.com/es/mx/comprar/certified-excellence/aplicar-como-ce-partner/,00f9f5ff-0eeb-4823-a3ca-e503b263b51e
https://www.boschrexroth.com/nl/nl/producten/,98465ab1-5cc1-4e99-b91a-748d495e4713
https://www.boschrexroth.com/nl/nl/producten/industriele-oplossingen/,074b9c9a-a014-44ef-bbde-1c41b21c6964
https://www.boschrexroth.com/nl/nl/producten/industriele-oplossingen/industriele-hydrauliek/,1be4e3d7-698c-4345-8f48-5c0c2cad201c
https://www.boschrexroth.com/nl/nl/producten/industriele-oplossingen/lineaire-bewegingstechnologie/,e10f4578-45db-4ef4-98b7-acf3c7b5fc9d
https://www.boschrexroth.com/nl/nl/producten/industriele-oplossingen/assemblagetechniek/,ddfb8ad9-ca6f-43a6-b209-9000595cd282
https://www.boschrexroth.com/nl/nl/producten/industriele-oplossingen/vorm-en-giettechnieken/,488629d3-a5d4-4b3c-aee6-35150a85d9ea
https://www.boschrexroth.com/nl/nl/producten/industriele-oplossingen/mobiele-robotica/,250845bb-f01e-423a-b08c-baca3363dd46
https://www.boschrexroth.com/nl/nl/producten/oplossingen-voor-mobiele-machines/,48242c75-3e51-4651-84de-343b8c437371
https://www.boschrexroth.com/nl/nl/producten/industriele-oplossingen/hagglunds/,ae0d4661-ad50-4657-822a-71253576c9cf
https://www.boschrexroth.com/nl/nl/producten/oplossingen-voor-mobiele-machines/mobiele-elektronica-en-telematica/,50f2fd04-b4fd-4e33-a8f5-015f22aa975e
https://www.boschrexroth.com/nl/nl/producten/oplossingen-voor-mobiele-machines/mobiele-elektrische-aandrijvingen/,42909484-d194-4cd4-be61-df9abe2a54ee
https://www.boschrexroth.com/nl/nl/producten/industriele-oplossingen/kassow-robots/,89e1bccc-c2c2-4b43-8e37-4bbea4f256ab
https://www.boschrexroth.com/nl/nl/producten/oplossingen-voor-mobiele-machines/mobiele-hydrauliek/,e989aced-4c70-4391-9220-074ece3609bb
https://www.boschrexroth.com/nl/nl/producten/oplossingen-voor-mobiele-machines/mobiele-automatisering/,2b652472-ea54-4723-abc6-4f70846f6dcd
https://www.boschrexroth.com/nl/nl/industriele-sectoren/landbouw-en-bosbouw/,c335c830-7aee-489f-986e-55826cc786a3
https://www.boschrexroth.com/nl/nl/industriele-sectoren/,1aba1cb2-36c8-4ee8-9180-2b284de03bf2
https://www.boschrexroth.com/nl/nl/industriele-sectoren/autotechniek/,8b7f8b4d-5a3e-46ec-bef7-ef87779c1b95
https://www.boschrexroth.com/nl/nl/producten/industriele-oplossingen/elektrische-aandrijvingen-en-besturingen/,5668ccd8-0533-49bb-b54c-d83d0b875afc
https://www.boschrexroth.com/nl/nl/industriele-sectoren/batterijproductie/,a51cddf9-51d9-4191-b8de-2f0cb2a74879
https://www.boschrexroth.com/nl/nl/industriele-sectoren/chemieverwerkende-nijverheid/,bf70b606-eef4-46db-bc57-92153454d992
https://www.boschrexroth.com/nl/nl/industriele-sectoren/bouw-en-infrastructuur/,4b50d603-e82a-48d6-b032-df3d4ee01dff
https://www.boschrexroth.com/nl/nl/producten/industriele-oplossingen/weerstandslassen/,a4b36c53-e06c-4b7a-a6aa-031dc1eb051e
https://www.boschrexroth.com/nl/nl/industriele-sectoren/consumptiegoederen/,7027d387-5bd8-477e-9b4e-dc63c8d99ca8
https://www.boschrexroth.com/nl/nl/producten/industriele-oplossingen/bevestigingstechniek/,e6982f6e-6b3f-427b-b044-26789b1d9efa
https://www.boschrexroth.com/nl/nl/producten/oplossingen-voor-mobiele-machines/versnellingsbakken/,a50d5418-3037-4232-89bd-f78ed95e8326
https://www.boschrexroth.com/nl/nl/industriele-sectoren/energie-en-nutsvoorzieningen/,9a0bc077-74d6-428d-8481-1ffccb4bb5cc
https://www.boschrexroth.com/nl/nl/industriele-sectoren/gezondheidszorg/,bf2427cc-883a-4bbd-bcb1-67bd56c97108
https://www.boschrexroth.com/nl/nl/industriele-sectoren/logistiek-en-transport/,95b936c6-44fc-4527-9e4d-ac469fac69d2
https://www.boschrexroth.com/nl/nl/industriele-sectoren/hernieuwbare-energie/,7d53cef0-f2c2-40c2-840b-4849dce84868
https://www.boschrexroth.com/nl/nl/industriele-sectoren/farmaceutische-industrie/,705604f5-ccba-4398-9448-55bc19e2d2ab
https://www.boschrexroth.com/nl/nl/industriele-sectoren/materialen-en-grondstoffen/,ff9d3177-936d-4379-9458-0af0c0801ce9
https://www.boschrexroth.com/nl/nl/industriele-sectoren/halfgeleiders-en-elektronica/,a0945e9a-4bc5-4f26-995f-2baa9803b243
https://www.boschrexroth.com/nl/nl/industriele-sectoren/recycling-en-afvalbehandeling/,ebc8d045-7d5c-4b11-bbb0-0a1b99ce6fab
https://www.boschrexroth.com/nl/nl/industriele-sectoren/waterstof/,81ed63cc-1be2-4369-b140-c04fc14e0f46
https://www.boschrexroth.com/nl/nl/industriele-sectoren/testtechnologie/,a31f93f3-0282-4ebf-9732-3994111ecea0
https://www.boschrexroth.com/nl/nl/service-en-support/,9281402d-5292-4fc7-9fc3-12057bac3fc8
https://www.boschrexroth.com/nl/nl/service-en-support/service/,d639e7ad-4734-4e58-8fbd-2a7517ca87f6
https://www.boschrexroth.com/nl/nl/service-en-support/service/reserveonderdelen/,7a622719-6488-4d14-a30a-63a615bbe28b
https://www.boschrexroth.com/nl/nl/service-en-support/service/reparaties/,87cd324c-7984-4c8d-80e5-d24f02a821cb
https://www.boschrexroth.com/nl/nl/service-en-support/service/field-service/,18d0226b-4a2c-43bd-ba77-313291b3a927
https://www.boschrexroth.com/nl/nl/service-en-support/service/modernisering/,7a4343a4-490e-404d-ab2d-31710552d7be
https://www.boschrexroth.com/nl/nl/service-en-support/econfigurators-en-tools/,7ff4a06a-ab8d-495c-adda-a516c9eaeb03
https://www.boschrexroth.com/nl/nl/service-en-support/econfigurators-en-tools/simster/,fa26b07a-c5a8-48de-b732-4a2c59fe7fe4
https://www.boschrexroth.com/nl/nl/service-en-support/econfigurators-en-tools/interactive-fluid-office-ifo/,ddf691a7-fba7-44e8-8e9f-064248765156
https://www.boschrexroth.com/nl/nl/service-en-support/service/digital-service-assistant/,18528607-f5f1-48bc-950b-09a3ad627950
https://www.boschrexroth.com/nl/nl/service-en-support/service/contactformulier/,None
https://www.boschrexroth.com/nl/nl/service-en-support/econfigurators-en-tools/scheme-editor/,f7fd9c9f-9941-4abc-9b65-a9344cc0daa5
https://www.boschrexroth.com/nl/nl/service-en-support/virtuele-engineering/,df0dcbc5-130d-4626-9c21-129033fc3b06
https://www.boschrexroth.com/nl/nl/service-en-support/kopen/,f446739c-3030-47a2-9230-101739e5faa7
https://www.boschrexroth.com/nl/nl/service-en-support/hydraulische-vloeistoffen/,f980f332-69c7-4a79-a187-04610a8c51e6
https://www.boschrexroth.com/nl/nl/service-en-support/kopen/rexroth-store/,34ee1645-140f-4239-8237-7e8524cb6d53
https://www.boschrexroth.com/nl/nl/service-en-support/kopen/directe-verkoop/,None
https://www.boschrexroth.com/nl/nl/service-en-support/kopen/partners/,None
https://www.boschrexroth.com/nl/nl/downloads/cad-bestanden/,53a783c2-b3a9-4006-8e85-16034f294d8e
https://www.boschrexroth.com/nl/nl/downloads/data-sheets/,a4105050-ff0d-41a6-8f41-9f2b906fe807
https://www.boschrexroth.com/nl/nl/downloads/manuals/,03b80760-de36-47de-bea8-9101c2fbd131
https://www.boschrexroth.com/nl/nl/downloads/fact-sheets/,8f941842-4974-4ded-8c24-04fa5bda82aa
https://www.boschrexroth.com/nl/nl/downloads/software/,3f9ab84d-8e1a-4bbd-bd33-0bccaecf0233
https://www.boschrexroth.com/nl/nl/academy/,None
https://www.boschrexroth.com/nl/nl/academy/trainingsaanbod/,None
https://www.boschrexroth.com/nl/nl/academy/klantspecifieke-training/,None
https://www.boschrexroth.com/nl/nl/jobs-en-carriere/,e481217a-916b-4550-8f85-0af7fc603a6a
https://www.boschrexroth.com/nl/nl/jobs-en-carriere/waarom-bij-ons-werken/,3bf145eb-d435-4f16-9311-645d6dd300ec
https://www.boschrexroth.com/nl/nl/academy/training-systems/,None
https://www.boschrexroth.com/nl/nl/academy/media/,00decaf7-d55d-4080-90e2-3271a4e2eb68
https://www.boschrexroth.com/nl/nl/jobs-en-carriere/vacatures/,adfe8f50-db65-409e-9fa8-2d47380e338e
https://www.boschrexroth.com/nl/nl/service-en-support/service/digitaal-portfolio/,5e6fda8b-a855-4e59-99a1-bbb188e00ced
https://www.boschrexroth.com/nl/nl/bedrijf/,17dfa2d0-8507-4502-974f-a6b96af190c9
https://www.boschrexroth.com/nl/nl/bedrijf/blog/,None
https://www.boschrexroth.com/nl/nl/jobs-en-carriere/faq/,8b134238-2e42-490a-8753-e5ff1c891623
https://www.boschrexroth.com/nl/nl/bedrijf/cijfers/,4c8b434b-0c85-49f8-92a7-da6f08006586
https://www.boschrexroth.com/nl/nl/bedrijf/raad-van-bestuur/,a965a595-29fa-4c5f-967e-73feae60b79d
https://www.boschrexroth.com/nl/nl/bedrijf/onze-geschiedenis/,d30a06d0-8ee7-4195-b45c-7f689cd1e4be
https://www.boschrexroth.com/nl/nl/bedrijf/digitale-transformatie/,f4db96a0-505d-495a-b5b5-a6dac4d9bb3b
https://www.boschrexroth.com/nl/nl/downloads/,df195e25-1ff1-4730-ab20-044b94a5f067
https://www.boschrexroth.com/nl/nl/bedrijf/youdecide/,19969529-a390-4a98-a74d-8bd661523395
https://www.boschrexroth.com/nl/nl/bedrijf/onze-organisatie/,None
https://www.boschrexroth.com/en/nz/products/industrial-solutions/,074b9c9a-a014-44ef-bbde-1c41b21c6964
https://www.boschrexroth.com/en/nz/products/,98465ab1-5cc1-4e99-b91a-748d495e4713
https://www.boschrexroth.com/nl/nl/bedrijf/beurzen-en-evenementen/,08616ca2-3aea-4c1e-bc15-abed73086b80
https://www.boschrexroth.com/en/nz/products/industrial-solutions/assembly-technology/,ddfb8ad9-ca6f-43a6-b209-9000595cd282
https://www.boschrexroth.com/en/nz/products/industrial-solutions/hagglunds/,ae0d4661-ad50-4657-822a-71253576c9cf
https://www.boschrexroth.com/en/nz/products/industrial-solutions/industrial-hydraulics/,1be4e3d7-698c-4345-8f48-5c0c2cad201c
https://www.boschrexroth.com/en/nz/products/industrial-solutions/kassow-robots/,89e1bccc-c2c2-4b43-8e37-4bbea4f256ab
https://www.boschrexroth.com/en/nz/products/industrial-solutions/mobile-robotics/,250845bb-f01e-423a-b08c-baca3363dd46
https://www.boschrexroth.com/en/nz/products/industrial-solutions/moulding-and-casting-technologies/,488629d3-a5d4-4b3c-aee6-35150a85d9ea
https://www.boschrexroth.com/en/nz/products/industrial-solutions/linear-motion-technology/,e10f4578-45db-4ef4-98b7-acf3c7b5fc9d
https://www.boschrexroth.com/en/nz/products/solutions-for-mobile-machines/,48242c75-3e51-4651-84de-343b8c437371
https://www.boschrexroth.com/en/nz/products/industrial-solutions/electric-drives-and-controls/,5668ccd8-0533-49bb-b54c-d83d0b875afc
https://www.boschrexroth.com/en/nz/products/solutions-for-mobile-machines/mobile-hydraulics/,e989aced-4c70-4391-9220-074ece3609bb
https://www.boschrexroth.com/en/nz/products/solutions-for-mobile-machines/mobile-automation/,2b652472-ea54-4723-abc6-4f70846f6dcd
https://www.boschrexroth.com/en/nz/industries/,1aba1cb2-36c8-4ee8-9180-2b284de03bf2
https://www.boschrexroth.com/en/nz/industries/agriculture-and-forestry/,c335c830-7aee-489f-986e-55826cc786a3
https://www.boschrexroth.com/en/nz/products/solutions-for-mobile-machines/mobile-electric-drives/,42909484-d194-4cd4-be61-df9abe2a54ee
https://www.boschrexroth.com/en/nz/products/solutions-for-mobile-machines/mobile-electronics-and-telematics/,50f2fd04-b4fd-4e33-a8f5-015f22aa975e
https://www.boschrexroth.com/en/nz/industries/automotive/,8b7f8b4d-5a3e-46ec-bef7-ef87779c1b95
https://www.boschrexroth.com/en/nz/industries/battery-production/,a51cddf9-51d9-4191-b8de-2f0cb2a74879
https://www.boschrexroth.com/en/nz/industries/chemical-processing/,bf70b606-eef4-46db-bc57-92153454d992
https://www.boschrexroth.com/en/nz/industries/construction-and-infrastructure/,4b50d603-e82a-48d6-b032-df3d4ee01dff
https://www.boschrexroth.com/en/nz/industries/consumer-goods/,7027d387-5bd8-477e-9b4e-dc63c8d99ca8
https://www.boschrexroth.com/en/nz/products/industrial-solutions/resistance-welding/,a4b36c53-e06c-4b7a-a6aa-031dc1eb051e
https://www.boschrexroth.com/en/nz/industries/energy-and-utilities/,9a0bc077-74d6-428d-8481-1ffccb4bb5cc
https://www.boschrexroth.com/en/nz/industries/healthcare/,bf2427cc-883a-4bbd-bcb1-67bd56c97108
https://www.boschrexroth.com/en/nz/industries/logistics-and-transport/,95b936c6-44fc-4527-9e4d-ac469fac69d2
https://www.boschrexroth.com/en/nz/products/industrial-solutions/tightening-technology/,e6982f6e-6b3f-427b-b044-26789b1d9efa
https://www.boschrexroth.com/en/nz/industries/hydrogen/,81ed63cc-1be2-4369-b140-c04fc14e0f46
https://www.boschrexroth.com/en/nz/industries/materials-and-resources/,ff9d3177-936d-4379-9458-0af0c0801ce9
https://www.boschrexroth.com/en/nz/industries/pharmaceutics/,705604f5-ccba-4398-9448-55bc19e2d2ab
https://www.boschrexroth.com/en/nz/industries/renewable-energies/,7d53cef0-f2c2-40c2-840b-4849dce84868
https://www.boschrexroth.com/en/nz/industries/semiconductors-and-electronics/,a0945e9a-4bc5-4f26-995f-2baa9803b243
https://www.boschrexroth.com/en/nz/industries/recycling-and-waste-handling/,ebc8d045-7d5c-4b11-bbb0-0a1b99ce6fab
https://www.boschrexroth.com/en/nz/industries/testing-technology/,a31f93f3-0282-4ebf-9732-3994111ecea0
https://www.boschrexroth.com/en/nz/products/solutions-for-mobile-machines/gearboxes/,a50d5418-3037-4232-89bd-f78ed95e8326
https://www.boschrexroth.com/en/nz/service-and-support/,9281402d-5292-4fc7-9fc3-12057bac3fc8
https://www.boschrexroth.com/en/nz/service-and-support/service/,d639e7ad-4734-4e58-8fbd-2a7517ca87f6
https://www.boschrexroth.com/en/nz/service-and-support/service/spare-parts/,7a622719-6488-4d14-a30a-63a615bbe28b
https://www.boschrexroth.com/en/nz/service-and-support/service/field-service/,18d0226b-4a2c-43bd-ba77-313291b3a927
https://www.boschrexroth.com/en/nz/service-and-support/service/repairs/,87cd324c-7984-4c8d-80e5-d24f02a821cb
https://www.boschrexroth.com/en/nz/service-and-support/service/modernization/,7a4343a4-490e-404d-ab2d-31710552d7be
https://www.boschrexroth.com/en/nz/service-and-support/econfigurators-and-tools/,7ff4a06a-ab8d-495c-adda-a516c9eaeb03
https://www.boschrexroth.com/en/nz/service-and-support/service/digital-service-assistant/,18528607-f5f1-48bc-950b-09a3ad627950
https://www.boschrexroth.com/en/nz/service-and-support/service/digital-portfolio/,5e6fda8b-a855-4e59-99a1-bbb188e00ced
https://www.boschrexroth.com/en/nz/service-and-support/econfigurators-and-tools/simster/,fa26b07a-c5a8-48de-b732-4a2c59fe7fe4
https://www.boschrexroth.com/en/nz/service-and-support/econfigurators-and-tools/scheme-editor/,f7fd9c9f-9941-4abc-9b65-a9344cc0daa5
https://www.boschrexroth.com/en/nz/service-and-support/econfigurators-and-tools/interactive-fluid-office-ifo/,ddf691a7-fba7-44e8-8e9f-064248765156
https://www.boschrexroth.com/en/nz/service-and-support/buy/,f446739c-3030-47a2-9230-101739e5faa7
https://www.boschrexroth.com/en/nz/service-and-support/hydraulic-fluids/,f980f332-69c7-4a79-a187-04610a8c51e6
https://www.boschrexroth.com/en/nz/downloads/cad-files/,53a783c2-b3a9-4006-8e85-16034f294d8e
https://www.boschrexroth.com/en/nz/service-and-support/buy/certified-excellence/,6d75de1d-0193-4309-9ea1-d3fccad7ffed
https://www.boschrexroth.com/en/nz/downloads/fact-sheets/,8f941842-4974-4ded-8c24-04fa5bda82aa
https://www.boschrexroth.com/en/nz/downloads/manuals/,03b80760-de36-47de-bea8-9101c2fbd131
https://www.boschrexroth.com/en/nz/downloads/software/,3f9ab84d-8e1a-4bbd-bd33-0bccaecf0233
https://www.boschrexroth.com/en/nz/downloads/data-sheets/,a4105050-ff0d-41a6-8f41-9f2b906fe807
https://www.boschrexroth.com/en/nz/academy/,194cadee-0e16-498d-8e97-b165dc63d207
https://www.boschrexroth.com/en/nz/academy/training-systems/,9c907e3c-e44c-4482-ab15-c65cab2d9075
https://www.boschrexroth.com/en/nz/academy/training/,af2447dd-f5fc-4b5b-9346-b90f48f30c6f
https://www.boschrexroth.com/en/nz/academy/media/,00decaf7-d55d-4080-90e2-3271a4e2eb68
https://www.boschrexroth.com/en/nz/jobs-and-career/,e481217a-916b-4550-8f85-0af7fc603a6a
https://www.boschrexroth.com/en/nz/jobs-and-career/why-work-with-us/,3bf145eb-d435-4f16-9311-645d6dd300ec
https://www.boschrexroth.com/en/nz/jobs-and-career/faq/,8b134238-2e42-490a-8753-e5ff1c891623
https://www.boschrexroth.com/en/nz/company/,17dfa2d0-8507-4502-974f-a6b96af190c9
https://www.boschrexroth.com/en/nz/jobs-and-career/job-opportunities/,adfe8f50-db65-409e-9fa8-2d47380e338e
https://www.boschrexroth.com/en/nz/company/figures/,4c8b434b-0c85-49f8-92a7-da6f08006586
https://www.boschrexroth.com/en/nz/company/executive-board/,a965a595-29fa-4c5f-967e-73feae60b79d
https://www.boschrexroth.com/en/nz/company/our-history/,d30a06d0-8ee7-4195-b45c-7f689cd1e4be
https://www.boschrexroth.com/en/nz/company/sustainability/,8b741f3e-df55-40eb-892a-d537f0ff07e7
https://www.boschrexroth.com/en/nz/company/digital-transformation/,f4db96a0-505d-495a-b5b5-a6dac4d9bb3b
https://www.boschrexroth.com/en/nz/company/youdecide/,19969529-a390-4a98-a74d-8bd661523395
https://www.boschrexroth.com/en/nz/company/blog/,None
https://www.boschrexroth.com/en/nz/downloads/,df195e25-1ff1-4730-ab20-044b94a5f067
https://www.boschrexroth.com/en/nz/service-and-support/virtual-engineering/,df0dcbc5-130d-4626-9c21-129033fc3b06
https://www.boschrexroth.com/en/nz/company/trade-shows-and-events/,08616ca2-3aea-4c1e-bc15-abed73086b80
https://www.boschrexroth.com/nb/no/produkter/,98465ab1-5cc1-4e99-b91a-748d495e4713
https://www.boschrexroth.com/nb/no/produkter/industrielle-loesninger/,074b9c9a-a014-44ef-bbde-1c41b21c6964
https://www.boschrexroth.com/nb/no/produkter/industrielle-loesninger/monteringsteknologi/,ddfb8ad9-ca6f-43a6-b209-9000595cd282
https://www.boschrexroth.com/nb/no/produkter/industrielle-loesninger/forme-og-stoepeteknologier/,488629d3-a5d4-4b3c-aee6-35150a85d9ea
https://www.boschrexroth.com/nb/no/produkter/industrielle-loesninger/industrihydraulikk/,1be4e3d7-698c-4345-8f48-5c0c2cad201c
https://www.boschrexroth.com/nb/no/produkter/industrielle-loesninger/lineaer-bevegelsesteknologi/,e10f4578-45db-4ef4-98b7-acf3c7b5fc9d
https://www.boschrexroth.com/nb/no/produkter/industrielle-loesninger/mobil-robotikk/,250845bb-f01e-423a-b08c-baca3363dd46
https://www.boschrexroth.com/nb/no/produkter/industrielle-loesninger/hagglunds/,ae0d4661-ad50-4657-822a-71253576c9cf
https://www.boschrexroth.com/nb/no/produkter/industrielle-loesninger/kassow-robots/,89e1bccc-c2c2-4b43-8e37-4bbea4f256ab
https://www.boschrexroth.com/nb/no/produkter/loesninger-for-mobile-maskiner/,48242c75-3e51-4651-84de-343b8c437371
https://www.boschrexroth.com/nb/no/produkter/loesninger-for-mobile-maskiner/mobil-hydraulikk/,e989aced-4c70-4391-9220-074ece3609bb
https://www.boschrexroth.com/nb/no/produkter/loesninger-for-mobile-maskiner/mobil-elektronikk-og-telematikk/,50f2fd04-b4fd-4e33-a8f5-015f22aa975e
https://www.boschrexroth.com/nb/no/produkter/loesninger-for-mobile-maskiner/mobil-automatisering/,2b652472-ea54-4723-abc6-4f70846f6dcd
https://www.boschrexroth.com/nb/no/produkter/loesninger-for-mobile-maskiner/mobile-elektriske-drivenheter/,42909484-d194-4cd4-be61-df9abe2a54ee
https://www.boschrexroth.com/nb/no/bransjer/jordbruk-og-skogbruk/,c335c830-7aee-489f-986e-55826cc786a3
https://www.boschrexroth.com/nb/no/bransjer/kjemisk-behandling/,bf70b606-eef4-46db-bc57-92153454d992
https://www.boschrexroth.com/nb/no/bransjer/batteriproduksjon/,a51cddf9-51d9-4191-b8de-2f0cb2a74879
https://www.boschrexroth.com/nb/no/bransjer/bilindustri/,8b7f8b4d-5a3e-46ec-bef7-ef87779c1b95
https://www.boschrexroth.com/nb/no/produkter/industrielle-loesninger/elektriske-motorer-og-kontrollere/,5668ccd8-0533-49bb-b54c-d83d0b875afc
https://www.boschrexroth.com/nb/no/bransjer/forbrukervarer/,7027d387-5bd8-477e-9b4e-dc63c8d99ca8
https://www.boschrexroth.com/nb/no/bransjer/bygg-og-infrastruktur/,4b50d603-e82a-48d6-b032-df3d4ee01dff
https://www.boschrexroth.com/nb/no/produkter/industrielle-loesninger/festeteknologi/,e6982f6e-6b3f-427b-b044-26789b1d9efa
https://www.boschrexroth.com/nb/no/produkter/industrielle-loesninger/motstandssveising/,a4b36c53-e06c-4b7a-a6aa-031dc1eb051e
https://www.boschrexroth.com/nb/no/bransjer/energi-og-utstyr/,9a0bc077-74d6-428d-8481-1ffccb4bb5cc
https://www.boschrexroth.com/nb/no/bransjer/helsevesen/,bf2427cc-883a-4bbd-bcb1-67bd56c97108
https://www.boschrexroth.com/nb/no/bransjer/hydrogen/,81ed63cc-1be2-4369-b140-c04fc14e0f46
https://www.boschrexroth.com/nb/no/bransjer/logistikk-og-transport/,95b936c6-44fc-4527-9e4d-ac469fac69d2
https://www.boschrexroth.com/nb/no/bransjer/materialer-og-ressurser/,ff9d3177-936d-4379-9458-0af0c0801ce9
https://www.boschrexroth.com/nb/no/produkter/loesninger-for-mobile-maskiner/girkasser/,a50d5418-3037-4232-89bd-f78ed95e8326
https://www.boschrexroth.com/nb/no/bransjer/gjenvinning-og-avfallshandtering/,ebc8d045-7d5c-4b11-bbb0-0a1b99ce6fab
https://www.boschrexroth.com/nb/no/bransjer/farmasoeytisk-industri/,705604f5-ccba-4398-9448-55bc19e2d2ab
https://www.boschrexroth.com/nb/no/bransjer/fornybar-energi/,7d53cef0-f2c2-40c2-840b-4849dce84868
https://www.boschrexroth.com/nb/no/bransjer/halvledere-og-elektronikk/,a0945e9a-4bc5-4f26-995f-2baa9803b243
https://www.boschrexroth.com/nb/no/bransjer/testteknologi/,a31f93f3-0282-4ebf-9732-3994111ecea0
https://www.boschrexroth.com/nb/no/service-og-kundestoette/,9281402d-5292-4fc7-9fc3-12057bac3fc8
https://www.boschrexroth.com/nb/no/service-og-kundestoette/service/reservedeler/,7a622719-6488-4d14-a30a-63a615bbe28b
https://www.boschrexroth.com/nb/no/service-og-kundestoette/service/reparasjoner/,87cd324c-7984-4c8d-80e5-d24f02a821cb
https://www.boschrexroth.com/nb/no/service-og-kundestoette/service/,d639e7ad-4734-4e58-8fbd-2a7517ca87f6
https://www.boschrexroth.com/nb/no/bransjer/,1aba1cb2-36c8-4ee8-9180-2b284de03bf2
https://www.boschrexroth.com/nb/no/service-og-kundestoette/service/digital-serviceassistent/,18528607-f5f1-48bc-950b-09a3ad627950
https://www.boschrexroth.com/nb/no/service-og-kundestoette/service/feltservice/,18d0226b-4a2c-43bd-ba77-313291b3a927
https://www.boschrexroth.com/nb/no/service-og-kundestoette/service/digital-portefoelje/,5e6fda8b-a855-4e59-99a1-bbb188e00ced
https://www.boschrexroth.com/nb/no/service-og-kundestoette/service/modernisering/,7a4343a4-490e-404d-ab2d-31710552d7be
https://www.boschrexroth.com/nb/no/service-og-kundestoette/e-konfiguratorer-og-verktoey/simster/,fa26b07a-c5a8-48de-b732-4a2c59fe7fe4
https://www.boschrexroth.com/nb/no/service-og-kundestoette/e-konfiguratorer-og-verktoey/,7ff4a06a-ab8d-495c-adda-a516c9eaeb03
https://www.boschrexroth.com/nb/no/service-og-kundestoette/e-konfiguratorer-og-verktoey/scheme-editor/,f7fd9c9f-9941-4abc-9b65-a9344cc0daa5
https://www.boschrexroth.com/nb/no/service-og-kundestoette/e-konfiguratorer-og-verktoey/interactive-fluid-office-ifo/,ddf691a7-fba7-44e8-8e9f-064248765156
https://www.boschrexroth.com/nb/no/service-og-kundestoette/virtuell-konstruksjon/,df0dcbc5-130d-4626-9c21-129033fc3b06
https://www.boschrexroth.com/nb/no/service-og-kundestoette/kjoep/,f446739c-3030-47a2-9230-101739e5faa7
https://www.boschrexroth.com/nb/no/service-og-kundestoette/hydraulikkvaesker/,f980f332-69c7-4a79-a187-04610a8c51e6
https://www.boschrexroth.com/nb/no/service-og-kundestoette/kjoep/certified-excellence/,6d75de1d-0193-4309-9ea1-d3fccad7ffed
https://www.boschrexroth.com/nb/no/service-og-kundestoette/kjoep/rexroth-store/,34ee1645-140f-4239-8237-7e8524cb6d53
https://www.boschrexroth.com/nb/no/nedlastinger/cad-filer/,53a783c2-b3a9-4006-8e85-16034f294d8e
https://www.boschrexroth.com/nb/no/nedlastinger/faktaark/,8f941842-4974-4ded-8c24-04fa5bda82aa
https://www.boschrexroth.com/nb/no/nedlastinger/programvare/,3f9ab84d-8e1a-4bbd-bd33-0bccaecf0233
https://www.boschrexroth.com/nb/no/nedlastinger/handboeker/,03b80760-de36-47de-bea8-9101c2fbd131
https://www.boschrexroth.com/nb/no/nedlastinger/dataark/,a4105050-ff0d-41a6-8f41-9f2b906fe807
https://www.boschrexroth.com/nb/no/akademi/,194cadee-0e16-498d-8e97-b165dc63d207
https://www.boschrexroth.com/nb/no/akademi/training/,af2447dd-f5fc-4b5b-9346-b90f48f30c6f
https://www.boschrexroth.com/nb/no/akademi/training-systems/,9c907e3c-e44c-4482-ab15-c65cab2d9075
https://www.boschrexroth.com/nb/no/jobber-og-karriere/,e481217a-916b-4550-8f85-0af7fc603a6a
https://www.boschrexroth.com/nb/no/akademi/media/,00decaf7-d55d-4080-90e2-3271a4e2eb68
https://www.boschrexroth.com/nb/no/jobber-og-karriere/jobbmuligheter/,adfe8f50-db65-409e-9fa8-2d47380e338e
https://www.boschrexroth.com/nb/no/jobber-og-karriere/hvorfor-arbeide-hos-oss/,3bf145eb-d435-4f16-9311-645d6dd300ec
https://www.boschrexroth.com/nb/no/jobber-og-karriere/ofte-stilte-spoersmal/,8b134238-2e42-490a-8753-e5ff1c891623
https://www.boschrexroth.com/nb/no/selskap/blogg/,None
https://www.boschrexroth.com/nb/no/selskap/styret/,a965a595-29fa-4c5f-967e-73feae60b79d
https://www.boschrexroth.com/nb/no/selskap/,17dfa2d0-8507-4502-974f-a6b96af190c9
https://www.boschrexroth.com/nb/no/selskap/var-historie/,d30a06d0-8ee7-4195-b45c-7f689cd1e4be
https://www.boschrexroth.com/nb/no/selskap/tall/,4c8b434b-0c85-49f8-92a7-da6f08006586
https://www.boschrexroth.com/nb/no/selskap/digital-transformasjon/,f4db96a0-505d-495a-b5b5-a6dac4d9bb3b
https://www.boschrexroth.com/nb/no/selskap/baerekraftighet/,8b741f3e-df55-40eb-892a-d537f0ff07e7
https://www.boschrexroth.com/nb/no/selskap/youdecide/,19969529-a390-4a98-a74d-8bd661523395
https://www.boschrexroth.com/nb/no/nedlastinger/,df195e25-1ff1-4730-ab20-044b94a5f067
https://www.boschrexroth.com/es/pe/productos/,98465ab1-5cc1-4e99-b91a-748d495e4713
https://www.boschrexroth.com/es/pe/productos/grupo-de-productos/tecnologia-de-montaje/,ddfb8ad9-ca6f-43a6-b209-9000595cd282
https://www.boschrexroth.com/es/pe/productos/grupo-de-productos/,074b9c9a-a014-44ef-bbde-1c41b21c6964
https://www.boschrexroth.com/nb/no/selskap/messer-og-arrangement/,08616ca2-3aea-4c1e-bc15-abed73086b80
https://www.boschrexroth.com/es/pe/productos/grupo-de-productos/hidraulica-industrial/,1be4e3d7-698c-4345-8f48-5c0c2cad201c
https://www.boschrexroth.com/es/pe/productos/grupo-de-productos/tecnologia-de-movimiento-lineal/,e10f4578-45db-4ef4-98b7-acf3c7b5fc9d
https://www.boschrexroth.com/es/pe/productos/grupo-de-productos/hidraulica-y-electronica-movil/,48242c75-3e51-4651-84de-343b8c437371
https://www.boschrexroth.com/es/pe/productos/grupo-de-productos/tecnologias-de-moldeo-y-fundicion/,488629d3-a5d4-4b3c-aee6-35150a85d9ea
https://www.boschrexroth.com/es/pe/productos/grupo-de-productos/hagglunds/,ae0d4661-ad50-4657-822a-71253576c9cf
https://www.boschrexroth.com/es/pe/productos/grupo-de-productos/robotica-movil/,250845bb-f01e-423a-b08c-baca3363dd46
https://www.boschrexroth.com/es/pe/productos/grupo-de-productos/kassow-robots/,89e1bccc-c2c2-4b43-8e37-4bbea4f256ab
https://www.boschrexroth.com/es/pe/productos/ingenieria/,b93c0c9c-d94e-4e93-b2af-419c0c64e778
https://www.boschrexroth.com/es/pe/productos/ingenieria/fluidos-hidraulicos/,f980f332-69c7-4a79-a187-04610a8c51e6
https://www.boschrexroth.com/es/pe/productos/ingenieria/ingenieria-virtual/,df0dcbc5-130d-4626-9c21-129033fc3b06
https://www.boschrexroth.com/es/pe/productos/econfigurators-y-herramientas-online/,7ff4a06a-ab8d-495c-adda-a516c9eaeb03
https://www.boschrexroth.com/es/pe/productos/econfigurators-y-herramientas-online/simster/,fa26b07a-c5a8-48de-b732-4a2c59fe7fe4
https://www.boschrexroth.com/es/pe/productos/econfigurators-y-herramientas-online/editor-de-esquemas/,f7fd9c9f-9941-4abc-9b65-a9344cc0daa5
https://www.boschrexroth.com/es/pe/productos/grupo-de-productos/tecnologia-de-engranajes/,a50d5418-3037-4232-89bd-f78ed95e8326
https://www.boschrexroth.com/es/pe/productos/grupo-de-productos/controles-y-accionamientos-electricos/,5668ccd8-0533-49bb-b54c-d83d0b875afc
https://www.boschrexroth.com/es/pe/productos/econfigurators-y-herramientas-online/interactive-fluid-office-ifo/,ddf691a7-fba7-44e8-8e9f-064248765156
https://www.boschrexroth.com/es/pe/industrias/,1aba1cb2-36c8-4ee8-9180-2b284de03bf2
https://www.boschrexroth.com/es/pe/productos/grupo-de-productos/tecnologia-de-atornillado/,e6982f6e-6b3f-427b-b044-26789b1d9efa
https://www.boschrexroth.com/es/pe/industrias/agricultura-y-forestal/,c335c830-7aee-489f-986e-55826cc786a3
https://www.boschrexroth.com/es/pe/productos/grupo-de-productos/soldadura-por-resistencia/,a4b36c53-e06c-4b7a-a6aa-031dc1eb051e
https://www.boschrexroth.com/es/pe/industrias/industria-de-la-automocion/,8b7f8b4d-5a3e-46ec-bef7-ef87779c1b95
https://www.boschrexroth.com/es/pe/industrias/produccion-de-baterias/,a51cddf9-51d9-4191-b8de-2f0cb2a74879
https://www.boschrexroth.com/es/pe/industrias/industria-quimica/,bf70b606-eef4-46db-bc57-92153454d992
https://www.boschrexroth.com/es/pe/industrias/construccion-e-infraestructura/,4b50d603-e82a-48d6-b032-df3d4ee01dff
https://www.boschrexroth.com/es/pe/industrias/cuidado-de-la-salud/,bf2427cc-883a-4bbd-bcb1-67bd56c97108
https://www.boschrexroth.com/es/pe/industrias/bienes-de-consumo/,7027d387-5bd8-477e-9b4e-dc63c8d99ca8
https://www.boschrexroth.com/es/pe/industrias/energia-y-servicios/,9a0bc077-74d6-428d-8481-1ffccb4bb5cc
https://www.boschrexroth.com/es/pe/industrias/hidrogeno/,81ed63cc-1be2-4369-b140-c04fc14e0f46
https://www.boschrexroth.com/es/pe/industrias/logistica-y-transporte/,95b936c6-44fc-4527-9e4d-ac469fac69d2
https://www.boschrexroth.com/es/pe/industrias/materiales-y-recursos/,ff9d3177-936d-4379-9458-0af0c0801ce9
https://www.boschrexroth.com/es/pe/industrias/industria-farmaceutica/,705604f5-ccba-4398-9448-55bc19e2d2ab
https://www.boschrexroth.com/es/pe/industrias/reciclaje-y-manejo-de-residuos/,ebc8d045-7d5c-4b11-bbb0-0a1b99ce6fab
https://www.boschrexroth.com/es/pe/industrias/energias-renovables/,7d53cef0-f2c2-40c2-840b-4849dce84868
https://www.boschrexroth.com/es/pe/industrias/tecnologia-de-pruebas/,a31f93f3-0282-4ebf-9732-3994111ecea0
https://www.boschrexroth.com/es/pe/servicio/,d639e7ad-4734-4e58-8fbd-2a7517ca87f6
https://www.boschrexroth.com/es/pe/servicio/piezas-de-recambio/,7a622719-6488-4d14-a30a-63a615bbe28b
https://www.boschrexroth.com/es/pe/servicio/reparaciones/,87cd324c-7984-4c8d-80e5-d24f02a821cb
https://www.boschrexroth.com/es/pe/industrias/semiconductores-y-electronica/,a0945e9a-4bc5-4f26-995f-2baa9803b243
https://www.boschrexroth.com/es/pe/servicio/servicio-de-campo/,18d0226b-4a2c-43bd-ba77-313291b3a927
https://www.boschrexroth.com/es/pe/servicio/retrofitting/,7a4343a4-490e-404d-ab2d-31710552d7be
https://www.boschrexroth.com/es/pe/servicio/cartera-digital/,5e6fda8b-a855-4e59-99a1-bbb188e00ced
https://www.boschrexroth.com/es/pe/servicio/asistente-de-servicio-digital/,18528607-f5f1-48bc-950b-09a3ad627950
https://www.boschrexroth.com/es/pe/servicio/talleres-de-servicio/,None
https://www.boschrexroth.com/es/pe/servicio/reparacion-de-mandos-finales/,None
https://www.boschrexroth.com/es/pe/descargas/fichas-tecnicas/,a4105050-ff0d-41a6-8f41-9f2b906fe807
https://www.boschrexroth.com/es/pe/descargas/archivos-cad/,53a783c2-b3a9-4006-8e85-16034f294d8e
https://www.boschrexroth.com/es/pe/descargas/manuales/,03b80760-de36-47de-bea8-9101c2fbd131
https://www.boschrexroth.com/es/pe/descargas/hojas-informativas/,8f941842-4974-4ded-8c24-04fa5bda82aa
https://www.boschrexroth.com/es/pe/academia/,194cadee-0e16-498d-8e97-b165dc63d207
https://www.boschrexroth.com/es/pe/academia/training/,af2447dd-f5fc-4b5b-9346-b90f48f30c6f
https://www.boschrexroth.com/es/pe/descargas/software/,3f9ab84d-8e1a-4bbd-bd33-0bccaecf0233
https://www.boschrexroth.com/es/pe/academia/media/,00decaf7-d55d-4080-90e2-3271a4e2eb68
https://www.boschrexroth.com/es/pe/academia/training-systems/,9c907e3c-e44c-4482-ab15-c65cab2d9075
https://www.boschrexroth.com/es/pe/academia/entrenamientos/,None
https://www.boschrexroth.com/es/pe/comprar/,f446739c-3030-47a2-9230-101739e5faa7
https://www.boschrexroth.com/es/pe/academia/entrenamientos/pildora-de-conocimiento-2/,None
https://www.boschrexroth.com/es/pe/academia/entrenamientos/pildora-de-conocimiento/,None
https://www.boschrexroth.com/es/pe/comprar/certified-excellence/,6d75de1d-0193-4309-9ea1-d3fccad7ffed
https://www.boschrexroth.com/es/pe/comprar/certified-excellence/aplicar-como-ce-partner/,00f9f5ff-0eeb-4823-a3ca-e503b263b51e
https://www.boschrexroth.com/es/pe/empleos/por-que-trabajar-con-nosotros/,3bf145eb-d435-4f16-9311-645d6dd300ec
https://www.boschrexroth.com/es/pe/empleos/oportunidades-de-trabajo/,adfe8f50-db65-409e-9fa8-2d47380e338e
https://www.boschrexroth.com/es/pe/empleos/,e481217a-916b-4550-8f85-0af7fc603a6a
https://www.boschrexroth.com/es/pe/empleos/preguntas-frecuentes/,8b134238-2e42-490a-8753-e5ff1c891623
https://www.boschrexroth.com/es/pe/compania/,17dfa2d0-8507-4502-974f-a6b96af190c9
https://www.boschrexroth.com/es/pe/compania/we-move-you-win/,17647e34-8348-4228-ae45-fccdd323133d
https://www.boschrexroth.com/es/pe/compania/cifras/,4c8b434b-0c85-49f8-92a7-da6f08006586
https://www.boschrexroth.com/es/pe/compania/youdecide/,19969529-a390-4a98-a74d-8bd661523395
https://www.boschrexroth.com/es/pe/compania/comite-ejecutivo/,a965a595-29fa-4c5f-967e-73feae60b79d
https://www.boschrexroth.com/es/pe/compania/adquisiciones/,39738dc6-859d-47bf-bbb3-65111f51d2c2
https://www.boschrexroth.com/es/pe/compania/blog/,None
https://www.boschrexroth.com/es/pe/compania/nuestra-historia/,d30a06d0-8ee7-4195-b45c-7f689cd1e4be
https://www.boschrexroth.com/es/pe/compania/adquisiciones/kassow-robots/,bef23a8d-f98e-43b5-9231-790f90780e19
https://www.boschrexroth.com/es/pe/compania/sostenibilidad/,8b741f3e-df55-40eb-892a-d537f0ff07e7
https://www.boschrexroth.com/es/pe/descargas/,df195e25-1ff1-4730-ab20-044b94a5f067
https://www.boschrexroth.com/es/pe/compania/transformacion-digital/,f4db96a0-505d-495a-b5b5-a6dac4d9bb3b
https://www.boschrexroth.com/es/pe/proyectos/piping/,None
https://www.boschrexroth.com/es/pe/compania/ferias-y-eventos/,08616ca2-3aea-4c1e-bc15-abed73086b80
https://www.boschrexroth.com/es/pe/proyectos/,None
https://www.boschrexroth.com/pl/pl/produkty/rozwiazania-przemyslowe/,074b9c9a-a014-44ef-bbde-1c41b21c6964
https://www.boschrexroth.com/pl/pl/produkty/,98465ab1-5cc1-4e99-b91a-748d495e4713
https://www.boschrexroth.com/pl/pl/produkty/rozwiazania-przemyslowe/technologia-montazu/,ddfb8ad9-ca6f-43a6-b209-9000595cd282
https://www.boschrexroth.com/pl/pl/produkty/rozwiazania-przemyslowe/hydraulika-przemyslowa/,1be4e3d7-698c-4345-8f48-5c0c2cad201c
https://www.boschrexroth.com/pl/pl/produkty/rozwiazania-przemyslowe/napedy-elektryczne-i-sterowniki/,5668ccd8-0533-49bb-b54c-d83d0b875afc
https://www.boschrexroth.com/pl/pl/produkty/rozwiazania-przemyslowe/technika-liniowa/,e10f4578-45db-4ef4-98b7-acf3c7b5fc9d
https://www.boschrexroth.com/pl/pl/produkty/rozwiazania-przemyslowe/rozwiazania-dla-automatyzacji-przemyslu/,None
https://www.boschrexroth.com/pl/pl/produkty/rozwiazania-przemyslowe/kassow-robots/,89e1bccc-c2c2-4b43-8e37-4bbea4f256ab
https://www.boschrexroth.com/pl/pl/produkty/rozwiazania-przemyslowe/hagglunds/,ae0d4661-ad50-4657-822a-71253576c9cf
https://www.boschrexroth.com/pl/pl/produkty/rozwiazania-przemyslowe/robotyka-mobilna/,250845bb-f01e-423a-b08c-baca3363dd46
https://www.boschrexroth.com/pl/pl/produkty/rozwiazania-dla-maszyn-mobilnych/elektronika-mobilna-i-telematyka/,50f2fd04-b4fd-4e33-a8f5-015f22aa975e
https://www.boschrexroth.com/pl/pl/produkty/rozwiazania-przemyslowe/technologie-formowania-i-odlewania/,488629d3-a5d4-4b3c-aee6-35150a85d9ea
https://www.boschrexroth.com/pl/pl/produkty/rozwiazania-dla-maszyn-mobilnych/,48242c75-3e51-4651-84de-343b8c437371
https://www.boschrexroth.com/pl/pl/produkty/rozwiazania-dla-maszyn-mobilnych/hydraulika-mobilna/,e989aced-4c70-4391-9220-074ece3609bb
https://www.boschrexroth.com/pl/pl/produkty/rozwiazania-dla-maszyn-mobilnych/mobilne-napedy-elektryczne/,42909484-d194-4cd4-be61-df9abe2a54ee
https://www.boschrexroth.com/pl/pl/produkty/rozwiazania-dla-maszyn-mobilnych/automatyzacja-mobilna/,2b652472-ea54-4723-abc6-4f70846f6dcd
https://www.boschrexroth.com/pl/pl/branze/,1aba1cb2-36c8-4ee8-9180-2b284de03bf2
https://www.boschrexroth.com/pl/pl/branze/motoryzacja/,8b7f8b4d-5a3e-46ec-bef7-ef87779c1b95
https://www.boschrexroth.com/pl/pl/branze/rolnictwo-i-lesnictwo/,c335c830-7aee-489f-986e-55826cc786a3
https://www.boschrexroth.com/pl/pl/branze/produkcja-akumulatorow/,a51cddf9-51d9-4191-b8de-2f0cb2a74879
https://www.boschrexroth.com/pl/pl/branze/przemysl-chemiczny/,bf70b606-eef4-46db-bc57-92153454d992
https://www.boschrexroth.com/pl/pl/branze/budownictwo-i-infrastruktura/,4b50d603-e82a-48d6-b032-df3d4ee01dff
https://www.boschrexroth.com/pl/pl/produkty/rozwiazania-przemyslowe/zgrzewanie-oporowe/,a4b36c53-e06c-4b7a-a6aa-031dc1eb051e
https://www.boschrexroth.com/pl/pl/produkty/rozwiazania-przemyslowe/technologia-dokrecania/,e6982f6e-6b3f-427b-b044-26789b1d9efa
https://www.boschrexroth.com/pl/pl/branze/dobra-konsumpcyjne/,7027d387-5bd8-477e-9b4e-dc63c8d99ca8
https://www.boschrexroth.com/pl/pl/branze/wodor/,81ed63cc-1be2-4369-b140-c04fc14e0f46
https://www.boschrexroth.com/pl/pl/branze/energia-i-media-uzytkowe/,9a0bc077-74d6-428d-8481-1ffccb4bb5cc
https://www.boschrexroth.com/pl/pl/branze/opieka-zdrowotna/,bf2427cc-883a-4bbd-bcb1-67bd56c97108
https://www.boschrexroth.com/pl/pl/branze/materialy-i-zasoby/,ff9d3177-936d-4379-9458-0af0c0801ce9
https://www.boschrexroth.com/pl/pl/branze/logistyka-i-transport/,95b936c6-44fc-4527-9e4d-ac469fac69d2
https://www.boschrexroth.com/pl/pl/branze/farmacja/,705604f5-ccba-4398-9448-55bc19e2d2ab
https://www.boschrexroth.com/pl/pl/branze/energie-odnawialne/,7d53cef0-f2c2-40c2-840b-4849dce84868
https://www.boschrexroth.com/pl/pl/branze/recykling-i-utylizacja-odpadow/,ebc8d045-7d5c-4b11-bbb0-0a1b99ce6fab
https://www.boschrexroth.com/pl/pl/branze/polprzewodniki-i-elektronika/,a0945e9a-4bc5-4f26-995f-2baa9803b243
https://www.boschrexroth.com/pl/pl/branze/technologia-testowania/,a31f93f3-0282-4ebf-9732-3994111ecea0
https://www.boschrexroth.com/pl/pl/serwis-i-wsparcie/,9281402d-5292-4fc7-9fc3-12057bac3fc8
https://www.boschrexroth.com/pl/pl/serwis-i-wsparcie/serwis/czesci-zamienne/,7a622719-6488-4d14-a30a-63a615bbe28b
https://www.boschrexroth.com/pl/pl/serwis-i-wsparcie/serwis/,d639e7ad-4734-4e58-8fbd-2a7517ca87f6
https://www.boschrexroth.com/pl/pl/serwis-i-wsparcie/serwis/naprawy/,87cd324c-7984-4c8d-80e5-d24f02a821cb
https://www.boschrexroth.com/pl/pl/serwis-i-wsparcie/serwis/portfolio-cyfrowe/,5e6fda8b-a855-4e59-99a1-bbb188e00ced
https://www.boschrexroth.com/pl/pl/serwis-i-wsparcie/serwis/digital-service-assistant/,18528607-f5f1-48bc-950b-09a3ad627950
https://www.boschrexroth.com/pl/pl/serwis-i-wsparcie/serwis/modernizacja/,7a4343a4-490e-404d-ab2d-31710552d7be
https://www.boschrexroth.com/pl/pl/serwis-i-wsparcie/serwis/zglos-reklamacje/,None
https://www.boschrexroth.com/pl/pl/serwis-i-wsparcie/serwis/serwis-terenowy/,18d0226b-4a2c-43bd-ba77-313291b3a927
https://www.boschrexroth.com/pl/pl/serwis-i-wsparcie/serwis/naprawa-zaworow-proporcjonalnych/,None
https://www.boschrexroth.com/pl/pl/serwis-i-wsparcie/serwis/reman/,None
https://www.boschrexroth.com/pl/pl/serwis-i-wsparcie/ekonfiguratory-i-narzedzia/,7ff4a06a-ab8d-495c-adda-a516c9eaeb03
https://www.boschrexroth.com/pl/pl/serwis-i-wsparcie/ekonfiguratory-i-narzedzia/simster/,fa26b07a-c5a8-48de-b732-4a2c59fe7fe4
https://www.boschrexroth.com/pl/pl/serwis-i-wsparcie/ekonfiguratory-i-narzedzia/interactive-fluid-office-ifo/,ddf691a7-fba7-44e8-8e9f-064248765156
https://www.boschrexroth.com/pl/pl/serwis-i-wsparcie/zakupy/,f446739c-3030-47a2-9230-101739e5faa7
https://www.boschrexroth.com/pl/pl/serwis-i-wsparcie/ekonfiguratory-i-narzedzia/scheme-editor/,f7fd9c9f-9941-4abc-9b65-a9344cc0daa5
https://www.boschrexroth.com/pl/pl/serwis-i-wsparcie/zakupy/partnerzy/,None
https://www.boschrexroth.com/pl/pl/serwis-i-wsparcie/plyny-hydrauliczne/,f980f332-69c7-4a79-a187-04610a8c51e6
https://www.boschrexroth.com/pl/pl/serwis-i-wsparcie/zakupy/e-faktury/,None
https://www.boschrexroth.com/pl/pl/serwis-i-wsparcie/inzynieria-wirtualna/,df0dcbc5-130d-4626-9c21-129033fc3b06
https://www.boschrexroth.com/pl/pl/pliki-do-pobrania/pliki-cad/,53a783c2-b3a9-4006-8e85-16034f294d8e
https://www.boschrexroth.com/pl/pl/serwis-i-wsparcie/zakupy/sprzedaz-bezposrednia/,None
https://www.boschrexroth.com/pl/pl/serwis-i-wsparcie/zakupy/rexroth-store/,34ee1645-140f-4239-8237-7e8524cb6d53
https://www.boschrexroth.com/pl/pl/pliki-do-pobrania/karty-katalogowe/,a4105050-ff0d-41a6-8f41-9f2b906fe807
https://www.boschrexroth.com/pl/pl/produkty/rozwiazania-dla-maszyn-mobilnych/przekladnie/,a50d5418-3037-4232-89bd-f78ed95e8326
https://www.boschrexroth.com/pl/pl/pliki-do-pobrania/ulotki-informacyjne/,8f941842-4974-4ded-8c24-04fa5bda82aa
https://www.boschrexroth.com/pl/pl/pliki-do-pobrania/oprogramowanie/,3f9ab84d-8e1a-4bbd-bd33-0bccaecf0233
https://www.boschrexroth.com/pl/pl/pliki-do-pobrania/instrukcje-techniczne/,03b80760-de36-47de-bea8-9101c2fbd131
https://www.boschrexroth.com/pl/pl/akademia/,194cadee-0e16-498d-8e97-b165dc63d207
https://www.boschrexroth.com/pl/pl/akademia/training/,af2447dd-f5fc-4b5b-9346-b90f48f30c6f
https://www.boschrexroth.com/pl/pl/akademia/training/szkolenia-techniczne/,None
https://www.boschrexroth.com/pl/pl/akademia/training-systems/,9c907e3c-e44c-4482-ab15-c65cab2d9075
https://www.boschrexroth.com/pl/pl/akademia/study-visits/,None
https://www.boschrexroth.com/pl/pl/praca-i-kariera/,e481217a-916b-4550-8f85-0af7fc603a6a
https://www.boschrexroth.com/pl/pl/akademia/media/,00decaf7-d55d-4080-90e2-3271a4e2eb68
https://www.boschrexroth.com/pl/pl/praca-i-kariera/oferty-pracy/program-dla-studentow-i-uczniow/,None
https://www.boschrexroth.com/pl/pl/praca-i-kariera/oferty-pracy/program-dla-absolwentow/,None
https://www.boschrexroth.com/pl/pl/praca-i-kariera/oferty-pracy/specjalisci-i-menadzerowie/,None
https://www.boschrexroth.com/pl/pl/praca-i-kariera/oferty-pracy/,adfe8f50-db65-409e-9fa8-2d47380e338e
https://www.boschrexroth.com/pl/pl/praca-i-kariera/faq/,8b134238-2e42-490a-8753-e5ff1c891623
https://www.boschrexroth.com/pl/pl/praca-i-kariera/dlaczego-warto-z-nami-pracowac/,3bf145eb-d435-4f16-9311-645d6dd300ec
https://www.boschrexroth.com/pl/pl/o-firmie/dane/,4c8b434b-0c85-49f8-92a7-da6f08006586
https://www.boschrexroth.com/pl/pl/pliki-do-pobrania/,df195e25-1ff1-4730-ab20-044b94a5f067
https://www.boschrexroth.com/pl/pl/o-firmie/,17dfa2d0-8507-4502-974f-a6b96af190c9
https://www.boschrexroth.com/pl/pl/o-firmie/blog/,None
https://www.boschrexroth.com/pl/pl/o-firmie/zarzad/,a965a595-29fa-4c5f-967e-73feae60b79d
https://www.boschrexroth.com/pl/pl/o-firmie/nasza-historia/,d30a06d0-8ee7-4195-b45c-7f689cd1e4be
https://www.boschrexroth.com/pl/pl/o-firmie/youdecide/,19969529-a390-4a98-a74d-8bd661523395
https://www.boschrexroth.com/pl/pl/o-firmie/transformacja-cyfrowa/,f4db96a0-505d-495a-b5b5-a6dac4d9bb3b
https://www.boschrexroth.com/pl/pl/webinars/,None
https://www.boschrexroth.com/en/pl/products/,98465ab1-5cc1-4e99-b91a-748d495e4713
https://www.boschrexroth.com/en/pl/products/industrial-solutions/,074b9c9a-a014-44ef-bbde-1c41b21c6964
https://www.boschrexroth.com/en/pl/products/industrial-solutions/assembly-technology/,ddfb8ad9-ca6f-43a6-b209-9000595cd282
https://www.boschrexroth.com/en/pl/products/industrial-solutions/industrial-hydraulics/,1be4e3d7-698c-4345-8f48-5c0c2cad201c
https://www.boschrexroth.com/en/pl/products/industrial-solutions/linear-motion-technology/,e10f4578-45db-4ef4-98b7-acf3c7b5fc9d
https://www.boschrexroth.com/pl/pl/o-firmie/targi-i-wydarzenia/,08616ca2-3aea-4c1e-bc15-abed73086b80
https://www.boschrexroth.com/en/pl/products/industrial-solutions/moulding-and-casting-technologies/,488629d3-a5d4-4b3c-aee6-35150a85d9ea
https://www.boschrexroth.com/en/pl/products/industrial-solutions/mobile-robotics/,250845bb-f01e-423a-b08c-baca3363dd46
https://www.boschrexroth.com/en/pl/products/industrial-solutions/hagglunds/,ae0d4661-ad50-4657-822a-71253576c9cf
https://www.boschrexroth.com/en/pl/products/industrial-solutions/kassow-robots/,89e1bccc-c2c2-4b43-8e37-4bbea4f256ab
https://www.boschrexroth.com/en/pl/products/industrial-solutions/manufacturing-automation-solutions/,None
https://www.boschrexroth.com/en/pl/products/industrial-solutions/electric-drives-and-controls/,5668ccd8-0533-49bb-b54c-d83d0b875afc
https://www.boschrexroth.com/en/pl/products/solutions-for-mobile-machines/mobile-electronics-and-telematics/,50f2fd04-b4fd-4e33-a8f5-015f22aa975e
https://www.boschrexroth.com/en/pl/products/solutions-for-mobile-machines/mobile-hydraulics/,e989aced-4c70-4391-9220-074ece3609bb
https://www.boschrexroth.com/en/pl/products/solutions-for-mobile-machines/mobile-electric-drives/,42909484-d194-4cd4-be61-df9abe2a54ee
https://www.boschrexroth.com/en/pl/industries/agriculture-and-forestry/,c335c830-7aee-489f-986e-55826cc786a3
https://www.boschrexroth.com/en/pl/products/solutions-for-mobile-machines/,48242c75-3e51-4651-84de-343b8c437371
https://www.boschrexroth.com/en/pl/industries/automotive/,8b7f8b4d-5a3e-46ec-bef7-ef87779c1b95
https://www.boschrexroth.com/en/pl/products/industrial-solutions/resistance-welding/,a4b36c53-e06c-4b7a-a6aa-031dc1eb051e
https://www.boschrexroth.com/en/pl/industries/,1aba1cb2-36c8-4ee8-9180-2b284de03bf2
https://www.boschrexroth.com/en/pl/products/solutions-for-mobile-machines/mobile-automation/,2b652472-ea54-4723-abc6-4f70846f6dcd
https://www.boschrexroth.com/en/pl/industries/construction-and-infrastructure/,4b50d603-e82a-48d6-b032-df3d4ee01dff
https://www.boschrexroth.com/en/pl/industries/chemical-processing/,bf70b606-eef4-46db-bc57-92153454d992
https://www.boschrexroth.com/en/pl/products/industrial-solutions/tightening-technology/,e6982f6e-6b3f-427b-b044-26789b1d9efa
https://www.boschrexroth.com/en/pl/industries/battery-production/,a51cddf9-51d9-4191-b8de-2f0cb2a74879
https://www.boschrexroth.com/en/pl/industries/energy-and-utilities/,9a0bc077-74d6-428d-8481-1ffccb4bb5cc
https://www.boschrexroth.com/en/pl/industries/consumer-goods/,7027d387-5bd8-477e-9b4e-dc63c8d99ca8
https://www.boschrexroth.com/en/pl/industries/healthcare/,bf2427cc-883a-4bbd-bcb1-67bd56c97108
https://www.boschrexroth.com/en/pl/products/solutions-for-mobile-machines/gearboxes/,a50d5418-3037-4232-89bd-f78ed95e8326
https://www.boschrexroth.com/en/pl/industries/hydrogen/,81ed63cc-1be2-4369-b140-c04fc14e0f46
https://www.boschrexroth.com/en/pl/industries/logistics-and-transport/,95b936c6-44fc-4527-9e4d-ac469fac69d2
https://www.boschrexroth.com/en/pl/industries/materials-and-resources/,ff9d3177-936d-4379-9458-0af0c0801ce9
https://www.boschrexroth.com/en/pl/industries/renewable-energies/,7d53cef0-f2c2-40c2-840b-4849dce84868
https://www.boschrexroth.com/en/pl/industries/pharmaceutics/,705604f5-ccba-4398-9448-55bc19e2d2ab
https://www.boschrexroth.com/en/pl/industries/recycling-and-waste-handling/,ebc8d045-7d5c-4b11-bbb0-0a1b99ce6fab
https://www.boschrexroth.com/en/pl/industries/semiconductors-and-electronics/,a0945e9a-4bc5-4f26-995f-2baa9803b243
https://www.boschrexroth.com/en/pl/industries/testing-technology/,a31f93f3-0282-4ebf-9732-3994111ecea0
https://www.boschrexroth.com/en/pl/service-and-support/service/,d639e7ad-4734-4e58-8fbd-2a7517ca87f6
https://www.boschrexroth.com/en/pl/service-and-support/,9281402d-5292-4fc7-9fc3-12057bac3fc8
https://www.boschrexroth.com/en/pl/service-and-support/service/spare-parts/,7a622719-6488-4d14-a30a-63a615bbe28b
https://www.boschrexroth.com/en/pl/service-and-support/service/repairs/,87cd324c-7984-4c8d-80e5-d24f02a821cb
https://www.boschrexroth.com/en/pl/service-and-support/service/field-service/,18d0226b-4a2c-43bd-ba77-313291b3a927
https://www.boschrexroth.com/en/pl/service-and-support/service/modernization/,7a4343a4-490e-404d-ab2d-31710552d7be
https://www.boschrexroth.com/en/pl/service-and-support/service/digital-portfolio/,5e6fda8b-a855-4e59-99a1-bbb188e00ced
https://www.boschrexroth.com/en/pl/service-and-support/service/report-complaint/,None
https://www.boschrexroth.com/en/pl/service-and-support/service/digital-service-assistant/,18528607-f5f1-48bc-950b-09a3ad627950
https://www.boschrexroth.com/en/pl/service-and-support/service/reman/,None
https://www.boschrexroth.com/en/pl/service-and-support/econfigurators-and-tools/,7ff4a06a-ab8d-495c-adda-a516c9eaeb03
https://www.boschrexroth.com/en/pl/service-and-support/econfigurators-and-tools/simster/,fa26b07a-c5a8-48de-b732-4a2c59fe7fe4
https://www.boschrexroth.com/en/pl/service-and-support/econfigurators-and-tools/scheme-editor/,f7fd9c9f-9941-4abc-9b65-a9344cc0daa5
https://www.boschrexroth.com/en/pl/service-and-support/virtual-engineering/,df0dcbc5-130d-4626-9c21-129033fc3b06
https://www.boschrexroth.com/en/pl/service-and-support/econfigurators-and-tools/interactive-fluid-office-ifo/,ddf691a7-fba7-44e8-8e9f-064248765156
https://www.boschrexroth.com/en/pl/service-and-support/buy/,f446739c-3030-47a2-9230-101739e5faa7
https://www.boschrexroth.com/en/pl/service-and-support/buy/partner/,None
https://www.boschrexroth.com/en/pl/service-and-support/hydraulic-fluids/,f980f332-69c7-4a79-a187-04610a8c51e6
https://www.boschrexroth.com/en/pl/service-and-support/buy/direct-selling/,None
https://www.boschrexroth.com/en/pl/service-and-support/buy/rexroth-store/,34ee1645-140f-4239-8237-7e8524cb6d53
https://www.boschrexroth.com/en/pl/service-and-support/buy/electronic-invoicing/,None
https://www.boschrexroth.com/en/pl/downloads/cad-files/,53a783c2-b3a9-4006-8e85-16034f294d8e
https://www.boschrexroth.com/en/pl/downloads/software/,3f9ab84d-8e1a-4bbd-bd33-0bccaecf0233
https://www.boschrexroth.com/en/pl/downloads/data-sheets/,a4105050-ff0d-41a6-8f41-9f2b906fe807
https://www.boschrexroth.com/en/pl/downloads/manuals/,03b80760-de36-47de-bea8-9101c2fbd131
https://www.boschrexroth.com/en/pl/downloads/fact-sheets/,8f941842-4974-4ded-8c24-04fa5bda82aa
https://www.boschrexroth.com/en/pl/academy/,194cadee-0e16-498d-8e97-b165dc63d207
https://www.boschrexroth.com/en/pl/academy/training/,af2447dd-f5fc-4b5b-9346-b90f48f30c6f
https://www.boschrexroth.com/en/pl/jobs-and-career/,e481217a-916b-4550-8f85-0af7fc603a6a
https://www.boschrexroth.com/en/pl/academy/study-visits/,17c45196-b67c-455f-a381-56a574ab5bd7
https://www.boschrexroth.com/en/pl/academy/training-systems/,9c907e3c-e44c-4482-ab15-c65cab2d9075
https://www.boschrexroth.com/en/pl/jobs-and-career/job-opportunities/,adfe8f50-db65-409e-9fa8-2d47380e338e
https://www.boschrexroth.com/en/pl/jobs-and-career/job-opportunities/work-apprenticeship-student-programs/,None
https://www.boschrexroth.com/en/pl/academy/training/technical-training/,None
https://www.boschrexroth.com/en/pl/academy/media/,00decaf7-d55d-4080-90e2-3271a4e2eb68
https://www.boschrexroth.com/en/pl/company/blog/,None
https://www.boschrexroth.com/en/pl/jobs-and-career/why-work-with-us/,3bf145eb-d435-4f16-9311-645d6dd300ec
https://www.boschrexroth.com/en/pl/jobs-and-career/faq/,8b134238-2e42-490a-8753-e5ff1c891623
https://www.boschrexroth.com/en/pl/company/,17dfa2d0-8507-4502-974f-a6b96af190c9
https://www.boschrexroth.com/en/pl/downloads/,df195e25-1ff1-4730-ab20-044b94a5f067
https://www.boschrexroth.com/en/pl/company/our-history/,d30a06d0-8ee7-4195-b45c-7f689cd1e4be
https://www.boschrexroth.com/en/pl/company/digital-transformation/,f4db96a0-505d-495a-b5b5-a6dac4d9bb3b
https://www.boschrexroth.com/en/pl/company/executive-board/,a965a595-29fa-4c5f-967e-73feae60b79d
https://www.boschrexroth.com/en/pl/company/figures/,4c8b434b-0c85-49f8-92a7-da6f08006586
https://www.boschrexroth.com/en/pl/company/youdecide/,19969529-a390-4a98-a74d-8bd661523395
https://www.boschrexroth.com/en/pl/webinars/,None
https://www.boschrexroth.com/en/ro/products/,98465ab1-5cc1-4e99-b91a-748d495e4713
https://www.boschrexroth.com/en/ro/products/industrial-solutions/,074b9c9a-a014-44ef-bbde-1c41b21c6964
https://www.boschrexroth.com/en/ro/products/industrial-solutions/industrial-hydraulics/,1be4e3d7-698c-4345-8f48-5c0c2cad201c
https://www.boschrexroth.com/en/pl/company/trade-shows-and-events/,08616ca2-3aea-4c1e-bc15-abed73086b80
https://www.boschrexroth.com/en/ro/products/industrial-solutions/assembly-technology/,ddfb8ad9-ca6f-43a6-b209-9000595cd282
https://www.boschrexroth.com/en/ro/products/industrial-solutions/linear-motion-technology/,e10f4578-45db-4ef4-98b7-acf3c7b5fc9d
https://www.boschrexroth.com/en/ro/products/industrial-solutions/moulding-and-casting-technologies/,488629d3-a5d4-4b3c-aee6-35150a85d9ea
https://www.boschrexroth.com/en/pl/jobs-and-career/job-opportunities/offers-for-specialists-and-managers/,None
https://www.boschrexroth.com/en/pl/jobs-and-career/job-opportunities/graduate-program/,None
https://www.boschrexroth.com/en/ro/products/industrial-solutions/kassow-robots/,89e1bccc-c2c2-4b43-8e37-4bbea4f256ab
https://www.boschrexroth.com/en/ro/products/solutions-for-mobile-machines/,48242c75-3e51-4651-84de-343b8c437371
https://www.boschrexroth.com/en/ro/products/solutions-for-mobile-machines/mobile-electronics-and-telematics/,50f2fd04-b4fd-4e33-a8f5-015f22aa975e
https://www.boschrexroth.com/en/ro/products/industrial-solutions/mobile-robotics/,250845bb-f01e-423a-b08c-baca3363dd46
https://www.boschrexroth.com/en/ro/products/solutions-for-mobile-machines/mobile-hydraulics/,e989aced-4c70-4391-9220-074ece3609bb
https://www.boschrexroth.com/en/ro/products/industrial-solutions/hagglunds/,ae0d4661-ad50-4657-822a-71253576c9cf
https://www.boschrexroth.com/en/ro/products/solutions-for-mobile-machines/mobile-automation/,2b652472-ea54-4723-abc6-4f70846f6dcd
https://www.boschrexroth.com/en/ro/products/solutions-for-mobile-machines/mobile-electric-drives/,42909484-d194-4cd4-be61-df9abe2a54ee
https://www.boschrexroth.com/en/ro/products/industrial-solutions/electric-drives-and-controls/,5668ccd8-0533-49bb-b54c-d83d0b875afc
https://www.boschrexroth.com/en/ro/industries/,1aba1cb2-36c8-4ee8-9180-2b284de03bf2
https://www.boschrexroth.com/en/ro/industries/automotive/,8b7f8b4d-5a3e-46ec-bef7-ef87779c1b95
https://www.boschrexroth.com/en/ro/industries/battery-production/,a51cddf9-51d9-4191-b8de-2f0cb2a74879
https://www.boschrexroth.com/en/ro/industries/chemical-processing/,bf70b606-eef4-46db-bc57-92153454d992
https://www.boschrexroth.com/en/ro/industries/agriculture-and-forestry/,c335c830-7aee-489f-986e-55826cc786a3
https://www.boschrexroth.com/en/ro/products/industrial-solutions/tightening-technology/,e6982f6e-6b3f-427b-b044-26789b1d9efa
https://www.boschrexroth.com/en/ro/industries/construction-and-infrastructure/,4b50d603-e82a-48d6-b032-df3d4ee01dff
https://www.boschrexroth.com/en/ro/industries/consumer-goods/,7027d387-5bd8-477e-9b4e-dc63c8d99ca8
https://www.boschrexroth.com/en/ro/industries/healthcare/,bf2427cc-883a-4bbd-bcb1-67bd56c97108
https://www.boschrexroth.com/en/ro/products/industrial-solutions/resistance-welding/,a4b36c53-e06c-4b7a-a6aa-031dc1eb051e
https://www.boschrexroth.com/en/ro/industries/energy-and-utilities/,9a0bc077-74d6-428d-8481-1ffccb4bb5cc
https://www.boschrexroth.com/en/ro/industries/materials-and-resources/,ff9d3177-936d-4379-9458-0af0c0801ce9
https://www.boschrexroth.com/en/ro/products/solutions-for-mobile-machines/gearboxes/,a50d5418-3037-4232-89bd-f78ed95e8326
https://www.boschrexroth.com/en/ro/industries/logistics-and-transport/,95b936c6-44fc-4527-9e4d-ac469fac69d2
https://www.boschrexroth.com/en/ro/industries/pharmaceutics/,705604f5-ccba-4398-9448-55bc19e2d2ab
https://www.boschrexroth.com/en/ro/industries/hydrogen/,81ed63cc-1be2-4369-b140-c04fc14e0f46
https://www.boschrexroth.com/en/ro/industries/renewable-energies/,7d53cef0-f2c2-40c2-840b-4849dce84868
https://www.boschrexroth.com/en/ro/industries/semiconductors-and-electronics/,a0945e9a-4bc5-4f26-995f-2baa9803b243
https://www.boschrexroth.com/en/ro/industries/recycling-and-waste-handling/,ebc8d045-7d5c-4b11-bbb0-0a1b99ce6fab
https://www.boschrexroth.com/en/ro/industries/testing-technology/,a31f93f3-0282-4ebf-9732-3994111ecea0
https://www.boschrexroth.com/en/ro/service-and-support/,9281402d-5292-4fc7-9fc3-12057bac3fc8
https://www.boschrexroth.com/en/ro/service-and-support/service/,d639e7ad-4734-4e58-8fbd-2a7517ca87f6
https://www.boschrexroth.com/en/ro/service-and-support/service/spare-parts/,7a622719-6488-4d14-a30a-63a615bbe28b
https://www.boschrexroth.com/en/ro/service-and-support/service/repairs/,87cd324c-7984-4c8d-80e5-d24f02a821cb
https://www.boschrexroth.com/en/ro/service-and-support/service/field-service/,18d0226b-4a2c-43bd-ba77-313291b3a927
https://www.boschrexroth.com/en/ro/service-and-support/econfigurators-and-tools/,7ff4a06a-ab8d-495c-adda-a516c9eaeb03
https://www.boschrexroth.com/en/ro/service-and-support/service/digital-portfolio/,5e6fda8b-a855-4e59-99a1-bbb188e00ced
https://www.boschrexroth.com/en/ro/service-and-support/service/digital-service-assistant/,18528607-f5f1-48bc-950b-09a3ad627950
https://www.boschrexroth.com/en/ro/service-and-support/service/modernization/,7a4343a4-490e-404d-ab2d-31710552d7be
https://www.boschrexroth.com/en/ro/service-and-support/econfigurators-and-tools/simster/,fa26b07a-c5a8-48de-b732-4a2c59fe7fe4
https://www.boschrexroth.com/en/ro/service-and-support/econfigurators-and-tools/scheme-editor/,f7fd9c9f-9941-4abc-9b65-a9344cc0daa5
https://www.boschrexroth.com/en/ro/service-and-support/econfigurators-and-tools/interactive-fluid-office-ifo/,ddf691a7-fba7-44e8-8e9f-064248765156
https://www.boschrexroth.com/en/ro/service-and-support/virtual-engineering/,df0dcbc5-130d-4626-9c21-129033fc3b06
https://www.boschrexroth.com/en/ro/service-and-support/hydraulic-fluids/,f980f332-69c7-4a79-a187-04610a8c51e6
https://www.boschrexroth.com/en/ro/service-and-support/buy/,f446739c-3030-47a2-9230-101739e5faa7
https://www.boschrexroth.com/en/ro/downloads/cad-files/,53a783c2-b3a9-4006-8e85-16034f294d8e
https://www.boschrexroth.com/en/ro/downloads/data-sheets/,a4105050-ff0d-41a6-8f41-9f2b906fe807
https://www.boschrexroth.com/en/ro/service-and-support/buy/rexroth-store/,34ee1645-140f-4239-8237-7e8524cb6d53
https://www.boschrexroth.com/en/ro/service-and-support/buy/certified-excellence/,6d75de1d-0193-4309-9ea1-d3fccad7ffed
https://www.boschrexroth.com/en/ro/academy/training-systems/,9c907e3c-e44c-4482-ab15-c65cab2d9075
https://www.boschrexroth.com/en/ro/downloads/software/,3f9ab84d-8e1a-4bbd-bd33-0bccaecf0233
https://www.boschrexroth.com/en/ro/downloads/manuals/,03b80760-de36-47de-bea8-9101c2fbd131
https://www.boschrexroth.com/en/ro/academy/training/,af2447dd-f5fc-4b5b-9346-b90f48f30c6f
https://www.boschrexroth.com/en/ro/downloads/fact-sheets/,8f941842-4974-4ded-8c24-04fa5bda82aa
https://www.boschrexroth.com/en/ro/academy/,194cadee-0e16-498d-8e97-b165dc63d207
https://www.boschrexroth.com/en/ro/academy/media/,00decaf7-d55d-4080-90e2-3271a4e2eb68
https://www.boschrexroth.com/en/ro/jobs-and-career/,e481217a-916b-4550-8f85-0af7fc603a6a
https://www.boschrexroth.com/en/ro/jobs-and-career/faq/,8b134238-2e42-490a-8753-e5ff1c891623
https://www.boschrexroth.com/en/ro/jobs-and-career/why-work-with-us/,3bf145eb-d435-4f16-9311-645d6dd300ec
https://www.boschrexroth.com/en/ro/jobs-and-career/job-opportunities/,adfe8f50-db65-409e-9fa8-2d47380e338e
https://www.boschrexroth.com/en/ro/company/,17dfa2d0-8507-4502-974f-a6b96af190c9
https://www.boschrexroth.com/en/ro/company/figures/,4c8b434b-0c85-49f8-92a7-da6f08006586
https://www.boschrexroth.com/en/ro/company/blog/,None
https://www.boschrexroth.com/en/ro/downloads/,df195e25-1ff1-4730-ab20-044b94a5f067
https://www.boschrexroth.com/en/ro/company/our-history/,d30a06d0-8ee7-4195-b45c-7f689cd1e4be
https://www.boschrexroth.com/en/ro/company/executive-board/,a965a595-29fa-4c5f-967e-73feae60b79d
https://www.boschrexroth.com/en/ro/company/sustainability/,8b741f3e-df55-40eb-892a-d537f0ff07e7
https://www.boschrexroth.com/en/ro/company/digital-transformation/,f4db96a0-505d-495a-b5b5-a6dac4d9bb3b
https://www.boschrexroth.com/en/ro/company/youdecide/,19969529-a390-4a98-a74d-8bd661523395
https://www.boschrexroth.com/ro/ro/produse/,98465ab1-5cc1-4e99-b91a-748d495e4713
https://www.boschrexroth.com/ro/ro/produse/solutii-industriale/,074b9c9a-a014-44ef-bbde-1c41b21c6964
https://www.boschrexroth.com/ro/ro/produse/solutii-industriale/tehnologie-de-montaj/,ddfb8ad9-ca6f-43a6-b209-9000595cd282
https://www.boschrexroth.com/en/ro/company/trade-shows-and-events/,08616ca2-3aea-4c1e-bc15-abed73086b80
https://www.boschrexroth.com/ro/ro/produse/solutii-industriale/hidraulica-industriala/,1be4e3d7-698c-4345-8f48-5c0c2cad201c
https://www.boschrexroth.com/ro/ro/produse/solutii-industriale/tehnologii-de-formare-si-turnare/,488629d3-a5d4-4b3c-aee6-35150a85d9ea
https://www.boschrexroth.com/ro/ro/produse/solutii-industriale/hagglunds/,ae0d4661-ad50-4657-822a-71253576c9cf
https://www.boschrexroth.com/ro/ro/produse/solutii-industriale/tehnologia-miscarii-liniare/,e10f4578-45db-4ef4-98b7-acf3c7b5fc9d
https://www.boschrexroth.com/ro/ro/produse/solutii-industriale/robotica-mobila/,250845bb-f01e-423a-b08c-baca3363dd46
https://www.boschrexroth.com/ro/ro/produse/solutii-pentru-masini-mobile/electronica-pentru-aplicatii-mobile-si-telematica/,50f2fd04-b4fd-4e33-a8f5-015f22aa975e
https://www.boschrexroth.com/ro/ro/produse/solutii-industriale/kassow-robots/,89e1bccc-c2c2-4b43-8e37-4bbea4f256ab
https://www.boschrexroth.com/ro/ro/produse/solutii-pentru-masini-mobile/hidraulica-mobila/,e989aced-4c70-4391-9220-074ece3609bb
https://www.boschrexroth.com/ro/ro/produse/solutii-pentru-masini-mobile/automatizare-mobila/,2b652472-ea54-4723-abc6-4f70846f6dcd
https://www.boschrexroth.com/ro/ro/produse/solutii-pentru-masini-mobile/unitati-electrice-de-antrenare-mobile/,42909484-d194-4cd4-be61-df9abe2a54ee
https://www.boschrexroth.com/ro/ro/industrii/,1aba1cb2-36c8-4ee8-9180-2b284de03bf2
https://www.boschrexroth.com/ro/ro/produse/solutii-pentru-masini-mobile/,48242c75-3e51-4651-84de-343b8c437371
https://www.boschrexroth.com/ro/ro/industrii/industria-auto/,8b7f8b4d-5a3e-46ec-bef7-ef87779c1b95
https://www.boschrexroth.com/ro/ro/industrii/procesarea-produselor-chimice/,bf70b606-eef4-46db-bc57-92153454d992
https://www.boschrexroth.com/ro/ro/industrii/agricultura-si-silvicultura/,c335c830-7aee-489f-986e-55826cc786a3
https://www.boschrexroth.com/ro/ro/industrii/productia-de-acumulatori/,a51cddf9-51d9-4191-b8de-2f0cb2a74879
https://www.boschrexroth.com/ro/ro/industrii/constructii-si-infrastructura/,4b50d603-e82a-48d6-b032-df3d4ee01dff
https://www.boschrexroth.com/ro/ro/produse/solutii-industriale/unitati-electrice-de-antrenare-si-control/,5668ccd8-0533-49bb-b54c-d83d0b875afc
https://www.boschrexroth.com/ro/ro/produse/solutii-industriale/sudare-electrica-prin-rezistenta/,a4b36c53-e06c-4b7a-a6aa-031dc1eb051e
https://www.boschrexroth.com/ro/ro/industrii/energie-si-utilitati/,9a0bc077-74d6-428d-8481-1ffccb4bb5cc
https://www.boschrexroth.com/ro/ro/industrii/sanatate/,bf2427cc-883a-4bbd-bcb1-67bd56c97108
https://www.boschrexroth.com/ro/ro/produse/solutii-industriale/tehnologie-de-insurubare/,e6982f6e-6b3f-427b-b044-26789b1d9efa
https://www.boschrexroth.com/ro/ro/industrii/hidrogen/,81ed63cc-1be2-4369-b140-c04fc14e0f46
https://www.boschrexroth.com/ro/ro/industrii/logistica-si-transport/,95b936c6-44fc-4527-9e4d-ac469fac69d2
https://www.boschrexroth.com/ro/ro/produse/solutii-pentru-masini-mobile/transmisii/,a50d5418-3037-4232-89bd-f78ed95e8326
https://www.boschrexroth.com/ro/ro/industrii/industria-farmaceutica/,705604f5-ccba-4398-9448-55bc19e2d2ab
https://www.boschrexroth.com/ro/ro/industrii/reciclare-si-manipularea-deseurilor/,ebc8d045-7d5c-4b11-bbb0-0a1b99ce6fab
https://www.boschrexroth.com/ro/ro/industrii/materiale-si-resurse/,ff9d3177-936d-4379-9458-0af0c0801ce9
https://www.boschrexroth.com/ro/ro/industrii/tehnologie-de-testare/,a31f93f3-0282-4ebf-9732-3994111ecea0
https://www.boschrexroth.com/ro/ro/industrii/energii-regenerabile/,7d53cef0-f2c2-40c2-840b-4849dce84868
https://www.boschrexroth.com/ro/ro/industrii/semiconductori-si-electronica/,a0945e9a-4bc5-4f26-995f-2baa9803b243
https://www.boschrexroth.com/ro/ro/service-si-asistenta/,9281402d-5292-4fc7-9fc3-12057bac3fc8
https://www.boschrexroth.com/ro/ro/service-si-asistenta/service/reparatii/,87cd324c-7984-4c8d-80e5-d24f02a821cb
https://www.boschrexroth.com/ro/ro/service-si-asistenta/service/,d639e7ad-4734-4e58-8fbd-2a7517ca87f6
https://www.boschrexroth.com/ro/ro/service-si-asistenta/service/piese-de-schimb/,7a622719-6488-4d14-a30a-63a615bbe28b
https://www.boschrexroth.com/ro/ro/service-si-asistenta/service/service-pe-teren/,18d0226b-4a2c-43bd-ba77-313291b3a927
https://www.boschrexroth.com/ro/ro/service-si-asistenta/service/modernizare/,7a4343a4-490e-404d-ab2d-31710552d7be
https://www.boschrexroth.com/ro/ro/service-si-asistenta/configuratoare-digitale-si-instrumente/,7ff4a06a-ab8d-495c-adda-a516c9eaeb03
https://www.boschrexroth.com/ro/ro/service-si-asistenta/service/portofoliu-digital/,5e6fda8b-a855-4e59-99a1-bbb188e00ced
https://www.boschrexroth.com/ro/ro/service-si-asistenta/configuratoare-digitale-si-instrumente/simster/,fa26b07a-c5a8-48de-b732-4a2c59fe7fe4
https://www.boschrexroth.com/ro/ro/service-si-asistenta/configuratoare-digitale-si-instrumente/scheme-editor/,f7fd9c9f-9941-4abc-9b65-a9344cc0daa5
https://www.boschrexroth.com/ro/ro/service-si-asistenta/configuratoare-digitale-si-instrumente/interactive-fluid-office-ifo/,ddf691a7-fba7-44e8-8e9f-064248765156
https://www.boschrexroth.com/ro/ro/service-si-asistenta/fluide-hidraulice/,f980f332-69c7-4a79-a187-04610a8c51e6
https://www.boschrexroth.com/ro/ro/service-si-asistenta/service/digital-service-assistant/,18528607-f5f1-48bc-950b-09a3ad627950
https://www.boschrexroth.com/ro/ro/service-si-asistenta/inginerie-virtuala/,df0dcbc5-130d-4626-9c21-129033fc3b06
https://www.boschrexroth.com/ro/ro/service-si-asistenta/cumpara/excelenta-certificata/,6d75de1d-0193-4309-9ea1-d3fccad7ffed
https://www.boschrexroth.com/ro/ro/service-si-asistenta/cumpara/,f446739c-3030-47a2-9230-101739e5faa7
https://www.boschrexroth.com/ro/ro/industrii/bunuri-de-larg-consum/,7027d387-5bd8-477e-9b4e-dc63c8d99ca8
https://www.boschrexroth.com/ro/ro/service-si-asistenta/cumpara/rexroth-store/,34ee1645-140f-4239-8237-7e8524cb6d53
https://www.boschrexroth.com/ro/ro/descarcari/manuale/,03b80760-de36-47de-bea8-9101c2fbd131
https://www.boschrexroth.com/ro/ro/descarcari/fisiere-cad/,53a783c2-b3a9-4006-8e85-16034f294d8e
https://www.boschrexroth.com/ro/ro/descarcari/fise-informative/,8f941842-4974-4ded-8c24-04fa5bda82aa
https://www.boschrexroth.com/ro/ro/descarcari/fise-cu-date/,a4105050-ff0d-41a6-8f41-9f2b906fe807
https://www.boschrexroth.com/ro/ro/descarcari/software/,3f9ab84d-8e1a-4bbd-bd33-0bccaecf0233
https://www.boschrexroth.com/ro/ro/academia/,194cadee-0e16-498d-8e97-b165dc63d207
https://www.boschrexroth.com/ro/ro/academia/training/,af2447dd-f5fc-4b5b-9346-b90f48f30c6f
https://www.boschrexroth.com/ro/ro/locuri-de-munca-si-cariera/,e481217a-916b-4550-8f85-0af7fc603a6a
https://www.boschrexroth.com/ro/ro/academia/training-systems/,9c907e3c-e44c-4482-ab15-c65cab2d9075
https://www.boschrexroth.com/ro/ro/academia/media/,00decaf7-d55d-4080-90e2-3271a4e2eb68
https://www.boschrexroth.com/ro/ro/locuri-de-munca-si-cariera/oferte-de-locuri-de-munca/,adfe8f50-db65-409e-9fa8-2d47380e338e
https://www.boschrexroth.com/ro/ro/locuri-de-munca-si-cariera/intrebari-frecvente/,8b134238-2e42-490a-8753-e5ff1c891623
https://www.boschrexroth.com/ro/ro/locuri-de-munca-si-cariera/de-ce-sa-lucrati-cu-noi/,3bf145eb-d435-4f16-9311-645d6dd300ec
https://www.boschrexroth.com/ro/ro/companie/,17dfa2d0-8507-4502-974f-a6b96af190c9
https://www.boschrexroth.com/ro/ro/companie/blog/,None
https://www.boschrexroth.com/ro/ro/companie/cifre/,4c8b434b-0c85-49f8-92a7-da6f08006586
https://www.boschrexroth.com/ro/ro/companie/istoria-noastra/,d30a06d0-8ee7-4195-b45c-7f689cd1e4be
https://www.boschrexroth.com/ro/ro/companie/comitet-executiv/,a965a595-29fa-4c5f-967e-73feae60b79d
https://www.boschrexroth.com/ro/ro/companie/sustenabilitate/,8b741f3e-df55-40eb-892a-d537f0ff07e7
https://www.boschrexroth.com/ro/ro/companie/youdecide/,19969529-a390-4a98-a74d-8bd661523395
https://www.boschrexroth.com/en/sg/products/,98465ab1-5cc1-4e99-b91a-748d495e4713
https://www.boschrexroth.com/ro/ro/descarcari/,df195e25-1ff1-4730-ab20-044b94a5f067
https://www.boschrexroth.com/en/sg/products/industrial-solutions/,074b9c9a-a014-44ef-bbde-1c41b21c6964
https://www.boschrexroth.com/ro/ro/companie/evenimente/,08616ca2-3aea-4c1e-bc15-abed73086b80
https://www.boschrexroth.com/en/sg/products/industrial-solutions/mobile-robotics/,250845bb-f01e-423a-b08c-baca3363dd46
https://www.boschrexroth.com/en/sg/products/industrial-solutions/hagglunds/,ae0d4661-ad50-4657-822a-71253576c9cf
https://www.boschrexroth.com/en/sg/products/industrial-solutions/kassow-robots/,89e1bccc-c2c2-4b43-8e37-4bbea4f256ab
https://www.boschrexroth.com/en/sg/products/industrial-solutions/assembly-technology/,ddfb8ad9-ca6f-43a6-b209-9000595cd282
https://www.boschrexroth.com/en/sg/products/industrial-solutions/linear-motion-technology/,e10f4578-45db-4ef4-98b7-acf3c7b5fc9d
https://www.boschrexroth.com/en/sg/products/industrial-solutions/industrial-hydraulics/,1be4e3d7-698c-4345-8f48-5c0c2cad201c
https://www.boschrexroth.com/en/sg/products/solutions-for-mobile-machines/mobile-electronics-and-telematics/,50f2fd04-b4fd-4e33-a8f5-015f22aa975e
https://www.boschrexroth.com/en/sg/products/solutions-for-mobile-machines/,48242c75-3e51-4651-84de-343b8c437371
https://www.boschrexroth.com/en/sg/products/solutions-for-mobile-machines/mobile-hydraulics/,e989aced-4c70-4391-9220-074ece3609bb
https://www.boschrexroth.com/en/sg/products/industrial-solutions/moulding-and-casting-technologies/,488629d3-a5d4-4b3c-aee6-35150a85d9ea
https://www.boschrexroth.com/en/sg/products/solutions-for-mobile-machines/mobile-electric-drives/,42909484-d194-4cd4-be61-df9abe2a54ee
https://www.boschrexroth.com/en/sg/products/solutions-for-mobile-machines/mobile-automation/,2b652472-ea54-4723-abc6-4f70846f6dcd
https://www.boschrexroth.com/en/sg/industries/,1aba1cb2-36c8-4ee8-9180-2b284de03bf2
https://www.boschrexroth.com/en/sg/industries/battery-production/,a51cddf9-51d9-4191-b8de-2f0cb2a74879
https://www.boschrexroth.com/en/sg/industries/agriculture-and-forestry/,c335c830-7aee-489f-986e-55826cc786a3
https://www.boschrexroth.com/en/sg/industries/automotive/,8b7f8b4d-5a3e-46ec-bef7-ef87779c1b95
https://www.boschrexroth.com/en/sg/products/industrial-solutions/electric-drives-and-controls/,5668ccd8-0533-49bb-b54c-d83d0b875afc
https://www.boschrexroth.com/en/sg/industries/chemical-processing/,bf70b606-eef4-46db-bc57-92153454d992
https://www.boschrexroth.com/en/sg/industries/energy-and-utilities/,9a0bc077-74d6-428d-8481-1ffccb4bb5cc
https://www.boschrexroth.com/en/sg/products/industrial-solutions/resistance-welding/,a4b36c53-e06c-4b7a-a6aa-031dc1eb051e
https://www.boschrexroth.com/en/sg/industries/healthcare/,bf2427cc-883a-4bbd-bcb1-67bd56c97108
https://www.boschrexroth.com/en/sg/industries/construction-and-infrastructure/,4b50d603-e82a-48d6-b032-df3d4ee01dff
https://www.boschrexroth.com/ro/ro/companie/transformare-digitala/,f4db96a0-505d-495a-b5b5-a6dac4d9bb3b
https://www.boschrexroth.com/en/sg/products/industrial-solutions/tightening-technology/,e6982f6e-6b3f-427b-b044-26789b1d9efa
https://www.boschrexroth.com/en/sg/industries/hydrogen/,81ed63cc-1be2-4369-b140-c04fc14e0f46
https://www.boschrexroth.com/en/sg/industries/consumer-goods/,7027d387-5bd8-477e-9b4e-dc63c8d99ca8
https://www.boschrexroth.com/en/sg/products/solutions-for-mobile-machines/gearboxes/,a50d5418-3037-4232-89bd-f78ed95e8326
https://www.boschrexroth.com/en/sg/industries/logistics-and-transport/,95b936c6-44fc-4527-9e4d-ac469fac69d2
https://www.boschrexroth.com/en/sg/industries/pharmaceutics/,705604f5-ccba-4398-9448-55bc19e2d2ab
https://www.boschrexroth.com/en/sg/industries/semiconductors-and-electronics/,a0945e9a-4bc5-4f26-995f-2baa9803b243
https://www.boschrexroth.com/en/sg/industries/recycling-and-waste-handling/,ebc8d045-7d5c-4b11-bbb0-0a1b99ce6fab
https://www.boschrexroth.com/en/sg/industries/materials-and-resources/,ff9d3177-936d-4379-9458-0af0c0801ce9
https://www.boschrexroth.com/en/sg/industries/renewable-energies/,7d53cef0-f2c2-40c2-840b-4849dce84868
https://www.boschrexroth.com/en/sg/industries/testing-technology/,a31f93f3-0282-4ebf-9732-3994111ecea0
https://www.boschrexroth.com/en/sg/service-and-support/,9281402d-5292-4fc7-9fc3-12057bac3fc8
https://www.boschrexroth.com/en/sg/service-and-support/service/,d639e7ad-4734-4e58-8fbd-2a7517ca87f6
https://www.boschrexroth.com/en/sg/service-and-support/service/repairs/,87cd324c-7984-4c8d-80e5-d24f02a821cb
https://www.boschrexroth.com/en/sg/service-and-support/service/spare-parts/,7a622719-6488-4d14-a30a-63a615bbe28b
https://www.boschrexroth.com/en/sg/service-and-support/service/field-service/,18d0226b-4a2c-43bd-ba77-313291b3a927
https://www.boschrexroth.com/en/sg/service-and-support/service/modernization/,7a4343a4-490e-404d-ab2d-31710552d7be
https://www.boschrexroth.com/en/sg/service-and-support/service/digital-portfolio/,5e6fda8b-a855-4e59-99a1-bbb188e00ced
https://www.boschrexroth.com/en/sg/service-and-support/econfigurators-and-tools/,7ff4a06a-ab8d-495c-adda-a516c9eaeb03
https://www.boschrexroth.com/en/sg/service-and-support/service/digital-service-assistant/,18528607-f5f1-48bc-950b-09a3ad627950
https://www.boschrexroth.com/en/sg/service-and-support/econfigurators-and-tools/simster/,fa26b07a-c5a8-48de-b732-4a2c59fe7fe4
https://www.boschrexroth.com/en/sg/service-and-support/hydraulic-fluids/,f980f332-69c7-4a79-a187-04610a8c51e6
https://www.boschrexroth.com/en/sg/service-and-support/econfigurators-and-tools/scheme-editor/,f7fd9c9f-9941-4abc-9b65-a9344cc0daa5
https://www.boschrexroth.com/en/sg/service-and-support/virtual-engineering/,df0dcbc5-130d-4626-9c21-129033fc3b06
https://www.boschrexroth.com/en/sg/service-and-support/econfigurators-and-tools/interactive-fluid-office-ifo/,ddf691a7-fba7-44e8-8e9f-064248765156
https://www.boschrexroth.com/en/sg/service-and-support/buy/,f446739c-3030-47a2-9230-101739e5faa7
https://www.boschrexroth.com/en/sg/service-and-support/buy/certified-excellence/,6d75de1d-0193-4309-9ea1-d3fccad7ffed
https://www.boschrexroth.com/en/sg/downloads/cad-files/,53a783c2-b3a9-4006-8e85-16034f294d8e
https://www.boschrexroth.com/en/sg/downloads/manuals/,03b80760-de36-47de-bea8-9101c2fbd131
https://www.boschrexroth.com/en/sg/downloads/data-sheets/,a4105050-ff0d-41a6-8f41-9f2b906fe807
https://www.boschrexroth.com/en/sg/downloads/fact-sheets/,8f941842-4974-4ded-8c24-04fa5bda82aa
https://www.boschrexroth.com/en/sg/downloads/software/,3f9ab84d-8e1a-4bbd-bd33-0bccaecf0233
https://www.boschrexroth.com/en/sg/academy/,194cadee-0e16-498d-8e97-b165dc63d207
https://www.boschrexroth.com/en/sg/academy/brrtc-trainings/,None
https://www.boschrexroth.com/en/sg/academy/brrtc-trainings/industry-specialist-ahk-i4-0/,None
https://www.boschrexroth.com/en/sg/academy/brrtc-trainings/practical-approach-of-open-software-controllers-in-advanced-manufacturing/,None
https://www.boschrexroth.com/en/sg/academy/brrtc-trainings/poc/,None
https://www.boschrexroth.com/en/sg/academy/brrtc-trainings/data-driven-connected-hydraulics-in-advanced-manufacturing/,None
https://www.boschrexroth.com/en/sg/academy/brrtc-trainings/contact-form-embark-your-i4-0-journey/,None
https://www.boschrexroth.com/en/sg/academy/brrtc-trainings/introduction-and-applications-of-industry-4-0-for-advanced-manufacturing/,None
https://www.boschrexroth.com/en/sg/academy/brrtc-trainings/essentials-of-basic-networking-database-and-web-applications-for-advanced-manufacturing/,None
https://www.boschrexroth.com/en/sg/academy/brrtc-trainings/practical-applications-of-condition-monitoring/,None
https://www.boschrexroth.com/en/sg/academy/brrtc-trainings/implementing-automation-technologies-in-smart-factory/,None
https://www.boschrexroth.com/en/sg/academy/media/,00decaf7-d55d-4080-90e2-3271a4e2eb68
https://www.boschrexroth.com/en/sg/academy/training-systems/,9c907e3c-e44c-4482-ab15-c65cab2d9075
https://www.boschrexroth.com/en/sg/academy/training/,af2447dd-f5fc-4b5b-9346-b90f48f30c6f
https://www.boschrexroth.com/en/sg/jobs-and-career/,e481217a-916b-4550-8f85-0af7fc603a6a
https://www.boschrexroth.com/en/sg/company/,17dfa2d0-8507-4502-974f-a6b96af190c9
https://www.boschrexroth.com/en/sg/jobs-and-career/faq/,8b134238-2e42-490a-8753-e5ff1c891623
https://www.boschrexroth.com/en/sg/jobs-and-career/job-opportunities/,adfe8f50-db65-409e-9fa8-2d47380e338e
https://www.boschrexroth.com/en/sg/jobs-and-career/why-work-with-us/,3bf145eb-d435-4f16-9311-645d6dd300ec
https://www.boschrexroth.com/en/sg/downloads/,df195e25-1ff1-4730-ab20-044b94a5f067
https://www.boschrexroth.com/en/sg/company/executive-board/,a965a595-29fa-4c5f-967e-73feae60b79d
https://www.boschrexroth.com/en/sg/company/our-history/,d30a06d0-8ee7-4195-b45c-7f689cd1e4be
https://www.boschrexroth.com/en/sg/company/figures/,4c8b434b-0c85-49f8-92a7-da6f08006586
https://www.boschrexroth.com/en/sg/company/sustainability/,8b741f3e-df55-40eb-892a-d537f0ff07e7
https://www.boschrexroth.com/en/sg/company/youdecide/,19969529-a390-4a98-a74d-8bd661523395
https://www.boschrexroth.com/en/sg/company/digital-transformation/,f4db96a0-505d-495a-b5b5-a6dac4d9bb3b
https://www.boschrexroth.com/en/sg/company/blog/,None
https://www.boschrexroth.com/en/sg/company/trade-shows-and-events/,08616ca2-3aea-4c1e-bc15-abed73086b80
https://www.boschrexroth.com/en/es/products/,98465ab1-5cc1-4e99-b91a-748d495e4713
https://www.boschrexroth.com/en/es/products/industrial-solutions/,074b9c9a-a014-44ef-bbde-1c41b21c6964
https://www.boschrexroth.com/en/es/products/industrial-solutions/assembly-technology/,ddfb8ad9-ca6f-43a6-b209-9000595cd282
https://www.boschrexroth.com/en/es/products/industrial-solutions/industrial-hydraulics/,1be4e3d7-698c-4345-8f48-5c0c2cad201c
https://www.boschrexroth.com/en/es/products/industrial-solutions/linear-motion-technology/,e10f4578-45db-4ef4-98b7-acf3c7b5fc9d
https://www.boschrexroth.com/en/es/products/industrial-solutions/moulding-and-casting-technologies/,488629d3-a5d4-4b3c-aee6-35150a85d9ea
https://www.boschrexroth.com/en/es/products/industrial-solutions/hagglunds/,ae0d4661-ad50-4657-822a-71253576c9cf
https://www.boschrexroth.com/en/es/products/industrial-solutions/kassow-robots/,89e1bccc-c2c2-4b43-8e37-4bbea4f256ab
https://www.boschrexroth.com/en/es/products/solutions-for-mobile-machines/mobile-hydraulics/,e989aced-4c70-4391-9220-074ece3609bb
https://www.boschrexroth.com/en/es/products/industrial-solutions/mobile-robotics/,250845bb-f01e-423a-b08c-baca3363dd46
https://www.boschrexroth.com/en/es/products/solutions-for-mobile-machines/mobile-electronics-and-telematics/,50f2fd04-b4fd-4e33-a8f5-015f22aa975e
https://www.boschrexroth.com/en/es/products/solutions-for-mobile-machines/,48242c75-3e51-4651-84de-343b8c437371
https://www.boschrexroth.com/en/es/products/solutions-for-mobile-machines/mobile-electric-drives/,42909484-d194-4cd4-be61-df9abe2a54ee
https://www.boschrexroth.com/en/es/products/solutions-for-mobile-machines/mobile-automation/,2b652472-ea54-4723-abc6-4f70846f6dcd
https://www.boschrexroth.com/en/es/products/industrial-solutions/electric-drives-and-controls/,5668ccd8-0533-49bb-b54c-d83d0b875afc
https://www.boschrexroth.com/en/es/industries/,1aba1cb2-36c8-4ee8-9180-2b284de03bf2
https://www.boschrexroth.com/en/es/industries/agriculture-and-forestry/,c335c830-7aee-489f-986e-55826cc786a3
https://www.boschrexroth.com/en/es/industries/automotive/,8b7f8b4d-5a3e-46ec-bef7-ef87779c1b95
https://www.boschrexroth.com/en/es/industries/battery-production/,a51cddf9-51d9-4191-b8de-2f0cb2a74879
https://www.boschrexroth.com/en/es/industries/chemical-processing/,bf70b606-eef4-46db-bc57-92153454d992
https://www.boschrexroth.com/en/es/industries/construction-and-infrastructure/,4b50d603-e82a-48d6-b032-df3d4ee01dff
https://www.boschrexroth.com/en/es/industries/energy-and-utilities/,9a0bc077-74d6-428d-8481-1ffccb4bb5cc
https://www.boschrexroth.com/en/es/industries/healthcare/,bf2427cc-883a-4bbd-bcb1-67bd56c97108
https://www.boschrexroth.com/en/es/products/industrial-solutions/resistance-welding/,a4b36c53-e06c-4b7a-a6aa-031dc1eb051e
https://www.boschrexroth.com/en/es/industries/hydrogen/,81ed63cc-1be2-4369-b140-c04fc14e0f46
https://www.boschrexroth.com/en/es/products/industrial-solutions/tightening-technology/,e6982f6e-6b3f-427b-b044-26789b1d9efa
https://www.boschrexroth.com/en/es/industries/consumer-goods/,7027d387-5bd8-477e-9b4e-dc63c8d99ca8
https://www.boschrexroth.com/en/es/industries/pharmaceutics/,705604f5-ccba-4398-9448-55bc19e2d2ab
https://www.boschrexroth.com/en/es/industries/materials-and-resources/,ff9d3177-936d-4379-9458-0af0c0801ce9
https://www.boschrexroth.com/en/es/industries/recycling-and-waste-handling/,ebc8d045-7d5c-4b11-bbb0-0a1b99ce6fab
https://www.boschrexroth.com/en/es/products/solutions-for-mobile-machines/gearboxes/,a50d5418-3037-4232-89bd-f78ed95e8326
https://www.boschrexroth.com/en/es/industries/renewable-energies/,7d53cef0-f2c2-40c2-840b-4849dce84868
https://www.boschrexroth.com/en/es/industries/semiconductors-and-electronics/,a0945e9a-4bc5-4f26-995f-2baa9803b243
https://www.boschrexroth.com/en/es/industries/testing-technology/,a31f93f3-0282-4ebf-9732-3994111ecea0
https://www.boschrexroth.com/en/es/service-and-support/,9281402d-5292-4fc7-9fc3-12057bac3fc8
https://www.boschrexroth.com/en/es/service-and-support/service/,d639e7ad-4734-4e58-8fbd-2a7517ca87f6
https://www.boschrexroth.com/en/es/service-and-support/service/spare-parts/,7a622719-6488-4d14-a30a-63a615bbe28b
https://www.boschrexroth.com/en/es/service-and-support/service/repairs/,87cd324c-7984-4c8d-80e5-d24f02a821cb
https://www.boschrexroth.com/en/es/service-and-support/service/modernization/,7a4343a4-490e-404d-ab2d-31710552d7be
https://www.boschrexroth.com/en/es/service-and-support/service/digital-service-assistant/,18528607-f5f1-48bc-950b-09a3ad627950
https://www.boschrexroth.com/en/es/service-and-support/service/field-service/,18d0226b-4a2c-43bd-ba77-313291b3a927
https://www.boschrexroth.com/en/es/service-and-support/service/digital-portfolio/,5e6fda8b-a855-4e59-99a1-bbb188e00ced
https://www.boschrexroth.com/en/es/service-and-support/econfigurators-and-tools/simster/,fa26b07a-c5a8-48de-b732-4a2c59fe7fe4
https://www.boschrexroth.com/en/es/service-and-support/econfigurators-and-tools/scheme-editor/,f7fd9c9f-9941-4abc-9b65-a9344cc0daa5
https://www.boschrexroth.com/en/es/service-and-support/econfigurators-and-tools/,7ff4a06a-ab8d-495c-adda-a516c9eaeb03
https://www.boschrexroth.com/en/es/industries/logistics-and-transport/,95b936c6-44fc-4527-9e4d-ac469fac69d2
https://www.boschrexroth.com/en/es/service-and-support/digital-product-twin/,dcfbe822-15c5-48d6-9b48-e03b999ab945
https://www.boschrexroth.com/en/es/service-and-support/econfigurators-and-tools/interactive-fluid-office-ifo/,ddf691a7-fba7-44e8-8e9f-064248765156
https://www.boschrexroth.com/en/es/service-and-support/virtual-engineering/,df0dcbc5-130d-4626-9c21-129033fc3b06
https://www.boschrexroth.com/en/es/service-and-support/hydraulic-fluids/,f980f332-69c7-4a79-a187-04610a8c51e6
https://www.boschrexroth.com/en/es/service-and-support/buy/,f446739c-3030-47a2-9230-101739e5faa7
https://www.boschrexroth.com/en/es/service-and-support/buy/certified-excellence/,6d75de1d-0193-4309-9ea1-d3fccad7ffed
https://www.boschrexroth.com/en/es/service-and-support/buy/rexroth-store/,34ee1645-140f-4239-8237-7e8524cb6d53
https://www.boschrexroth.com/en/es/downloads/cad-files/,53a783c2-b3a9-4006-8e85-16034f294d8e
https://www.boschrexroth.com/en/es/downloads/manuals/,03b80760-de36-47de-bea8-9101c2fbd131
https://www.boschrexroth.com/en/es/downloads/data-sheets/,a4105050-ff0d-41a6-8f41-9f2b906fe807
https://www.boschrexroth.com/en/es/academy/training-systems/,9c907e3c-e44c-4482-ab15-c65cab2d9075
https://www.boschrexroth.com/en/es/downloads/software/,3f9ab84d-8e1a-4bbd-bd33-0bccaecf0233
https://www.boschrexroth.com/en/es/downloads/fact-sheets/,8f941842-4974-4ded-8c24-04fa5bda82aa
https://www.boschrexroth.com/en/es/academy/,194cadee-0e16-498d-8e97-b165dc63d207
https://www.boschrexroth.com/en/es/academy/training/,af2447dd-f5fc-4b5b-9346-b90f48f30c6f
https://www.boschrexroth.com/en/es/academy/media/,00decaf7-d55d-4080-90e2-3271a4e2eb68
https://www.boschrexroth.com/en/es/jobs-and-career/,e481217a-916b-4550-8f85-0af7fc603a6a
https://www.boschrexroth.com/en/es/jobs-and-career/why-work-with-us/,3bf145eb-d435-4f16-9311-645d6dd300ec
https://www.boschrexroth.com/en/es/jobs-and-career/faq/,8b134238-2e42-490a-8753-e5ff1c891623
https://www.boschrexroth.com/en/es/jobs-and-career/job-opportunities/,adfe8f50-db65-409e-9fa8-2d47380e338e
https://www.boschrexroth.com/en/es/company/,17dfa2d0-8507-4502-974f-a6b96af190c9
https://www.boschrexroth.com/en/es/company/figures/,4c8b434b-0c85-49f8-92a7-da6f08006586
https://www.boschrexroth.com/en/es/company/blog/,None
https://www.boschrexroth.com/en/es/downloads/,df195e25-1ff1-4730-ab20-044b94a5f067
https://www.boschrexroth.com/en/es/company/executive-board/,a965a595-29fa-4c5f-967e-73feae60b79d
https://www.boschrexroth.com/en/es/company/our-history/,d30a06d0-8ee7-4195-b45c-7f689cd1e4be
https://www.boschrexroth.com/en/es/company/sustainability/,8b741f3e-df55-40eb-892a-d537f0ff07e7
https://www.boschrexroth.com/en/es/company/youdecide/,19969529-a390-4a98-a74d-8bd661523395
https://www.boschrexroth.com/en/es/company/digital-transformation/,f4db96a0-505d-495a-b5b5-a6dac4d9bb3b
https://www.boschrexroth.com/es/es/productos/,98465ab1-5cc1-4e99-b91a-748d495e4713
https://www.boschrexroth.com/es/es/productos/soluciones-industriales/,074b9c9a-a014-44ef-bbde-1c41b21c6964
https://www.boschrexroth.com/en/es/company/trade-shows-and-events/,08616ca2-3aea-4c1e-bc15-abed73086b80
https://www.boschrexroth.com/es/es/productos/soluciones-industriales/tecnologia-de-montaje/,ddfb8ad9-ca6f-43a6-b209-9000595cd282
https://www.boschrexroth.com/es/es/productos/soluciones-industriales/tecnologias-de-moldeo-y-fundicion/,488629d3-a5d4-4b3c-aee6-35150a85d9ea
https://www.boschrexroth.com/es/es/productos/soluciones-industriales/hidraulica-industrial/,1be4e3d7-698c-4345-8f48-5c0c2cad201c
https://www.boschrexroth.com/es/es/productos/soluciones-industriales/tecnologia-de-movimiento-lineal/,e10f4578-45db-4ef4-98b7-acf3c7b5fc9d
https://www.boschrexroth.com/es/es/productos/soluciones-industriales/robotica-movil/,250845bb-f01e-423a-b08c-baca3363dd46
https://www.boschrexroth.com/es/es/productos/soluciones-industriales/hagglunds/,ae0d4661-ad50-4657-822a-71253576c9cf
https://www.boschrexroth.com/es/es/productos/soluciones-industriales/kassow-robots/,89e1bccc-c2c2-4b43-8e37-4bbea4f256ab
https://www.boschrexroth.com/es/es/productos/soluciones-para-maquinas-moviles/electronica-movil-y-telematica/,50f2fd04-b4fd-4e33-a8f5-015f22aa975e
https://www.boschrexroth.com/es/es/productos/soluciones-para-maquinas-moviles/,48242c75-3e51-4651-84de-343b8c437371
https://www.boschrexroth.com/es/es/productos/soluciones-para-maquinas-moviles/hidraulica-movil/,e989aced-4c70-4391-9220-074ece3609bb
https://www.boschrexroth.com/es/es/productos/soluciones-para-maquinas-moviles/accionamientos-electricos-moviles/,42909484-d194-4cd4-be61-df9abe2a54ee
https://www.boschrexroth.com/es/es/productos/soluciones-para-maquinas-moviles/automatizacion-movil/,2b652472-ea54-4723-abc6-4f70846f6dcd
https://www.boschrexroth.com/es/es/industrias/,1aba1cb2-36c8-4ee8-9180-2b284de03bf2
https://www.boschrexroth.com/es/es/productos/soluciones-industriales/controles-y-accionamientos-electricos/,5668ccd8-0533-49bb-b54c-d83d0b875afc
https://www.boschrexroth.com/es/es/industrias/industria-de-la-automocion/,8b7f8b4d-5a3e-46ec-bef7-ef87779c1b95
https://www.boschrexroth.com/es/es/industrias/produccion-de-baterias/,a51cddf9-51d9-4191-b8de-2f0cb2a74879
https://www.boschrexroth.com/es/es/industrias/agricultura-y-forestal/,c335c830-7aee-489f-986e-55826cc786a3
https://www.boschrexroth.com/es/es/productos/soluciones-industriales/tecnologia-de-atornillado/,e6982f6e-6b3f-427b-b044-26789b1d9efa
https://www.boschrexroth.com/es/es/industrias/industria-quimica/,bf70b606-eef4-46db-bc57-92153454d992
https://www.boschrexroth.com/es/es/productos/soluciones-industriales/soldadura-por-resistencia/,a4b36c53-e06c-4b7a-a6aa-031dc1eb051e
https://www.boschrexroth.com/es/es/industrias/construccion-e-infraestructura/,4b50d603-e82a-48d6-b032-df3d4ee01dff
https://www.boschrexroth.com/es/es/industrias/energia-y-servicios/,9a0bc077-74d6-428d-8481-1ffccb4bb5cc
https://www.boschrexroth.com/es/es/industrias/bienes-de-consumo/,7027d387-5bd8-477e-9b4e-dc63c8d99ca8
https://www.boschrexroth.com/es/es/productos/soluciones-para-maquinas-moviles/cajas-de-cambios/,a50d5418-3037-4232-89bd-f78ed95e8326
https://www.boschrexroth.com/es/es/industrias/cuidado-de-la-salud/,bf2427cc-883a-4bbd-bcb1-67bd56c97108
https://www.boschrexroth.com/es/es/industrias/hidrogeno/,81ed63cc-1be2-4369-b140-c04fc14e0f46
https://www.boschrexroth.com/es/es/industrias/materiales-y-recursos/,ff9d3177-936d-4379-9458-0af0c0801ce9
https://www.boschrexroth.com/es/es/industrias/logistica-y-transporte/,95b936c6-44fc-4527-9e4d-ac469fac69d2
https://www.boschrexroth.com/es/es/industrias/industria-farmaceutica/,705604f5-ccba-4398-9448-55bc19e2d2ab
https://www.boschrexroth.com/es/es/industrias/energias-renovables/,7d53cef0-f2c2-40c2-840b-4849dce84868
https://www.boschrexroth.com/es/es/industrias/reciclaje-y-manejo-de-residuos/,ebc8d045-7d5c-4b11-bbb0-0a1b99ce6fab
https://www.boschrexroth.com/es/es/industrias/semiconductores-y-electronica/,a0945e9a-4bc5-4f26-995f-2baa9803b243
https://www.boschrexroth.com/es/es/industrias/tecnologia-de-pruebas/,a31f93f3-0282-4ebf-9732-3994111ecea0
https://www.boschrexroth.com/es/es/servicio-y-soporte/,9281402d-5292-4fc7-9fc3-12057bac3fc8
https://www.boschrexroth.com/es/es/servicio-y-soporte/servicio/,d639e7ad-4734-4e58-8fbd-2a7517ca87f6
https://www.boschrexroth.com/es/es/servicio-y-soporte/servicio/piezas-de-recambio/,7a622719-6488-4d14-a30a-63a615bbe28b
https://www.boschrexroth.com/es/es/servicio-y-soporte/servicio/reparaciones/,87cd324c-7984-4c8d-80e5-d24f02a821cb
https://www.boschrexroth.com/es/es/servicio-y-soporte/servicio/servicio-de-campo/,18d0226b-4a2c-43bd-ba77-313291b3a927
https://www.boschrexroth.com/es/es/servicio-y-soporte/servicio/cartera-digital/,5e6fda8b-a855-4e59-99a1-bbb188e00ced
https://www.boschrexroth.com/es/es/servicio-y-soporte/servicio/retrofitting/,7a4343a4-490e-404d-ab2d-31710552d7be
https://www.boschrexroth.com/es/es/servicio-y-soporte/servicio/asistente-de-servicio-digital/,18528607-f5f1-48bc-950b-09a3ad627950
https://www.boschrexroth.com/es/es/servicio-y-soporte/econfigurators-y-herramientas-online/,7ff4a06a-ab8d-495c-adda-a516c9eaeb03
https://www.boschrexroth.com/es/es/servicio-y-soporte/econfigurators-y-herramientas-online/editor-de-esquemas/,f7fd9c9f-9941-4abc-9b65-a9344cc0daa5
https://www.boschrexroth.com/es/es/servicio-y-soporte/econfigurators-y-herramientas-online/simster/,fa26b07a-c5a8-48de-b732-4a2c59fe7fe4
https://www.boschrexroth.com/es/es/servicio-y-soporte/econfigurators-y-herramientas-online/interactive-fluid-office-ifo/,ddf691a7-fba7-44e8-8e9f-064248765156
https://www.boschrexroth.com/es/es/servicio-y-soporte/comprar/,f446739c-3030-47a2-9230-101739e5faa7
https://www.boschrexroth.com/es/es/servicio-y-soporte/gemelo-digital-del-producto/,dcfbe822-15c5-48d6-9b48-e03b999ab945
https://www.boschrexroth.com/es/es/servicio-y-soporte/comprar/certified-excellence/,6d75de1d-0193-4309-9ea1-d3fccad7ffed
https://www.boschrexroth.com/es/es/servicio-y-soporte/ingenieria-virtual/,df0dcbc5-130d-4626-9c21-129033fc3b06
https://www.boschrexroth.com/es/es/servicio-y-soporte/fluidos-hidraulicos/,f980f332-69c7-4a79-a187-04610a8c51e6
https://www.boschrexroth.com/es/es/servicio-y-soporte/comprar/rexroth-store/,34ee1645-140f-4239-8237-7e8524cb6d53
https://www.boschrexroth.com/es/es/descargas/archivos-cad/,53a783c2-b3a9-4006-8e85-16034f294d8e
https://www.boschrexroth.com/es/es/descargas/fichas-tecnicas/,a4105050-ff0d-41a6-8f41-9f2b906fe807
https://www.boschrexroth.com/es/es/descargas/manuales/,03b80760-de36-47de-bea8-9101c2fbd131
https://www.boschrexroth.com/es/es/descargas/software/,3f9ab84d-8e1a-4bbd-bd33-0bccaecf0233
https://www.boschrexroth.com/es/es/descargas/hojas-informativas/,8f941842-4974-4ded-8c24-04fa5bda82aa
https://www.boschrexroth.com/es/es/academia/,194cadee-0e16-498d-8e97-b165dc63d207
https://www.boschrexroth.com/es/es/academia/training/,af2447dd-f5fc-4b5b-9346-b90f48f30c6f
https://www.boschrexroth.com/es/es/academia/training-systems/,9c907e3c-e44c-4482-ab15-c65cab2d9075
https://www.boschrexroth.com/es/es/empleos/,e481217a-916b-4550-8f85-0af7fc603a6a
https://www.boschrexroth.com/es/es/empleos/oportunidades-de-trabajo/,adfe8f50-db65-409e-9fa8-2d47380e338e
https://www.boschrexroth.com/es/es/academia/media/,00decaf7-d55d-4080-90e2-3271a4e2eb68
https://www.boschrexroth.com/es/es/empleos/por-que-trabajar-con-nosotros/,3bf145eb-d435-4f16-9311-645d6dd300ec
https://www.boschrexroth.com/es/es/empleos/preguntas-frecuentes/,8b134238-2e42-490a-8753-e5ff1c891623
https://www.boschrexroth.com/es/es/compania/,17dfa2d0-8507-4502-974f-a6b96af190c9
https://www.boschrexroth.com/es/es/compania/cifras/,4c8b434b-0c85-49f8-92a7-da6f08006586
https://www.boschrexroth.com/es/es/compania/comite-ejecutivo/,a965a595-29fa-4c5f-967e-73feae60b79d
https://www.boschrexroth.com/es/es/compania/blog/,None
https://www.boschrexroth.com/es/es/descargas/,df195e25-1ff1-4730-ab20-044b94a5f067
https://www.boschrexroth.com/es/es/compania/nuestra-historia/,d30a06d0-8ee7-4195-b45c-7f689cd1e4be
https://www.boschrexroth.com/es/es/compania/transformacion-digital/,f4db96a0-505d-495a-b5b5-a6dac4d9bb3b
https://www.boschrexroth.com/es/es/compania/sostenibilidad/,8b741f3e-df55-40eb-892a-d537f0ff07e7
https://www.boschrexroth.com/es/es/compania/youdecide/,19969529-a390-4a98-a74d-8bd661523395
https://www.boschrexroth.com/sv/se/produkter/,98465ab1-5cc1-4e99-b91a-748d495e4713
https://www.boschrexroth.com/sv/se/produkter/industriella-loesningar/,074b9c9a-a014-44ef-bbde-1c41b21c6964
https://www.boschrexroth.com/es/es/compania/ferias-y-eventos/,08616ca2-3aea-4c1e-bc15-abed73086b80
https://www.boschrexroth.com/sv/se/produkter/industriella-loesningar/montageteknik/,ddfb8ad9-ca6f-43a6-b209-9000595cd282
https://www.boschrexroth.com/sv/se/produkter/industriella-loesningar/gjutningsteknik/,488629d3-a5d4-4b3c-aee6-35150a85d9ea
https://www.boschrexroth.com/sv/se/produkter/industriella-loesningar/linjaerteknik/,e10f4578-45db-4ef4-98b7-acf3c7b5fc9d
https://www.boschrexroth.com/sv/se/produkter/industriella-loesningar/mobil-robotteknik/,250845bb-f01e-423a-b08c-baca3363dd46
https://www.boschrexroth.com/sv/se/produkter/industriella-loesningar/industrihydraulik/,1be4e3d7-698c-4345-8f48-5c0c2cad201c
https://www.boschrexroth.com/sv/se/produkter/industriella-loesningar/hagglunds/,ae0d4661-ad50-4657-822a-71253576c9cf
https://www.boschrexroth.com/sv/se/produkter/industriella-loesningar/kassow-robots/,89e1bccc-c2c2-4b43-8e37-4bbea4f256ab
https://www.boschrexroth.com/sv/se/produkter/loesningar-foer-mobila-maskiner/,48242c75-3e51-4651-84de-343b8c437371
https://www.boschrexroth.com/sv/se/produkter/loesningar-foer-mobila-maskiner/mobil-elektronik-och-telematik/,50f2fd04-b4fd-4e33-a8f5-015f22aa975e
https://www.boschrexroth.com/sv/se/produkter/loesningar-foer-mobila-maskiner/mobil-hydraulik/,e989aced-4c70-4391-9220-074ece3609bb
https://www.boschrexroth.com/sv/se/produkter/loesningar-foer-mobila-maskiner/mobila-elektriska-drivenheter/,42909484-d194-4cd4-be61-df9abe2a54ee
https://www.boschrexroth.com/sv/se/produkter/loesningar-foer-mobila-maskiner/mobil-automatisering/,2b652472-ea54-4723-abc6-4f70846f6dcd
https://www.boschrexroth.com/sv/se/branscher/bilindustri/,8b7f8b4d-5a3e-46ec-bef7-ef87779c1b95
https://www.boschrexroth.com/sv/se/branscher/,1aba1cb2-36c8-4ee8-9180-2b284de03bf2
https://www.boschrexroth.com/sv/se/branscher/jordbruk-och-skogsbruk/,c335c830-7aee-489f-986e-55826cc786a3
https://www.boschrexroth.com/sv/se/produkter/industriella-loesningar/motstandssvetsning/,a4b36c53-e06c-4b7a-a6aa-031dc1eb051e
https://www.boschrexroth.com/sv/se/produkter/industriella-loesningar/momentatdragningsteknik/,e6982f6e-6b3f-427b-b044-26789b1d9efa
https://www.boschrexroth.com/sv/se/produkter/industriella-loesningar/elektriska-driv-och-styrsystem/,5668ccd8-0533-49bb-b54c-d83d0b875afc
https://www.boschrexroth.com/sv/se/branscher/batteriproduktion/,a51cddf9-51d9-4191-b8de-2f0cb2a74879
https://www.boschrexroth.com/sv/se/branscher/energi-och-allmaennyttiga-foeretag/,9a0bc077-74d6-428d-8481-1ffccb4bb5cc
https://www.boschrexroth.com/sv/se/branscher/konsumentvaror/,7027d387-5bd8-477e-9b4e-dc63c8d99ca8
https://www.boschrexroth.com/sv/se/branscher/byggnation-och-infrastruktur/,4b50d603-e82a-48d6-b032-df3d4ee01dff
https://www.boschrexroth.com/sv/se/branscher/haelso-och-sjukvard/,bf2427cc-883a-4bbd-bcb1-67bd56c97108
https://www.boschrexroth.com/sv/se/branscher/bearbetning-av-kemikalier/,bf70b606-eef4-46db-bc57-92153454d992
https://www.boschrexroth.com/sv/se/branscher/vaetgas/,81ed63cc-1be2-4369-b140-c04fc14e0f46
https://www.boschrexroth.com/sv/se/branscher/logistik-och-transport/,95b936c6-44fc-4527-9e4d-ac469fac69d2
https://www.boschrexroth.com/sv/se/branscher/laekemedel/,705604f5-ccba-4398-9448-55bc19e2d2ab
https://www.boschrexroth.com/sv/se/branscher/material-och-resurser/,ff9d3177-936d-4379-9458-0af0c0801ce9
https://www.boschrexroth.com/sv/se/branscher/atervinning-och-avfallshantering/,ebc8d045-7d5c-4b11-bbb0-0a1b99ce6fab
https://www.boschrexroth.com/sv/se/branscher/foernybar-energi/,7d53cef0-f2c2-40c2-840b-4849dce84868
https://www.boschrexroth.com/sv/se/branscher/testteknik/,a31f93f3-0282-4ebf-9732-3994111ecea0
https://www.boschrexroth.com/sv/se/produkter/loesningar-foer-mobila-maskiner/vaexellador/,a50d5418-3037-4232-89bd-f78ed95e8326
https://www.boschrexroth.com/sv/se/branscher/halvledare-och-elektronik/,a0945e9a-4bc5-4f26-995f-2baa9803b243
https://www.boschrexroth.com/sv/se/service-och-support/,9281402d-5292-4fc7-9fc3-12057bac3fc8
https://www.boschrexroth.com/sv/se/service-och-support/service/,d639e7ad-4734-4e58-8fbd-2a7517ca87f6
https://www.boschrexroth.com/sv/se/service-och-support/service/reparationer/,87cd324c-7984-4c8d-80e5-d24f02a821cb
https://www.boschrexroth.com/sv/se/service-och-support/service/reservdelar/,7a622719-6488-4d14-a30a-63a615bbe28b
https://www.boschrexroth.com/sv/se/service-och-support/service/faeltservice/,18d0226b-4a2c-43bd-ba77-313291b3a927
https://www.boschrexroth.com/sv/se/service-och-support/service/modernisering/,7a4343a4-490e-404d-ab2d-31710552d7be
https://www.boschrexroth.com/sv/se/service-och-support/e-konfiguratorer-och-verktyg/,7ff4a06a-ab8d-495c-adda-a516c9eaeb03
https://www.boschrexroth.com/sv/se/service-och-support/service/digital-serviceassistent/,18528607-f5f1-48bc-950b-09a3ad627950
https://www.boschrexroth.com/sv/se/service-och-support/service/digital-portfoelj/,5e6fda8b-a855-4e59-99a1-bbb188e00ced
https://www.boschrexroth.com/sv/se/service-och-support/service/service-foer-elektriska-driv-och-styrsystem/,None
https://www.boschrexroth.com/sv/se/service-och-support/e-konfiguratorer-och-verktyg/simster/,fa26b07a-c5a8-48de-b732-4a2c59fe7fe4
https://www.boschrexroth.com/sv/se/service-och-support/virtuell-teknik/,df0dcbc5-130d-4626-9c21-129033fc3b06
https://www.boschrexroth.com/sv/se/service-och-support/e-konfiguratorer-och-verktyg/scheme-editor/,f7fd9c9f-9941-4abc-9b65-a9344cc0daa5
https://www.boschrexroth.com/sv/se/service-och-support/e-konfiguratorer-och-verktyg/interactive-fluidic-office-ifo/,ddf691a7-fba7-44e8-8e9f-064248765156
https://www.boschrexroth.com/sv/se/service-och-support/hydraulvaetskor/,f980f332-69c7-4a79-a187-04610a8c51e6
https://www.boschrexroth.com/sv/se/service-och-support/koep/,f446739c-3030-47a2-9230-101739e5faa7
https://www.boschrexroth.com/sv/se/service-och-support/koep/certified-excellence/,6d75de1d-0193-4309-9ea1-d3fccad7ffed
https://www.boschrexroth.com/sv/se/service-och-support/koep/rexroth-store/,34ee1645-140f-4239-8237-7e8524cb6d53
https://www.boschrexroth.com/sv/se/nedladdningar/faktablad/,8f941842-4974-4ded-8c24-04fa5bda82aa
https://www.boschrexroth.com/sv/se/nedladdningar/manualer/,03b80760-de36-47de-bea8-9101c2fbd131
https://www.boschrexroth.com/sv/se/nedladdningar/cad-filer/,53a783c2-b3a9-4006-8e85-16034f294d8e
https://www.boschrexroth.com/sv/se/nedladdningar/datablad/,a4105050-ff0d-41a6-8f41-9f2b906fe807
https://www.boschrexroth.com/sv/se/nedladdningar/programvara/,3f9ab84d-8e1a-4bbd-bd33-0bccaecf0233
https://www.boschrexroth.com/sv/se/academy/,194cadee-0e16-498d-8e97-b165dc63d207
https://www.boschrexroth.com/sv/se/academy/training/,af2447dd-f5fc-4b5b-9346-b90f48f30c6f
https://www.boschrexroth.com/sv/se/lediga-tjaenster-och-karriaer/,e481217a-916b-4550-8f85-0af7fc603a6a
https://www.boschrexroth.com/sv/se/academy/training-systems/,9c907e3c-e44c-4482-ab15-c65cab2d9075
https://www.boschrexroth.com/sv/se/lediga-tjaenster-och-karriaer/lediga-tjaenster/,adfe8f50-db65-409e-9fa8-2d47380e338e
https://www.boschrexroth.com/sv/se/lediga-tjaenster-och-karriaer/varfoer-ska-du-arbeta-med-oss/,3bf145eb-d435-4f16-9311-645d6dd300ec
https://www.boschrexroth.com/sv/se/lediga-tjaenster-och-karriaer/vanliga-fragor/,8b134238-2e42-490a-8753-e5ff1c891623
https://www.boschrexroth.com/sv/se/foeretaget/,17dfa2d0-8507-4502-974f-a6b96af190c9
https://www.boschrexroth.com/sv/se/foeretaget/siffror/,4c8b434b-0c85-49f8-92a7-da6f08006586
https://www.boschrexroth.com/sv/se/foeretaget/var-historia/,d30a06d0-8ee7-4195-b45c-7f689cd1e4be
https://www.boschrexroth.com/sv/se/foeretaget/styrelse/,a965a595-29fa-4c5f-967e-73feae60b79d
https://www.boschrexroth.com/sv/se/foeretaget/blogg/,None
https://www.boschrexroth.com/sv/se/foeretaget/hallbarhet/,8b741f3e-df55-40eb-892a-d537f0ff07e7
https://www.boschrexroth.com/sv/se/foeretaget/digitalisering/,f4db96a0-505d-495a-b5b5-a6dac4d9bb3b
https://www.boschrexroth.com/sv/se/nedladdningar/,df195e25-1ff1-4730-ab20-044b94a5f067
https://www.boschrexroth.com/de/ch/produkte/,98465ab1-5cc1-4e99-b91a-748d495e4713
https://www.boschrexroth.com/de/ch/produkte/industrielle-loesungen/,074b9c9a-a014-44ef-bbde-1c41b21c6964
https://www.boschrexroth.com/sv/se/foeretaget/youdecide/,19969529-a390-4a98-a74d-8bd661523395
https://www.boschrexroth.com/de/ch/produkte/industrielle-loesungen/form-und-giesstechnik/,488629d3-a5d4-4b3c-aee6-35150a85d9ea
https://www.boschrexroth.com/de/ch/produkte/industrielle-loesungen/hagglunds/,ae0d4661-ad50-4657-822a-71253576c9cf
https://www.boschrexroth.com/sv/se/foeretaget/evenemang/,08616ca2-3aea-4c1e-bc15-abed73086b80
https://www.boschrexroth.com/de/ch/produkte/industrielle-loesungen/industriehydraulik/,1be4e3d7-698c-4345-8f48-5c0c2cad201c
https://www.boschrexroth.com/de/ch/produkte/industrielle-loesungen/kassow-robots/,89e1bccc-c2c2-4b43-8e37-4bbea4f256ab
https://www.boschrexroth.com/de/ch/produkte/industrielle-loesungen/lineartechnik/,e10f4578-45db-4ef4-98b7-acf3c7b5fc9d
https://www.boschrexroth.com/de/ch/produkte/industrielle-loesungen/montagetechnik/,ddfb8ad9-ca6f-43a6-b209-9000595cd282
https://www.boschrexroth.com/de/ch/produkte/industrielle-loesungen/mobile-robotik/,250845bb-f01e-423a-b08c-baca3363dd46
https://www.boschrexroth.com/sv/se/academy/media/,00decaf7-d55d-4080-90e2-3271a4e2eb68
https://www.boschrexroth.com/de/ch/produkte/loesungen-fuer-mobile-maschinen/,48242c75-3e51-4651-84de-343b8c437371
https://www.boschrexroth.com/de/ch/produkte/loesungen-fuer-mobile-maschinen/automatisierung-fuer-mobile-maschinen/,2b652472-ea54-4723-abc6-4f70846f6dcd
https://www.boschrexroth.com/de/ch/produkte/loesungen-fuer-mobile-maschinen/elektrische-antriebe-fuer-mobile-maschinen/,42909484-d194-4cd4-be61-df9abe2a54ee
https://www.boschrexroth.com/de/ch/produkte/loesungen-fuer-mobile-maschinen/mobilelektronik-und-telematik/,50f2fd04-b4fd-4e33-a8f5-015f22aa975e
https://www.boschrexroth.com/de/ch/produkte/loesungen-fuer-mobile-maschinen/mobile-solutions-service/,c9d3a00d-b6dd-4cd1-93aa-cd749ea041c3
https://www.boschrexroth.com/de/ch/produkte/loesungen-fuer-mobile-maschinen/mobilhydraulik/,e989aced-4c70-4391-9220-074ece3609bb
https://www.boschrexroth.com/de/ch/produkte/loesungen-fuer-mobile-maschinen/training/,96ca07b5-c677-498f-ba87-02ad848ff9c4
https://www.boschrexroth.com/de/ch/branchen/,1aba1cb2-36c8-4ee8-9180-2b284de03bf2
https://www.boschrexroth.com/de/ch/branchen/automotive/,8b7f8b4d-5a3e-46ec-bef7-ef87779c1b95
https://www.boschrexroth.com/de/ch/produkte/industrielle-loesungen/elektrische-antriebe-und-steuerungen/,5668ccd8-0533-49bb-b54c-d83d0b875afc
https://www.boschrexroth.com/de/ch/produkte/industrielle-loesungen/schraubtechnik/,e6982f6e-6b3f-427b-b044-26789b1d9efa
https://www.boschrexroth.com/de/ch/branchen/bauwesen-und-infrastruktur/,4b50d603-e82a-48d6-b032-df3d4ee01dff
https://www.boschrexroth.com/de/ch/branchen/batteriefertigung/,a51cddf9-51d9-4191-b8de-2f0cb2a74879
https://www.boschrexroth.com/de/ch/branchen/chemische-verarbeitung/,bf70b606-eef4-46db-bc57-92153454d992
https://www.boschrexroth.com/de/ch/produkte/industrielle-loesungen/widerstandsschweissen/,a4b36c53-e06c-4b7a-a6aa-031dc1eb051e
https://www.boschrexroth.com/de/ch/branchen/energie-und-versorgungswirtschaft/,9a0bc077-74d6-428d-8481-1ffccb4bb5cc
https://www.boschrexroth.com/de/ch/branchen/erneuerbare-energien/,7d53cef0-f2c2-40c2-840b-4849dce84868
https://www.boschrexroth.com/de/ch/branchen/gesundheitswesen/,bf2427cc-883a-4bbd-bcb1-67bd56c97108
https://www.boschrexroth.com/de/ch/produkte/loesungen-fuer-mobile-maschinen/getriebe/,a50d5418-3037-4232-89bd-f78ed95e8326
https://www.boschrexroth.com/de/ch/branchen/halbleiter-und-elektronik/,a0945e9a-4bc5-4f26-995f-2baa9803b243
https://www.boschrexroth.com/de/ch/branchen/konsumgueter/,7027d387-5bd8-477e-9b4e-dc63c8d99ca8
https://www.boschrexroth.com/de/ch/branchen/logistik-und-transport/,95b936c6-44fc-4527-9e4d-ac469fac69d2
https://www.boschrexroth.com/de/ch/branchen/land-und-forstwirtschaft/,c335c830-7aee-489f-986e-55826cc786a3
https://www.boschrexroth.com/de/ch/branchen/pharmazie/,705604f5-ccba-4398-9448-55bc19e2d2ab
https://www.boschrexroth.com/de/ch/branchen/pruefstandstechnik/,a31f93f3-0282-4ebf-9732-3994111ecea0
https://www.boschrexroth.com/de/ch/branchen/recycling-und-abfallbehandlung/,ebc8d045-7d5c-4b11-bbb0-0a1b99ce6fab
https://www.boschrexroth.com/de/ch/branchen/wasserstoff/,81ed63cc-1be2-4369-b140-c04fc14e0f46
https://www.boschrexroth.com/de/ch/branchen/rohstoffversorgung/,ff9d3177-936d-4379-9458-0af0c0801ce9
https://www.boschrexroth.com/de/ch/service-und-support/,9281402d-5292-4fc7-9fc3-12057bac3fc8
https://www.boschrexroth.com/de/ch/service-und-support/service/,d639e7ad-4734-4e58-8fbd-2a7517ca87f6
https://www.boschrexroth.com/de/ch/service-und-support/service/ersatzteile/,7a622719-6488-4d14-a30a-63a615bbe28b
https://www.boschrexroth.com/de/ch/service-und-support/service/reparaturen/,87cd324c-7984-4c8d-80e5-d24f02a821cb
https://www.boschrexroth.com/de/ch/service-und-support/service/modernisierung/,7a4343a4-490e-404d-ab2d-31710552d7be
https://www.boschrexroth.com/de/ch/service-und-support/service/field-service/,18d0226b-4a2c-43bd-ba77-313291b3a927
https://www.boschrexroth.com/de/ch/service-und-support/service/digitales-portfolio/,5e6fda8b-a855-4e59-99a1-bbb188e00ced
https://www.boschrexroth.com/de/ch/service-und-support/konfiguratoren-und-tools/,7ff4a06a-ab8d-495c-adda-a516c9eaeb03
https://www.boschrexroth.com/de/ch/service-und-support/service/digital-service-assistant/,18528607-f5f1-48bc-950b-09a3ad627950
https://www.boschrexroth.com/de/ch/service-und-support/konfiguratoren-und-tools/simster/,fa26b07a-c5a8-48de-b732-4a2c59fe7fe4
https://www.boschrexroth.com/de/ch/service-und-support/konfiguratoren-und-tools/interactive-fluid-office-ifo/,ddf691a7-fba7-44e8-8e9f-064248765156
https://www.boschrexroth.com/de/ch/service-und-support/konfiguratoren-und-tools/scheme-editor/,f7fd9c9f-9941-4abc-9b65-a9344cc0daa5
https://www.boschrexroth.com/de/ch/service-und-support/digitaler-produktzwilling/,dcfbe822-15c5-48d6-9b48-e03b999ab945
https://www.boschrexroth.com/de/ch/service-und-support/virtual-engineering/,df0dcbc5-130d-4626-9c21-129033fc3b06
https://www.boschrexroth.com/de/ch/service-und-support/hydraulikfluessigkeiten/,f980f332-69c7-4a79-a187-04610a8c51e6
https://www.boschrexroth.com/de/ch/service-und-support/so-kaufen-sie/certified-excellence-partnerprogramm/,6d75de1d-0193-4309-9ea1-d3fccad7ffed
https://www.boschrexroth.com/de/ch/service-und-support/so-kaufen-sie/,f446739c-3030-47a2-9230-101739e5faa7
https://www.boschrexroth.com/de/ch/service-und-support/so-kaufen-sie/rexroth-store/,34ee1645-140f-4239-8237-7e8524cb6d53
https://www.boschrexroth.com/de/ch/downloads/datenblaetter/,a4105050-ff0d-41a6-8f41-9f2b906fe807
https://www.boschrexroth.com/de/ch/downloads/anleitungen/,03b80760-de36-47de-bea8-9101c2fbd131
https://www.boschrexroth.com/de/ch/downloads/cad-dateien/,53a783c2-b3a9-4006-8e85-16034f294d8e
https://www.boschrexroth.com/de/ch/downloads/software/,3f9ab84d-8e1a-4bbd-bd33-0bccaecf0233
https://www.boschrexroth.com/de/ch/downloads/fact-sheets/,8f941842-4974-4ded-8c24-04fa5bda82aa
https://www.boschrexroth.com/de/ch/academy/,194cadee-0e16-498d-8e97-b165dc63d207
https://www.boschrexroth.com/de/ch/academy/training-systems/,9c907e3c-e44c-4482-ab15-c65cab2d9075
https://www.boschrexroth.com/de/ch/academy/training/,af2447dd-f5fc-4b5b-9346-b90f48f30c6f
https://www.boschrexroth.com/de/ch/academy/medien/,00decaf7-d55d-4080-90e2-3271a4e2eb68
https://www.boschrexroth.com/de/ch/jobs-und-karriere/,e481217a-916b-4550-8f85-0af7fc603a6a
https://www.boschrexroth.com/de/ch/academy/kontakt/,ef6eb2b8-c841-43ed-b876-a5c4ad07b9a4
https://www.boschrexroth.com/de/ch/jobs-und-karriere/einstiegsmoeglichkeiten/,adfe8f50-db65-409e-9fa8-2d47380e338e
https://www.boschrexroth.com/de/ch/jobs-und-karriere/was-uns-ausmacht/,3bf145eb-d435-4f16-9311-645d6dd300ec
https://www.boschrexroth.com/de/ch/jobs-und-karriere/faq/,8b134238-2e42-490a-8753-e5ff1c891623
https://www.boschrexroth.com/de/ch/unternehmen/referenzen/,None
https://www.boschrexroth.com/de/ch/unternehmen/,17dfa2d0-8507-4502-974f-a6b96af190c9
https://www.boschrexroth.com/de/ch/unternehmen/zahlen/,4c8b434b-0c85-49f8-92a7-da6f08006586
https://www.boschrexroth.com/de/ch/unternehmen/unsere-geschichte/,d30a06d0-8ee7-4195-b45c-7f689cd1e4be
https://www.boschrexroth.com/de/ch/unternehmen/vorstand/,a965a595-29fa-4c5f-967e-73feae60b79d
https://www.boschrexroth.com/de/ch/unternehmen/nachhaltigkeit/,8b741f3e-df55-40eb-892a-d537f0ff07e7
https://www.boschrexroth.com/de/ch/unternehmen/youdecide/,19969529-a390-4a98-a74d-8bd661523395
https://www.boschrexroth.com/de/ch/downloads/,df195e25-1ff1-4730-ab20-044b94a5f067
https://www.boschrexroth.com/de/ch/unternehmen/cube-ulm/,None
https://www.boschrexroth.com/de/ch/unternehmen/digitale-transformation/,f4db96a0-505d-495a-b5b5-a6dac4d9bb3b
https://www.boschrexroth.com/en/ch/products/,98465ab1-5cc1-4e99-b91a-748d495e4713
https://www.boschrexroth.com/en/ch/products/industrial-solutions/,074b9c9a-a014-44ef-bbde-1c41b21c6964
https://www.boschrexroth.com/de/ch/unternehmen/messen-und-events/,08616ca2-3aea-4c1e-bc15-abed73086b80
https://www.boschrexroth.com/en/ch/products/industrial-solutions/hagglunds/,ae0d4661-ad50-4657-822a-71253576c9cf
https://www.boschrexroth.com/en/ch/products/industrial-solutions/industrial-hydraulics/,1be4e3d7-698c-4345-8f48-5c0c2cad201c
https://www.boschrexroth.com/en/ch/products/industrial-solutions/linear-motion-technology/,e10f4578-45db-4ef4-98b7-acf3c7b5fc9d
https://www.boschrexroth.com/en/ch/products/industrial-solutions/kassow-robots/,89e1bccc-c2c2-4b43-8e37-4bbea4f256ab
https://www.boschrexroth.com/en/ch/products/industrial-solutions/assembly-technology/,ddfb8ad9-ca6f-43a6-b209-9000595cd282
https://www.boschrexroth.com/en/ch/products/industrial-solutions/mobile-robotics/,250845bb-f01e-423a-b08c-baca3363dd46
https://www.boschrexroth.com/en/ch/products/solutions-for-mobile-machines/mobile-electric-drives/,42909484-d194-4cd4-be61-df9abe2a54ee
https://www.boschrexroth.com/en/ch/products/solutions-for-mobile-machines/,48242c75-3e51-4651-84de-343b8c437371
https://www.boschrexroth.com/en/ch/products/solutions-for-mobile-machines/mobile-automation/,2b652472-ea54-4723-abc6-4f70846f6dcd
https://www.boschrexroth.com/en/ch/products/industrial-solutions/electric-drives-and-controls/,5668ccd8-0533-49bb-b54c-d83d0b875afc
https://www.boschrexroth.com/en/ch/products/solutions-for-mobile-machines/mobile-electronics-and-telematics/,50f2fd04-b4fd-4e33-a8f5-015f22aa975e
https://www.boschrexroth.com/en/ch/products/solutions-for-mobile-machines/mobile-hydraulics/,e989aced-4c70-4391-9220-074ece3609bb
https://www.boschrexroth.com/en/ch/products/solutions-for-mobile-machines/training/,96ca07b5-c677-498f-ba87-02ad848ff9c4
https://www.boschrexroth.com/en/ch/industries/,1aba1cb2-36c8-4ee8-9180-2b284de03bf2
https://www.boschrexroth.com/en/ch/industries/construction-and-infrastructure/,4b50d603-e82a-48d6-b032-df3d4ee01dff
https://www.boschrexroth.com/en/ch/products/industrial-solutions/resistance-welding/,a4b36c53-e06c-4b7a-a6aa-031dc1eb051e
https://www.boschrexroth.com/en/ch/industries/automotive/,8b7f8b4d-5a3e-46ec-bef7-ef87779c1b95
https://www.boschrexroth.com/en/ch/products/industrial-solutions/tightening-technology/,e6982f6e-6b3f-427b-b044-26789b1d9efa
https://www.boschrexroth.com/en/ch/industries/battery-production/,a51cddf9-51d9-4191-b8de-2f0cb2a74879
https://www.boschrexroth.com/en/ch/industries/renewable-energies/,7d53cef0-f2c2-40c2-840b-4849dce84868
https://www.boschrexroth.com/en/ch/industries/energy-and-utilities/,9a0bc077-74d6-428d-8481-1ffccb4bb5cc
https://www.boschrexroth.com/en/ch/industries/healthcare/,bf2427cc-883a-4bbd-bcb1-67bd56c97108
https://www.boschrexroth.com/en/ch/industries/chemical-processing/,bf70b606-eef4-46db-bc57-92153454d992
https://www.boschrexroth.com/en/ch/industries/agriculture-and-forestry/,c335c830-7aee-489f-986e-55826cc786a3
https://www.boschrexroth.com/en/ch/industries/consumer-goods/,7027d387-5bd8-477e-9b4e-dc63c8d99ca8
https://www.boschrexroth.com/en/ch/industries/semiconductors-and-electronics/,a0945e9a-4bc5-4f26-995f-2baa9803b243
https://www.boschrexroth.com/en/ch/industries/pharmaceutics/,705604f5-ccba-4398-9448-55bc19e2d2ab
https://www.boschrexroth.com/en/ch/industries/logistics-and-transport/,95b936c6-44fc-4527-9e4d-ac469fac69d2
https://www.boschrexroth.com/en/ch/products/solutions-for-mobile-machines/gearboxes/,a50d5418-3037-4232-89bd-f78ed95e8326
https://www.boschrexroth.com/en/ch/products/industrial-solutions/moulding-and-casting-technologies/,488629d3-a5d4-4b3c-aee6-35150a85d9ea
https://www.boschrexroth.com/en/ch/industries/recycling-and-waste-handling/,ebc8d045-7d5c-4b11-bbb0-0a1b99ce6fab
https://www.boschrexroth.com/en/ch/industries/materials-and-resources/,ff9d3177-936d-4379-9458-0af0c0801ce9
https://www.boschrexroth.com/en/ch/industries/hydrogen/,81ed63cc-1be2-4369-b140-c04fc14e0f46
https://www.boschrexroth.com/en/ch/service-and-support/service/,d639e7ad-4734-4e58-8fbd-2a7517ca87f6
https://www.boschrexroth.com/en/ch/service-and-support/,9281402d-5292-4fc7-9fc3-12057bac3fc8
https://www.boschrexroth.com/en/ch/service-and-support/service/spare-parts/,7a622719-6488-4d14-a30a-63a615bbe28b
https://www.boschrexroth.com/en/ch/service-and-support/service/digital-portfolio/,5e6fda8b-a855-4e59-99a1-bbb188e00ced
https://www.boschrexroth.com/en/ch/service-and-support/service/field-service/,18d0226b-4a2c-43bd-ba77-313291b3a927
https://www.boschrexroth.com/en/ch/service-and-support/service/modernization/,7a4343a4-490e-404d-ab2d-31710552d7be
https://www.boschrexroth.com/en/ch/service-and-support/econfigurators-and-tools/,7ff4a06a-ab8d-495c-adda-a516c9eaeb03
https://www.boschrexroth.com/en/ch/service-and-support/service/digital-service-assistant/,18528607-f5f1-48bc-950b-09a3ad627950
https://www.boschrexroth.com/en/ch/service-and-support/econfigurators-and-tools/simster/,fa26b07a-c5a8-48de-b732-4a2c59fe7fe4
https://www.boschrexroth.com/en/ch/service-and-support/econfigurators-and-tools/interactive-fluid-office-ifo/,ddf691a7-fba7-44e8-8e9f-064248765156
https://www.boschrexroth.com/en/ch/service-and-support/econfigurators-and-tools/scheme-editor/,f7fd9c9f-9941-4abc-9b65-a9344cc0daa5
https://www.boschrexroth.com/en/ch/service-and-support/digital-product-twin/,dcfbe822-15c5-48d6-9b48-e03b999ab945
https://www.boschrexroth.com/en/ch/service-and-support/hydraulic-fluids/,f980f332-69c7-4a79-a187-04610a8c51e6
https://www.boschrexroth.com/en/ch/service-and-support/virtual-engineering/,df0dcbc5-130d-4626-9c21-129033fc3b06
https://www.boschrexroth.com/en/ch/service-and-support/buy/,f446739c-3030-47a2-9230-101739e5faa7
https://www.boschrexroth.com/en/ch/industries/testing-technology/,a31f93f3-0282-4ebf-9732-3994111ecea0
https://www.boschrexroth.com/en/ch/downloads/data-sheets/,a4105050-ff0d-41a6-8f41-9f2b906fe807
https://www.boschrexroth.com/en/ch/service-and-support/buy/certified-excellence/,6d75de1d-0193-4309-9ea1-d3fccad7ffed
https://www.boschrexroth.com/en/ch/downloads/cad-files/,53a783c2-b3a9-4006-8e85-16034f294d8e
https://www.boschrexroth.com/en/ch/service-and-support/buy/rexroth-store/,34ee1645-140f-4239-8237-7e8524cb6d53
https://www.boschrexroth.com/en/ch/academy/,194cadee-0e16-498d-8e97-b165dc63d207
https://www.boschrexroth.com/en/ch/downloads/software/,3f9ab84d-8e1a-4bbd-bd33-0bccaecf0233
https://www.boschrexroth.com/en/ch/academy/training/,af2447dd-f5fc-4b5b-9346-b90f48f30c6f
https://www.boschrexroth.com/en/ch/downloads/manuals/,03b80760-de36-47de-bea8-9101c2fbd131
https://www.boschrexroth.com/en/ch/downloads/fact-sheets/,8f941842-4974-4ded-8c24-04fa5bda82aa
https://www.boschrexroth.com/en/ch/academy/training-systems/,9c907e3c-e44c-4482-ab15-c65cab2d9075
https://www.boschrexroth.com/en/ch/academy/contact/,ef6eb2b8-c841-43ed-b876-a5c4ad07b9a4
https://www.boschrexroth.com/en/ch/academy/media/,00decaf7-d55d-4080-90e2-3271a4e2eb68
https://www.boschrexroth.com/en/ch/service-and-support/service/repairs/,87cd324c-7984-4c8d-80e5-d24f02a821cb
https://www.boschrexroth.com/en/ch/jobs-and-career/,e481217a-916b-4550-8f85-0af7fc603a6a
https://www.boschrexroth.com/en/ch/jobs-and-career/job-opportunities/,adfe8f50-db65-409e-9fa8-2d47380e338e
https://www.boschrexroth.com/en/ch/jobs-and-career/faq/,8b134238-2e42-490a-8753-e5ff1c891623
https://www.boschrexroth.com/en/ch/company/,17dfa2d0-8507-4502-974f-a6b96af190c9
https://www.boschrexroth.com/en/ch/company/references/,None
https://www.boschrexroth.com/en/ch/jobs-and-career/why-work-with-us/,3bf145eb-d435-4f16-9311-645d6dd300ec
https://www.boschrexroth.com/en/ch/company/figures/,4c8b434b-0c85-49f8-92a7-da6f08006586
https://www.boschrexroth.com/en/ch/company/executive-board/,a965a595-29fa-4c5f-967e-73feae60b79d
https://www.boschrexroth.com/en/ch/company/our-history/,d30a06d0-8ee7-4195-b45c-7f689cd1e4be
https://www.boschrexroth.com/en/ch/downloads/,df195e25-1ff1-4730-ab20-044b94a5f067
https://www.boschrexroth.com/en/ch/company/sustainability/,8b741f3e-df55-40eb-892a-d537f0ff07e7
https://www.boschrexroth.com/en/ch/company/digital-transformation/,f4db96a0-505d-495a-b5b5-a6dac4d9bb3b
https://www.boschrexroth.com/en/ch/company/youdecide/,19969529-a390-4a98-a74d-8bd661523395
https://www.boschrexroth.com/en/ch/company/cube-ulm/,None
https://www.boschrexroth.com/fr/ch/produits/solutions-industrielles/,074b9c9a-a014-44ef-bbde-1c41b21c6964
https://www.boschrexroth.com/fr/ch/produits/,98465ab1-5cc1-4e99-b91a-748d495e4713
https://www.boschrexroth.com/fr/ch/produits/solutions-industrielles/technologies-de-moulage/,488629d3-a5d4-4b3c-aee6-35150a85d9ea
https://www.boschrexroth.com/en/ch/company/trade-shows-and-events/,08616ca2-3aea-4c1e-bc15-abed73086b80
https://www.boschrexroth.com/fr/ch/produits/solutions-industrielles/hagglunds/,ae0d4661-ad50-4657-822a-71253576c9cf
https://www.boschrexroth.com/fr/ch/produits/solutions-industrielles/kassow-robots/,89e1bccc-c2c2-4b43-8e37-4bbea4f256ab
https://www.boschrexroth.com/fr/ch/produits/solutions-industrielles/technologie-de-montage/,ddfb8ad9-ca6f-43a6-b209-9000595cd282
https://www.boschrexroth.com/fr/ch/produits/solutions-industrielles/technique-lineaire/,e10f4578-45db-4ef4-98b7-acf3c7b5fc9d
https://www.boschrexroth.com/fr/ch/produits/solutions-industrielles/hydraulique-industrielle/,1be4e3d7-698c-4345-8f48-5c0c2cad201c
https://www.boschrexroth.com/fr/ch/produits/solutions-pour-engins-mobiles/automatisation-pour-engins-mobiles/,2b652472-ea54-4723-abc6-4f70846f6dcd
https://www.boschrexroth.com/fr/ch/produits/solutions-industrielles/robotique-mobile/,250845bb-f01e-423a-b08c-baca3363dd46
https://www.boschrexroth.com/fr/ch/produits/solutions-pour-engins-mobiles/,48242c75-3e51-4651-84de-343b8c437371
https://www.boschrexroth.com/fr/ch/produits/solutions-pour-engins-mobiles/entrainements-electriques-pour-engins-mobiles/,42909484-d194-4cd4-be61-df9abe2a54ee
https://www.boschrexroth.com/fr/ch/produits/solutions-pour-engins-mobiles/hydraulique-mobile/,e989aced-4c70-4391-9220-074ece3609bb
https://www.boschrexroth.com/fr/ch/produits/solutions-pour-engins-mobiles/electronique-mobile-et-telematique/,50f2fd04-b4fd-4e33-a8f5-015f22aa975e
https://www.boschrexroth.com/fr/ch/industries/,1aba1cb2-36c8-4ee8-9180-2b284de03bf2
https://www.boschrexroth.com/fr/ch/produits/solutions-industrielles/solutions-dentrainement-electrique-et-dautomatisation/,5668ccd8-0533-49bb-b54c-d83d0b875afc
https://www.boschrexroth.com/fr/ch/industries/automobile/,8b7f8b4d-5a3e-46ec-bef7-ef87779c1b95
https://www.boschrexroth.com/fr/ch/produits/solutions-pour-engins-mobiles/formation/,96ca07b5-c677-498f-ba87-02ad848ff9c4
https://www.boschrexroth.com/fr/ch/produits/solutions-industrielles/technologie-de-vissage/,e6982f6e-6b3f-427b-b044-26789b1d9efa
https://www.boschrexroth.com/fr/ch/industries/production-et-distribution-denergie/,9a0bc077-74d6-428d-8481-1ffccb4bb5cc
https://www.boschrexroth.com/fr/ch/produits/solutions-industrielles/soudage-par-resistance/,a4b36c53-e06c-4b7a-a6aa-031dc1eb051e
https://www.boschrexroth.com/fr/ch/industries/production-de-batteries/,a51cddf9-51d9-4191-b8de-2f0cb2a74879
https://www.boschrexroth.com/fr/ch/industries/construction-et-infrastructure/,4b50d603-e82a-48d6-b032-df3d4ee01dff
https://www.boschrexroth.com/fr/ch/industries/sante/,bf2427cc-883a-4bbd-bcb1-67bd56c97108
https://www.boschrexroth.com/fr/ch/industries/energies-renouvelables/,7d53cef0-f2c2-40c2-840b-4849dce84868
https://www.boschrexroth.com/fr/ch/produits/solutions-pour-engins-mobiles/reducteurs/,a50d5418-3037-4232-89bd-f78ed95e8326
https://www.boschrexroth.com/fr/ch/industries/semi-conducteurs-et-electronique/,a0945e9a-4bc5-4f26-995f-2baa9803b243
https://www.boschrexroth.com/fr/ch/industries/agriculture-activites-forestieres-et-travail-du-bois/,c335c830-7aee-489f-986e-55826cc786a3
https://www.boschrexroth.com/fr/ch/industries/biens-de-consommation/,7027d387-5bd8-477e-9b4e-dc63c8d99ca8
https://www.boschrexroth.com/fr/ch/industries/logistique-et-transport/,95b936c6-44fc-4527-9e4d-ac469fac69d2
https://www.boschrexroth.com/fr/ch/industries/recyclage-et-traitement-des-dechets/,ebc8d045-7d5c-4b11-bbb0-0a1b99ce6fab
https://www.boschrexroth.com/fr/ch/industries/industrie-pharmaceutique/,705604f5-ccba-4398-9448-55bc19e2d2ab
https://www.boschrexroth.com/fr/ch/industries/bancs-de-test/,a31f93f3-0282-4ebf-9732-3994111ecea0
https://www.boschrexroth.com/fr/ch/industries/hydrogene/,81ed63cc-1be2-4369-b140-c04fc14e0f46
https://www.boschrexroth.com/fr/ch/industries/materiaux-traitement-et-transformation/,ff9d3177-936d-4379-9458-0af0c0801ce9
https://www.boschrexroth.com/fr/ch/services-et-assistance/,9281402d-5292-4fc7-9fc3-12057bac3fc8
https://www.boschrexroth.com/fr/ch/services-et-assistance/service/,d639e7ad-4734-4e58-8fbd-2a7517ca87f6
https://www.boschrexroth.com/fr/ch/services-et-assistance/service/pieces-de-rechange/,7a622719-6488-4d14-a30a-63a615bbe28b
https://www.boschrexroth.com/fr/ch/services-et-assistance/service/digital-service-assisant/,18528607-f5f1-48bc-950b-09a3ad627950
https://www.boschrexroth.com/fr/ch/services-et-assistance/service/reparation/,87cd324c-7984-4c8d-80e5-d24f02a821cb
https://www.boschrexroth.com/fr/ch/services-et-assistance/service/interventions-sur-site/,18d0226b-4a2c-43bd-ba77-313291b3a927
https://www.boschrexroth.com/fr/ch/services-et-assistance/service/nos-solutions-digitales/,5e6fda8b-a855-4e59-99a1-bbb188e00ced
https://www.boschrexroth.com/fr/ch/services-et-assistance/service/modernisation/,7a4343a4-490e-404d-ab2d-31710552d7be
https://www.boschrexroth.com/fr/ch/industries/transformation-chimique/,bf70b606-eef4-46db-bc57-92153454d992
https://www.boschrexroth.com/fr/ch/services-et-assistance/outils-et-econfigurateurs/simster/,fa26b07a-c5a8-48de-b732-4a2c59fe7fe4
https://www.boschrexroth.com/fr/ch/services-et-assistance/outils-et-econfigurateurs/,7ff4a06a-ab8d-495c-adda-a516c9eaeb03
https://www.boschrexroth.com/fr/ch/services-et-assistance/outils-et-econfigurateurs/scheme-editor/,f7fd9c9f-9941-4abc-9b65-a9344cc0daa5
https://www.boschrexroth.com/fr/ch/services-et-assistance/outils-et-econfigurateurs/interactive-fluid-office-ifo/,ddf691a7-fba7-44e8-8e9f-064248765156
https://www.boschrexroth.com/fr/ch/services-et-assistance/jumeau-numerique-de-produit/,dcfbe822-15c5-48d6-9b48-e03b999ab945
https://www.boschrexroth.com/fr/ch/services-et-assistance/ingenierie-virtuelle/,df0dcbc5-130d-4626-9c21-129033fc3b06
https://www.boschrexroth.com/fr/ch/services-et-assistance/acheter/rexroth-store/,34ee1645-140f-4239-8237-7e8524cb6d53
https://www.boschrexroth.com/fr/ch/services-et-assistance/acheter/certified-excellence/,6d75de1d-0193-4309-9ea1-d3fccad7ffed
https://www.boschrexroth.com/fr/ch/services-et-assistance/fluides-hydrauliques/,f980f332-69c7-4a79-a187-04610a8c51e6
https://www.boschrexroth.com/fr/ch/services-et-assistance/acheter/,f446739c-3030-47a2-9230-101739e5faa7
https://www.boschrexroth.com/fr/ch/ressources/fiches-techniques/,a4105050-ff0d-41a6-8f41-9f2b906fe807
https://www.boschrexroth.com/fr/ch/ressources/fiches-produit/,8f941842-4974-4ded-8c24-04fa5bda82aa
https://www.boschrexroth.com/fr/ch/ressources/manuels/,03b80760-de36-47de-bea8-9101c2fbd131
https://www.boschrexroth.com/fr/ch/ressources/fichiers-cao/,53a783c2-b3a9-4006-8e85-16034f294d8e
https://www.boschrexroth.com/fr/ch/ressources/logiciels/,3f9ab84d-8e1a-4bbd-bd33-0bccaecf0233
https://www.boschrexroth.com/fr/ch/academy/,194cadee-0e16-498d-8e97-b165dc63d207
https://www.boschrexroth.com/fr/ch/academy/training/,af2447dd-f5fc-4b5b-9346-b90f48f30c6f
https://www.boschrexroth.com/fr/ch/academy/contact/,ef6eb2b8-c841-43ed-b876-a5c4ad07b9a4
https://www.boschrexroth.com/fr/ch/emplois-et-carrieres/,e481217a-916b-4550-8f85-0af7fc603a6a
https://www.boschrexroth.com/fr/ch/emplois-et-carrieres/opportunites-professionnelles/,adfe8f50-db65-409e-9fa8-2d47380e338e
https://www.boschrexroth.com/fr/ch/emplois-et-carrieres/faq/,8b134238-2e42-490a-8753-e5ff1c891623
https://www.boschrexroth.com/fr/ch/emplois-et-carrieres/pourquoi-travailler-avec-nous/,3bf145eb-d435-4f16-9311-645d6dd300ec
https://www.boschrexroth.com/fr/ch/academy/training-systems/,9c907e3c-e44c-4482-ab15-c65cab2d9075
https://www.boschrexroth.com/fr/ch/academy/media/,00decaf7-d55d-4080-90e2-3271a4e2eb68
https://www.boschrexroth.com/fr/ch/entreprise/,17dfa2d0-8507-4502-974f-a6b96af190c9
https://www.boschrexroth.com/fr/ch/ressources/,df195e25-1ff1-4730-ab20-044b94a5f067
https://www.boschrexroth.com/fr/ch/entreprise/conseil-dadministration/,a965a595-29fa-4c5f-967e-73feae60b79d
https://www.boschrexroth.com/fr/ch/entreprise/avenir-durable/,8b741f3e-df55-40eb-892a-d537f0ff07e7
https://www.boschrexroth.com/fr/ch/entreprise/notre-histoire/,d30a06d0-8ee7-4195-b45c-7f689cd1e4be
https://www.boschrexroth.com/fr/ch/entreprise/quelques-chiffres/,4c8b434b-0c85-49f8-92a7-da6f08006586
https://www.boschrexroth.com/fr/ch/entreprise/transformation-digitale/,f4db96a0-505d-495a-b5b5-a6dac4d9bb3b
https://www.boschrexroth.com/fr/ch/entreprise/references/,None
https://www.boschrexroth.com/fr/ch/entreprise/youdecide/,19969529-a390-4a98-a74d-8bd661523395
https://www.boschrexroth.com/zh/tw/products/,98465ab1-5cc1-4e99-b91a-748d495e4713
https://www.boschrexroth.com/fr/ch/entreprise/cube-ulm/,None
https://www.boschrexroth.com/zh/tw/products/product-groups/,074b9c9a-a014-44ef-bbde-1c41b21c6964
https://www.boschrexroth.com/zh/tw/products/product-groups/assembly-technology/,ddfb8ad9-ca6f-43a6-b209-9000595cd282
https://www.boschrexroth.com/zh/tw/products/product-groups/industrial-hydraulics/,1be4e3d7-698c-4345-8f48-5c0c2cad201c
https://www.boschrexroth.com/zh/tw/products/product-groups/linear-motion-technology/,e10f4578-45db-4ef4-98b7-acf3c7b5fc9d
https://www.boschrexroth.com/fr/ch/entreprise/foires-commerciales-et-evenements/,08616ca2-3aea-4c1e-bc15-abed73086b80
https://www.boschrexroth.com/zh/tw/products/product-groups/mobile-hydraulics-and-electronics/,48242c75-3e51-4651-84de-343b8c437371
https://www.boschrexroth.com/zh/tw/products/product-groups/hagglunds/,ae0d4661-ad50-4657-822a-71253576c9cf
https://www.boschrexroth.com/zh/tw/products/product-groups/mobile-robotics/,250845bb-f01e-423a-b08c-baca3363dd46
https://www.boschrexroth.com/zh/tw/products/product-groups/moulding-and-casting-technologies/,488629d3-a5d4-4b3c-aee6-35150a85d9ea
https://www.boschrexroth.com/zh/tw/products/product-groups/kassow-robots/,89e1bccc-c2c2-4b43-8e37-4bbea4f256ab
https://www.boschrexroth.com/zh/tw/products/engineering/virtual-engineering/,df0dcbc5-130d-4626-9c21-129033fc3b06
https://www.boschrexroth.com/zh/tw/products/product-groups/electric-drives-and-controls/,5668ccd8-0533-49bb-b54c-d83d0b875afc
https://www.boschrexroth.com/zh/tw/products/engineering/hydraulic-fluids/,f980f332-69c7-4a79-a187-04610a8c51e6
https://www.boschrexroth.com/zh/tw/products/engineering/,b93c0c9c-d94e-4e93-b2af-419c0c64e778
https://www.boschrexroth.com/zh/tw/products/econfigurators-and-tools/scheme-editor/,f7fd9c9f-9941-4abc-9b65-a9344cc0daa5
https://www.boschrexroth.com/zh/tw/products/econfigurators-and-tools/,7ff4a06a-ab8d-495c-adda-a516c9eaeb03
https://www.boschrexroth.com/zh/tw/products/product-groups/gear-technology/,a50d5418-3037-4232-89bd-f78ed95e8326
https://www.boschrexroth.com/zh/tw/products/econfigurators-and-tools/simster/,fa26b07a-c5a8-48de-b732-4a2c59fe7fe4
https://www.boschrexroth.com/zh/tw/products/econfigurators-and-tools/interactive-fluid-office-ifo/,ddf691a7-fba7-44e8-8e9f-064248765156
https://www.boschrexroth.com/zh/tw/industries/,1aba1cb2-36c8-4ee8-9180-2b284de03bf2
https://www.boschrexroth.com/zh/tw/products/product-groups/tightening-technology/,e6982f6e-6b3f-427b-b044-26789b1d9efa
https://www.boschrexroth.com/zh/tw/industries/agriculture-and-forestry/,c335c830-7aee-489f-986e-55826cc786a3
https://www.boschrexroth.com/zh/tw/industries/chemical-processing/,bf70b606-eef4-46db-bc57-92153454d992
https://www.boschrexroth.com/zh/tw/industries/battery-production/,a51cddf9-51d9-4191-b8de-2f0cb2a74879
https://www.boschrexroth.com/zh/tw/products/product-groups/resistance-welding/,a4b36c53-e06c-4b7a-a6aa-031dc1eb051e
https://www.boschrexroth.com/zh/tw/industries/consumer-goods/,7027d387-5bd8-477e-9b4e-dc63c8d99ca8
https://www.boschrexroth.com/zh/tw/industries/construction-and-infrastructure/,4b50d603-e82a-48d6-b032-df3d4ee01dff
https://www.boschrexroth.com/zh/tw/industries/automotive/,8b7f8b4d-5a3e-46ec-bef7-ef87779c1b95
https://www.boschrexroth.com/zh/tw/industries/energy-and-utilities/,9a0bc077-74d6-428d-8481-1ffccb4bb5cc
https://www.boschrexroth.com/zh/tw/industries/healthcare/,bf2427cc-883a-4bbd-bcb1-67bd56c97108
https://www.boschrexroth.com/zh/tw/industries/logistics-and-transport/,95b936c6-44fc-4527-9e4d-ac469fac69d2
https://www.boschrexroth.com/zh/tw/industries/hydrogen/,81ed63cc-1be2-4369-b140-c04fc14e0f46
https://www.boschrexroth.com/zh/tw/industries/materials-and-resources/,ff9d3177-936d-4379-9458-0af0c0801ce9
https://www.boschrexroth.com/zh/tw/industries/pharmaceutics/,705604f5-ccba-4398-9448-55bc19e2d2ab
https://www.boschrexroth.com/zh/tw/industries/recycling-and-waste-handling/,ebc8d045-7d5c-4b11-bbb0-0a1b99ce6fab
https://www.boschrexroth.com/zh/tw/industries/semiconductors-and-electronics/,a0945e9a-4bc5-4f26-995f-2baa9803b243
https://www.boschrexroth.com/zh/tw/industries/renewable-energies/,7d53cef0-f2c2-40c2-840b-4849dce84868
https://www.boschrexroth.com/zh/tw/service/spare-parts/,7a622719-6488-4d14-a30a-63a615bbe28b
https://www.boschrexroth.com/zh/tw/industries/testing-technology/,a31f93f3-0282-4ebf-9732-3994111ecea0
https://www.boschrexroth.com/zh/tw/service/,d639e7ad-4734-4e58-8fbd-2a7517ca87f6
https://www.boschrexroth.com/zh/tw/service/repairs/,87cd324c-7984-4c8d-80e5-d24f02a821cb
https://www.boschrexroth.com/zh/tw/service/field-service/,18d0226b-4a2c-43bd-ba77-313291b3a927
https://www.boschrexroth.com/zh/tw/service/modernization/,7a4343a4-490e-404d-ab2d-31710552d7be
https://www.boschrexroth.com/zh/tw/downloads/cad-files/,53a783c2-b3a9-4006-8e85-16034f294d8e
https://www.boschrexroth.com/zh/tw/service/digital-service-assistant/,18528607-f5f1-48bc-950b-09a3ad627950
https://www.boschrexroth.com/zh/tw/downloads/software/,3f9ab84d-8e1a-4bbd-bd33-0bccaecf0233
https://www.boschrexroth.com/zh/tw/downloads/manuals/,03b80760-de36-47de-bea8-9101c2fbd131
https://www.boschrexroth.com/zh/tw/service/digital-portfolio/,5e6fda8b-a855-4e59-99a1-bbb188e00ced
https://www.boschrexroth.com/zh/tw/downloads/data-sheets/,a4105050-ff0d-41a6-8f41-9f2b906fe807
https://www.boschrexroth.com/zh/tw/downloads/fact-sheets/,8f941842-4974-4ded-8c24-04fa5bda82aa
https://www.boschrexroth.com/zh/tw/academy/,194cadee-0e16-498d-8e97-b165dc63d207
https://www.boschrexroth.com/zh/tw/academy/training/,af2447dd-f5fc-4b5b-9346-b90f48f30c6f
https://www.boschrexroth.com/zh/tw/academy/training-systems/,9c907e3c-e44c-4482-ab15-c65cab2d9075
https://www.boschrexroth.com/zh/tw/buy/certified-excellence/,6d75de1d-0193-4309-9ea1-d3fccad7ffed
https://www.boschrexroth.com/zh/tw/jobs-and-career/,e481217a-916b-4550-8f85-0af7fc603a6a
https://www.boschrexroth.com/zh/tw/jobs-and-career/job-opportunities/,adfe8f50-db65-409e-9fa8-2d47380e338e
https://www.boschrexroth.com/zh/tw/academy/media/,00decaf7-d55d-4080-90e2-3271a4e2eb68
https://www.boschrexroth.com/zh/tw/buy/,f446739c-3030-47a2-9230-101739e5faa7
https://www.boschrexroth.com/zh/tw/jobs-and-career/why-work-with-us/,3bf145eb-d435-4f16-9311-645d6dd300ec
https://www.boschrexroth.com/zh/tw/buy/certified-excellence/apply-as-ce-partner/,00f9f5ff-0eeb-4823-a3ca-e503b263b51e
https://www.boschrexroth.com/zh/tw/jobs-and-career/faq/,8b134238-2e42-490a-8753-e5ff1c891623
https://www.boschrexroth.com/zh/tw/company/,17dfa2d0-8507-4502-974f-a6b96af190c9
https://www.boschrexroth.com/zh/tw/company/figures/,4c8b434b-0c85-49f8-92a7-da6f08006586
https://www.boschrexroth.com/zh/tw/company/executive-board/,a965a595-29fa-4c5f-967e-73feae60b79d
https://www.boschrexroth.com/zh/tw/company/our-history/,d30a06d0-8ee7-4195-b45c-7f689cd1e4be
https://www.boschrexroth.com/zh/tw/company/blog/,None
https://www.boschrexroth.com/zh/tw/company/sustainability/,8b741f3e-df55-40eb-892a-d537f0ff07e7
https://www.boschrexroth.com/zh/tw/company/youdecide/,19969529-a390-4a98-a74d-8bd661523395
https://www.boschrexroth.com/zh/tw/company/digital-transformation/,f4db96a0-505d-495a-b5b5-a6dac4d9bb3b
https://www.boschrexroth.com/zh/tw/downloads/,df195e25-1ff1-4730-ab20-044b94a5f067
https://www.boschrexroth.com/tr/tr/ueruenler/,98465ab1-5cc1-4e99-b91a-748d495e4713
https://www.boschrexroth.com/tr/tr/ueruenler/enduestriyel-coezuemler/,074b9c9a-a014-44ef-bbde-1c41b21c6964
https://www.boschrexroth.com/zh/tw/company/trade-shows-and-events/,08616ca2-3aea-4c1e-bc15-abed73086b80
https://www.boschrexroth.com/tr/tr/ueruenler/enduestriyel-coezuemler/montaj-teknolojisi/,ddfb8ad9-ca6f-43a6-b209-9000595cd282
https://www.boschrexroth.com/tr/tr/ueruenler/enduestriyel-coezuemler/hagglunds/,ae0d4661-ad50-4657-822a-71253576c9cf
https://www.boschrexroth.com/tr/tr/ueruenler/enduestriyel-coezuemler/mobil-robotik/,250845bb-f01e-423a-b08c-baca3363dd46
https://www.boschrexroth.com/tr/tr/ueruenler/enduestriyel-coezuemler/enduestriyel-hidrolikler/,1be4e3d7-698c-4345-8f48-5c0c2cad201c
https://www.boschrexroth.com/tr/tr/ueruenler/enduestriyel-coezuemler/kalip-ve-doekuem-teknolojileri/,488629d3-a5d4-4b3c-aee6-35150a85d9ea
https://www.boschrexroth.com/tr/tr/ueruenler/enduestriyel-coezuemler/dogrusal-hareket-teknolojisi/,e10f4578-45db-4ef4-98b7-acf3c7b5fc9d
https://www.boschrexroth.com/tr/tr/ueruenler/mobil-makineler-icin-coezuemler/,48242c75-3e51-4651-84de-343b8c437371
https://www.boschrexroth.com/tr/tr/ueruenler/enduestriyel-coezuemler/kassow-robots/,89e1bccc-c2c2-4b43-8e37-4bbea4f256ab
https://www.boschrexroth.com/tr/tr/ueruenler/mobil-makineler-icin-coezuemler/mobil-hidrolikler/,e989aced-4c70-4391-9220-074ece3609bb
https://www.boschrexroth.com/tr/tr/sektoerler/,1aba1cb2-36c8-4ee8-9180-2b284de03bf2
https://www.boschrexroth.com/tr/tr/ueruenler/mobil-makineler-icin-coezuemler/mobil-elektronik-ve-telematik/,50f2fd04-b4fd-4e33-a8f5-015f22aa975e
https://www.boschrexroth.com/tr/tr/sektoerler/otomotiv/,8b7f8b4d-5a3e-46ec-bef7-ef87779c1b95
https://www.boschrexroth.com/tr/tr/ueruenler/mobil-makineler-icin-coezuemler/mobil-otomasyon/,2b652472-ea54-4723-abc6-4f70846f6dcd
https://www.boschrexroth.com/tr/tr/sektoerler/tarim-ve-orman/,c335c830-7aee-489f-986e-55826cc786a3
https://www.boschrexroth.com/tr/tr/ueruenler/mobil-makineler-icin-coezuemler/mobile-elektrikli-tahrikler/,42909484-d194-4cd4-be61-df9abe2a54ee
https://www.boschrexroth.com/tr/tr/sektoerler/akue-ueretimi/,a51cddf9-51d9-4191-b8de-2f0cb2a74879
https://www.boschrexroth.com/tr/tr/sektoerler/kimyasal-isleme/,bf70b606-eef4-46db-bc57-92153454d992
https://www.boschrexroth.com/tr/tr/sektoerler/saglik/,bf2427cc-883a-4bbd-bcb1-67bd56c97108
https://www.boschrexroth.com/tr/tr/sektoerler/insaat-ve-altyapi/,4b50d603-e82a-48d6-b032-df3d4ee01dff
https://www.boschrexroth.com/tr/tr/ueruenler/enduestriyel-coezuemler/elektrikli-sueruecue-ve-kontroller/,5668ccd8-0533-49bb-b54c-d83d0b875afc
https://www.boschrexroth.com/tr/tr/sektoerler/enerji-ve-kamu-hizmetleri/,9a0bc077-74d6-428d-8481-1ffccb4bb5cc
https://www.boschrexroth.com/tr/tr/sektoerler/tueketici-mallari/,7027d387-5bd8-477e-9b4e-dc63c8d99ca8
https://www.boschrexroth.com/tr/tr/sektoerler/hidrojen/,81ed63cc-1be2-4369-b140-c04fc14e0f46
https://www.boschrexroth.com/tr/tr/ueruenler/enduestriyel-coezuemler/direnc-kaynagi/,a4b36c53-e06c-4b7a-a6aa-031dc1eb051e
https://www.boschrexroth.com/tr/tr/ueruenler/enduestriyel-coezuemler/sikma-teknolojisi/,e6982f6e-6b3f-427b-b044-26789b1d9efa
https://www.boschrexroth.com/tr/tr/sektoerler/lojistik-ve-tasimacilik/,95b936c6-44fc-4527-9e4d-ac469fac69d2
https://www.boschrexroth.com/tr/tr/sektoerler/malzemeler-ve-kaynaklar/,ff9d3177-936d-4379-9458-0af0c0801ce9
https://www.boschrexroth.com/tr/tr/sektoerler/eczacilik/,705604f5-ccba-4398-9448-55bc19e2d2ab
https://www.boschrexroth.com/tr/tr/sektoerler/geri-doenuesuem-ve-atik-nakliye/,ebc8d045-7d5c-4b11-bbb0-0a1b99ce6fab
https://www.boschrexroth.com/tr/tr/sektoerler/yenilenebilir-enerjiler/,7d53cef0-f2c2-40c2-840b-4849dce84868
https://www.boschrexroth.com/tr/tr/ueruenler/mobil-makineler-icin-coezuemler/disli-kutulari/,a50d5418-3037-4232-89bd-f78ed95e8326
https://www.boschrexroth.com/tr/tr/sektoerler/yari-iletken-ve-elektronikler/,a0945e9a-4bc5-4f26-995f-2baa9803b243
https://www.boschrexroth.com/tr/tr/sektoerler/test-teknolojisi/,a31f93f3-0282-4ebf-9732-3994111ecea0
https://www.boschrexroth.com/tr/tr/servis-ve-destek/,9281402d-5292-4fc7-9fc3-12057bac3fc8
https://www.boschrexroth.com/tr/tr/servis-ve-destek/servis/,d639e7ad-4734-4e58-8fbd-2a7517ca87f6
https://www.boschrexroth.com/tr/tr/servis-ve-destek/servis/onarim/,87cd324c-7984-4c8d-80e5-d24f02a821cb
https://www.boschrexroth.com/tr/tr/servis-ve-destek/servis/yedek-parcalar/,7a622719-6488-4d14-a30a-63a615bbe28b
https://www.boschrexroth.com/tr/tr/servis-ve-destek/servis/saha-servisi/,18d0226b-4a2c-43bd-ba77-313291b3a927
https://www.boschrexroth.com/tr/tr/servis-ve-destek/servis/dijital-portfoey/,5e6fda8b-a855-4e59-99a1-bbb188e00ced
https://www.boschrexroth.com/tr/tr/servis-ve-destek/servis/modernizasyon/,7a4343a4-490e-404d-ab2d-31710552d7be
https://www.boschrexroth.com/tr/tr/servis-ve-destek/ekonfigueratoerler-ve-araclar/,7ff4a06a-ab8d-495c-adda-a516c9eaeb03
https://www.boschrexroth.com/tr/tr/servis-ve-destek/ekonfigueratoerler-ve-araclar/simster/,fa26b07a-c5a8-48de-b732-4a2c59fe7fe4
https://www.boschrexroth.com/tr/tr/servis-ve-destek/ekonfigueratoerler-ve-araclar/sema-duezenleyici/,f7fd9c9f-9941-4abc-9b65-a9344cc0daa5
https://www.boschrexroth.com/tr/tr/servis-ve-destek/servis/digital-service-assistant/,18528607-f5f1-48bc-950b-09a3ad627950
https://www.boschrexroth.com/tr/tr/servis-ve-destek/satin-alin/,f446739c-3030-47a2-9230-101739e5faa7
https://www.boschrexroth.com/tr/tr/servis-ve-destek/satin-alin/certified-excellence/,6d75de1d-0193-4309-9ea1-d3fccad7ffed
https://www.boschrexroth.com/tr/tr/servis-ve-destek/sanal-muehendislik/,df0dcbc5-130d-4626-9c21-129033fc3b06
https://www.boschrexroth.com/tr/tr/servis-ve-destek/hidrolik-akiskanlar/,f980f332-69c7-4a79-a187-04610a8c51e6
https://www.boschrexroth.com/tr/tr/servis-ve-destek/ekonfigueratoerler-ve-araclar/interactive-fluid-office-ifo/,ddf691a7-fba7-44e8-8e9f-064248765156
https://www.boschrexroth.com/tr/tr/servis-ve-destek/satin-alin/rexroth-store/,34ee1645-140f-4239-8237-7e8524cb6d53
https://www.boschrexroth.com/tr/tr/indirmeler/veri-foeyleri/,a4105050-ff0d-41a6-8f41-9f2b906fe807
https://www.boschrexroth.com/tr/tr/indirmeler/cad-dosyalari/,53a783c2-b3a9-4006-8e85-16034f294d8e
https://www.boschrexroth.com/tr/tr/servis-ve-destek/satin-alin/edi-electronic-data-interchange/,None
https://www.boschrexroth.com/tr/tr/indirmeler/kilavuzlar/,03b80760-de36-47de-bea8-9101c2fbd131
https://www.boschrexroth.com/tr/tr/akademi/,194cadee-0e16-498d-8e97-b165dc63d207
https://www.boschrexroth.com/tr/tr/indirmeler/yazilim/,3f9ab84d-8e1a-4bbd-bd33-0bccaecf0233
https://www.boschrexroth.com/tr/tr/indirmeler/bilgi-foeyleri/,8f941842-4974-4ded-8c24-04fa5bda82aa
https://www.boschrexroth.com/tr/tr/akademi/training/,af2447dd-f5fc-4b5b-9346-b90f48f30c6f
https://www.boschrexroth.com/tr/tr/is-firsatlari-ve-kariyer/,e481217a-916b-4550-8f85-0af7fc603a6a
https://www.boschrexroth.com/tr/tr/akademi/training-systems/,9c907e3c-e44c-4482-ab15-c65cab2d9075
https://www.boschrexroth.com/tr/tr/is-firsatlari-ve-kariyer/is-firsatlari/,adfe8f50-db65-409e-9fa8-2d47380e338e
https://www.boschrexroth.com/tr/tr/akademi/media/,00decaf7-d55d-4080-90e2-3271a4e2eb68
https://www.boschrexroth.com/tr/tr/is-firsatlari-ve-kariyer/neden-bizimle-calismalisiniz/,3bf145eb-d435-4f16-9311-645d6dd300ec
https://www.boschrexroth.com/tr/tr/is-firsatlari-ve-kariyer/sss/,8b134238-2e42-490a-8753-e5ff1c891623
https://www.boschrexroth.com/tr/tr/firma-hakkinda/,17dfa2d0-8507-4502-974f-a6b96af190c9
https://www.boschrexroth.com/tr/tr/firma-hakkinda/blog/,None
https://www.boschrexroth.com/tr/tr/indirmeler/,df195e25-1ff1-4730-ab20-044b94a5f067
https://www.boschrexroth.com/tr/tr/firma-hakkinda/tarihcemiz/,d30a06d0-8ee7-4195-b45c-7f689cd1e4be
https://www.boschrexroth.com/tr/tr/firma-hakkinda/yoenetim-kurulu/,a965a595-29fa-4c5f-967e-73feae60b79d
https://www.boschrexroth.com/tr/tr/firma-hakkinda/suerdueruelebilirlik/,8b741f3e-df55-40eb-892a-d537f0ff07e7
https://www.boschrexroth.com/tr/tr/firma-hakkinda/rakamlar/,4c8b434b-0c85-49f8-92a7-da6f08006586
https://www.boschrexroth.com/tr/tr/firma-hakkinda/dijital-doenuesuem/,f4db96a0-505d-495a-b5b5-a6dac4d9bb3b
https://www.boschrexroth.com/tr/tr/firma-hakkinda/youdecide/,19969529-a390-4a98-a74d-8bd661523395
https://www.boschrexroth.com/en/th/products/,98465ab1-5cc1-4e99-b91a-748d495e4713
https://www.boschrexroth.com/en/th/products/industrial-solutions/,074b9c9a-a014-44ef-bbde-1c41b21c6964
https://www.boschrexroth.com/en/th/products/industrial-solutions/kassow-robots/,89e1bccc-c2c2-4b43-8e37-4bbea4f256ab
https://www.boschrexroth.com/tr/tr/firma-hakkinda/etkinlikler/,08616ca2-3aea-4c1e-bc15-abed73086b80
https://www.boschrexroth.com/en/th/products/industrial-solutions/hagglunds/,ae0d4661-ad50-4657-822a-71253576c9cf
https://www.boschrexroth.com/en/th/products/industrial-solutions/assembly-technology/,ddfb8ad9-ca6f-43a6-b209-9000595cd282
https://www.boschrexroth.com/en/th/products/industrial-solutions/industrial-hydraulics/,1be4e3d7-698c-4345-8f48-5c0c2cad201c
https://www.boschrexroth.com/en/th/products/industrial-solutions/linear-motion-technology/,e10f4578-45db-4ef4-98b7-acf3c7b5fc9d
https://www.boschrexroth.com/en/th/products/industrial-solutions/mobile-robotics/,250845bb-f01e-423a-b08c-baca3363dd46
https://www.boschrexroth.com/en/th/products/industrial-solutions/moulding-and-casting-technologies/,488629d3-a5d4-4b3c-aee6-35150a85d9ea
https://www.boschrexroth.com/en/th/products/solutions-for-mobile-machines/,48242c75-3e51-4651-84de-343b8c437371
https://www.boschrexroth.com/en/th/products/solutions-for-mobile-machines/mobile-automation/,2b652472-ea54-4723-abc6-4f70846f6dcd
https://www.boschrexroth.com/en/th/products/solutions-for-mobile-machines/mobile-hydraulics/,e989aced-4c70-4391-9220-074ece3609bb
https://www.boschrexroth.com/en/th/products/solutions-for-mobile-machines/mobile-electric-drives/,42909484-d194-4cd4-be61-df9abe2a54ee
https://www.boschrexroth.com/en/th/products/solutions-for-mobile-machines/mobile-electronics-and-telematics/,50f2fd04-b4fd-4e33-a8f5-015f22aa975e
https://www.boschrexroth.com/en/th/industries/,1aba1cb2-36c8-4ee8-9180-2b284de03bf2
https://www.boschrexroth.com/en/th/industries/automotive/,8b7f8b4d-5a3e-46ec-bef7-ef87779c1b95
https://www.boschrexroth.com/en/th/industries/agriculture-and-forestry/,c335c830-7aee-489f-986e-55826cc786a3
https://www.boschrexroth.com/en/th/products/industrial-solutions/electric-drives-and-controls/,5668ccd8-0533-49bb-b54c-d83d0b875afc
https://www.boschrexroth.com/en/th/industries/battery-production/,a51cddf9-51d9-4191-b8de-2f0cb2a74879
https://www.boschrexroth.com/en/th/products/industrial-solutions/resistance-welding/,a4b36c53-e06c-4b7a-a6aa-031dc1eb051e
https://www.boschrexroth.com/en/th/products/industrial-solutions/tightening-technology/,e6982f6e-6b3f-427b-b044-26789b1d9efa
https://www.boschrexroth.com/en/th/products/solutions-for-mobile-machines/gearboxes/,a50d5418-3037-4232-89bd-f78ed95e8326
https://www.boschrexroth.com/en/th/industries/energy-and-utilities/,9a0bc077-74d6-428d-8481-1ffccb4bb5cc
https://www.boschrexroth.com/en/th/industries/healthcare/,bf2427cc-883a-4bbd-bcb1-67bd56c97108
https://www.boschrexroth.com/en/th/industries/logistics-and-transport/,95b936c6-44fc-4527-9e4d-ac469fac69d2
https://www.boschrexroth.com/en/th/industries/chemical-processing/,bf70b606-eef4-46db-bc57-92153454d992
https://www.boschrexroth.com/en/th/industries/construction-and-infrastructure/,4b50d603-e82a-48d6-b032-df3d4ee01dff
https://www.boschrexroth.com/en/th/industries/consumer-goods/,7027d387-5bd8-477e-9b4e-dc63c8d99ca8
https://www.boschrexroth.com/en/th/industries/pharmaceutics/,705604f5-ccba-4398-9448-55bc19e2d2ab
https://www.boschrexroth.com/en/th/industries/hydrogen/,81ed63cc-1be2-4369-b140-c04fc14e0f46
https://www.boschrexroth.com/en/th/industries/renewable-energies/,7d53cef0-f2c2-40c2-840b-4849dce84868
https://www.boschrexroth.com/en/th/industries/recycling-and-waste-handling/,ebc8d045-7d5c-4b11-bbb0-0a1b99ce6fab
https://www.boschrexroth.com/en/th/industries/materials-and-resources/,ff9d3177-936d-4379-9458-0af0c0801ce9
https://www.boschrexroth.com/en/th/industries/semiconductors-and-electronics/,a0945e9a-4bc5-4f26-995f-2baa9803b243
https://www.boschrexroth.com/en/th/industries/testing-technology/,a31f93f3-0282-4ebf-9732-3994111ecea0
https://www.boschrexroth.com/en/th/service-and-support/service/,d639e7ad-4734-4e58-8fbd-2a7517ca87f6
https://www.boschrexroth.com/en/th/service-and-support/service/repairs/,87cd324c-7984-4c8d-80e5-d24f02a821cb
https://www.boschrexroth.com/en/th/service-and-support/,9281402d-5292-4fc7-9fc3-12057bac3fc8
https://www.boschrexroth.com/en/th/service-and-support/service/field-service/,18d0226b-4a2c-43bd-ba77-313291b3a927
https://www.boschrexroth.com/en/th/service-and-support/service/modernization/,7a4343a4-490e-404d-ab2d-31710552d7be
https://www.boschrexroth.com/en/th/service-and-support/service/spare-parts/,7a622719-6488-4d14-a30a-63a615bbe28b
https://www.boschrexroth.com/en/th/service-and-support/service/digital-portfolio/,5e6fda8b-a855-4e59-99a1-bbb188e00ced
https://www.boschrexroth.com/en/th/service-and-support/service/digital-service-assistant/,18528607-f5f1-48bc-950b-09a3ad627950
https://www.boschrexroth.com/en/th/service-and-support/econfigurators-and-tools/,7ff4a06a-ab8d-495c-adda-a516c9eaeb03
https://www.boschrexroth.com/en/th/service-and-support/econfigurators-and-tools/simster/,fa26b07a-c5a8-48de-b732-4a2c59fe7fe4
https://www.boschrexroth.com/en/th/service-and-support/econfigurators-and-tools/interactive-fluid-office-ifo/,ddf691a7-fba7-44e8-8e9f-064248765156
https://www.boschrexroth.com/en/th/service-and-support/econfigurators-and-tools/scheme-editor/,f7fd9c9f-9941-4abc-9b65-a9344cc0daa5
https://www.boschrexroth.com/en/th/service-and-support/virtual-engineering/,df0dcbc5-130d-4626-9c21-129033fc3b06
https://www.boschrexroth.com/en/th/service-and-support/hydraulic-fluids/,f980f332-69c7-4a79-a187-04610a8c51e6
https://www.boschrexroth.com/en/th/service-and-support/buy/,f446739c-3030-47a2-9230-101739e5faa7
https://www.boschrexroth.com/en/th/service-and-support/buy/certified-excellence/,6d75de1d-0193-4309-9ea1-d3fccad7ffed
https://www.boschrexroth.com/en/th/downloads/cad-files/,53a783c2-b3a9-4006-8e85-16034f294d8e
https://www.boschrexroth.com/en/th/downloads/data-sheets/,a4105050-ff0d-41a6-8f41-9f2b906fe807
https://www.boschrexroth.com/en/th/downloads/fact-sheets/,8f941842-4974-4ded-8c24-04fa5bda82aa
https://www.boschrexroth.com/en/th/downloads/manuals/,03b80760-de36-47de-bea8-9101c2fbd131
https://www.boschrexroth.com/en/th/academy/,194cadee-0e16-498d-8e97-b165dc63d207
https://www.boschrexroth.com/en/th/downloads/software/,3f9ab84d-8e1a-4bbd-bd33-0bccaecf0233
https://www.boschrexroth.com/en/th/academy/training/,af2447dd-f5fc-4b5b-9346-b90f48f30c6f
https://www.boschrexroth.com/en/th/academy/training-systems/,9c907e3c-e44c-4482-ab15-c65cab2d9075
https://www.boschrexroth.com/en/th/jobs-and-career/,e481217a-916b-4550-8f85-0af7fc603a6a
https://www.boschrexroth.com/en/th/academy/media/,00decaf7-d55d-4080-90e2-3271a4e2eb68
https://www.boschrexroth.com/en/th/jobs-and-career/job-opportunities/,adfe8f50-db65-409e-9fa8-2d47380e338e
https://www.boschrexroth.com/en/th/jobs-and-career/why-work-with-us/,3bf145eb-d435-4f16-9311-645d6dd300ec
https://www.boschrexroth.com/en/th/company/,17dfa2d0-8507-4502-974f-a6b96af190c9
https://www.boschrexroth.com/en/th/jobs-and-career/faq/,8b134238-2e42-490a-8753-e5ff1c891623
https://www.boschrexroth.com/en/th/company/figures/,4c8b434b-0c85-49f8-92a7-da6f08006586
https://www.boschrexroth.com/en/th/company/executive-board/,a965a595-29fa-4c5f-967e-73feae60b79d
https://www.boschrexroth.com/en/th/company/our-history/,d30a06d0-8ee7-4195-b45c-7f689cd1e4be
https://www.boschrexroth.com/en/th/company/digital-transformation/,f4db96a0-505d-495a-b5b5-a6dac4d9bb3b
https://www.boschrexroth.com/en/th/company/sustainability/,8b741f3e-df55-40eb-892a-d537f0ff07e7
https://www.boschrexroth.com/en/th/company/blog/,None
https://www.boschrexroth.com/en/th/downloads/,df195e25-1ff1-4730-ab20-044b94a5f067
https://www.boschrexroth.com/en/th/company/youdecide/,19969529-a390-4a98-a74d-8bd661523395
https://www.boschrexroth.com/en/th/company/trade-shows-and-events/,08616ca2-3aea-4c1e-bc15-abed73086b80
https://www.boschrexroth.com/en/tr/products/industrial-solutions/moulding-and-casting-technologies/,488629d3-a5d4-4b3c-aee6-35150a85d9ea
https://www.boschrexroth.com/en/tr/products/industrial-solutions/,074b9c9a-a014-44ef-bbde-1c41b21c6964
https://www.boschrexroth.com/en/tr/products/industrial-solutions/assembly-technology/,ddfb8ad9-ca6f-43a6-b209-9000595cd282
https://www.boschrexroth.com/en/tr/products/,98465ab1-5cc1-4e99-b91a-748d495e4713
https://www.boschrexroth.com/en/tr/products/industrial-solutions/industrial-hydraulics/,1be4e3d7-698c-4345-8f48-5c0c2cad201c
https://www.boschrexroth.com/en/tr/products/industrial-solutions/linear-motion-technology/,e10f4578-45db-4ef4-98b7-acf3c7b5fc9d
https://www.boschrexroth.com/en/tr/products/industrial-solutions/mobile-robotics/,250845bb-f01e-423a-b08c-baca3363dd46
https://www.boschrexroth.com/en/tr/products/industrial-solutions/hagglunds/,ae0d4661-ad50-4657-822a-71253576c9cf
https://www.boschrexroth.com/en/tr/products/industrial-solutions/kassow-robots/,89e1bccc-c2c2-4b43-8e37-4bbea4f256ab
https://www.boschrexroth.com/en/tr/products/solutions-for-mobile-machines/mobile-hydraulics/,e989aced-4c70-4391-9220-074ece3609bb
https://www.boschrexroth.com/en/tr/products/solutions-for-mobile-machines/mobile-electronics-and-telematics/,50f2fd04-b4fd-4e33-a8f5-015f22aa975e
https://www.boschrexroth.com/en/tr/products/solutions-for-mobile-machines/,48242c75-3e51-4651-84de-343b8c437371
https://www.boschrexroth.com/en/tr/products/solutions-for-mobile-machines/mobile-electric-drives/,42909484-d194-4cd4-be61-df9abe2a54ee
https://www.boschrexroth.com/en/tr/products/solutions-for-mobile-machines/mobile-automation/,2b652472-ea54-4723-abc6-4f70846f6dcd
https://www.boschrexroth.com/en/tr/industries/,1aba1cb2-36c8-4ee8-9180-2b284de03bf2
https://www.boschrexroth.com/en/tr/industries/battery-production/,a51cddf9-51d9-4191-b8de-2f0cb2a74879
https://www.boschrexroth.com/en/tr/industries/agriculture-and-forestry/,c335c830-7aee-489f-986e-55826cc786a3
https://www.boschrexroth.com/en/tr/industries/chemical-processing/,bf70b606-eef4-46db-bc57-92153454d992
https://www.boschrexroth.com/en/tr/industries/automotive/,8b7f8b4d-5a3e-46ec-bef7-ef87779c1b95
https://www.boschrexroth.com/en/tr/products/industrial-solutions/electric-drives-and-controls/,5668ccd8-0533-49bb-b54c-d83d0b875afc
https://www.boschrexroth.com/en/tr/products/industrial-solutions/tightening-technology/,e6982f6e-6b3f-427b-b044-26789b1d9efa
https://www.boschrexroth.com/en/tr/products/industrial-solutions/resistance-welding/,a4b36c53-e06c-4b7a-a6aa-031dc1eb051e
https://www.boschrexroth.com/en/tr/industries/consumer-goods/,7027d387-5bd8-477e-9b4e-dc63c8d99ca8
https://www.boschrexroth.com/en/tr/industries/energy-and-utilities/,9a0bc077-74d6-428d-8481-1ffccb4bb5cc
https://www.boschrexroth.com/en/tr/industries/construction-and-infrastructure/,4b50d603-e82a-48d6-b032-df3d4ee01dff
https://www.boschrexroth.com/en/tr/products/solutions-for-mobile-machines/gearboxes/,a50d5418-3037-4232-89bd-f78ed95e8326
https://www.boschrexroth.com/en/tr/industries/healthcare/,bf2427cc-883a-4bbd-bcb1-67bd56c97108
https://www.boschrexroth.com/en/tr/industries/materials-and-resources/,ff9d3177-936d-4379-9458-0af0c0801ce9
https://www.boschrexroth.com/en/tr/industries/pharmaceutics/,705604f5-ccba-4398-9448-55bc19e2d2ab
https://www.boschrexroth.com/en/tr/industries/logistics-and-transport/,95b936c6-44fc-4527-9e4d-ac469fac69d2
https://www.boschrexroth.com/en/tr/industries/hydrogen/,81ed63cc-1be2-4369-b140-c04fc14e0f46
https://www.boschrexroth.com/en/tr/industries/recycling-and-waste-handling/,ebc8d045-7d5c-4b11-bbb0-0a1b99ce6fab
https://www.boschrexroth.com/en/tr/industries/testing-technology/,a31f93f3-0282-4ebf-9732-3994111ecea0
https://www.boschrexroth.com/en/tr/industries/renewable-energies/,7d53cef0-f2c2-40c2-840b-4849dce84868
https://www.boschrexroth.com/en/tr/industries/semiconductors-and-electronics/,a0945e9a-4bc5-4f26-995f-2baa9803b243
https://www.boschrexroth.com/en/tr/service-and-support/,9281402d-5292-4fc7-9fc3-12057bac3fc8
https://www.boschrexroth.com/en/tr/service-and-support/service/,d639e7ad-4734-4e58-8fbd-2a7517ca87f6
https://www.boschrexroth.com/en/tr/service-and-support/service/spare-parts/,7a622719-6488-4d14-a30a-63a615bbe28b
https://www.boschrexroth.com/en/tr/service-and-support/service/field-service/,18d0226b-4a2c-43bd-ba77-313291b3a927
https://www.boschrexroth.com/en/tr/service-and-support/service/repairs/,87cd324c-7984-4c8d-80e5-d24f02a821cb
https://www.boschrexroth.com/en/tr/service-and-support/service/digital-service-assistant/,18528607-f5f1-48bc-950b-09a3ad627950
https://www.boschrexroth.com/en/tr/service-and-support/service/digital-portfolio/,5e6fda8b-a855-4e59-99a1-bbb188e00ced
https://www.boschrexroth.com/en/tr/service-and-support/econfigurators-and-tools/,7ff4a06a-ab8d-495c-adda-a516c9eaeb03
https://www.boschrexroth.com/en/tr/service-and-support/econfigurators-and-tools/interactive-fluid-office-ifo/,ddf691a7-fba7-44e8-8e9f-064248765156
https://www.boschrexroth.com/en/tr/service-and-support/econfigurators-and-tools/scheme-editor/,f7fd9c9f-9941-4abc-9b65-a9344cc0daa5
https://www.boschrexroth.com/en/tr/service-and-support/service/modernization/,7a4343a4-490e-404d-ab2d-31710552d7be
https://www.boschrexroth.com/en/tr/service-and-support/econfigurators-and-tools/simster/,fa26b07a-c5a8-48de-b732-4a2c59fe7fe4
https://www.boschrexroth.com/en/tr/service-and-support/virtual-engineering/,df0dcbc5-130d-4626-9c21-129033fc3b06
https://www.boschrexroth.com/en/tr/service-and-support/buy/,f446739c-3030-47a2-9230-101739e5faa7
https://www.boschrexroth.com/en/tr/service-and-support/buy/rexroth-store/,34ee1645-140f-4239-8237-7e8524cb6d53
https://www.boschrexroth.com/en/tr/service-and-support/buy/certified-excellence/,6d75de1d-0193-4309-9ea1-d3fccad7ffed
https://www.boschrexroth.com/en/tr/service-and-support/buy/edi-electronic-data-interchange/,None
https://www.boschrexroth.com/en/tr/downloads/manuals/,03b80760-de36-47de-bea8-9101c2fbd131
https://www.boschrexroth.com/en/tr/downloads/cad-files/,53a783c2-b3a9-4006-8e85-16034f294d8e
https://www.boschrexroth.com/en/tr/downloads/data-sheets/,a4105050-ff0d-41a6-8f41-9f2b906fe807
https://www.boschrexroth.com/en/tr/downloads/fact-sheets/,8f941842-4974-4ded-8c24-04fa5bda82aa
https://www.boschrexroth.com/en/tr/downloads/software/,3f9ab84d-8e1a-4bbd-bd33-0bccaecf0233
https://www.boschrexroth.com/en/tr/jobs-and-career/,e481217a-916b-4550-8f85-0af7fc603a6a
https://www.boschrexroth.com/en/tr/academy/,194cadee-0e16-498d-8e97-b165dc63d207
https://www.boschrexroth.com/en/tr/academy/training-systems/,9c907e3c-e44c-4482-ab15-c65cab2d9075
https://www.boschrexroth.com/en/tr/academy/training/,af2447dd-f5fc-4b5b-9346-b90f48f30c6f
https://www.boschrexroth.com/en/tr/academy/media/,00decaf7-d55d-4080-90e2-3271a4e2eb68
https://www.boschrexroth.com/en/tr/jobs-and-career/why-work-with-us/,3bf145eb-d435-4f16-9311-645d6dd300ec
https://www.boschrexroth.com/en/tr/company/executive-board/,a965a595-29fa-4c5f-967e-73feae60b79d
https://www.boschrexroth.com/en/tr/company/our-history/,d30a06d0-8ee7-4195-b45c-7f689cd1e4be
https://www.boschrexroth.com/en/tr/company/,17dfa2d0-8507-4502-974f-a6b96af190c9
https://www.boschrexroth.com/en/tr/company/figures/,4c8b434b-0c85-49f8-92a7-da6f08006586
https://www.boschrexroth.com/en/tr/jobs-and-career/faq/,8b134238-2e42-490a-8753-e5ff1c891623
https://www.boschrexroth.com/en/tr/company/blog/,None
https://www.boschrexroth.com/en/tr/jobs-and-career/job-opportunities/,adfe8f50-db65-409e-9fa8-2d47380e338e
https://www.boschrexroth.com/en/tr/downloads/,df195e25-1ff1-4730-ab20-044b94a5f067
https://www.boschrexroth.com/en/tr/company/sustainability/,8b741f3e-df55-40eb-892a-d537f0ff07e7
https://www.boschrexroth.com/en/tr/service-and-support/hydraulic-fluids/,f980f332-69c7-4a79-a187-04610a8c51e6
https://www.boschrexroth.com/en/tr/company/digital-transformation/,f4db96a0-505d-495a-b5b5-a6dac4d9bb3b
https://www.boschrexroth.com/en/tr/company/youdecide/,19969529-a390-4a98-a74d-8bd661523395
https://www.boschrexroth.com/en/gb/products/,98465ab1-5cc1-4e99-b91a-748d495e4713
https://www.boschrexroth.com/en/tr/company/trade-shows-and-events/,08616ca2-3aea-4c1e-bc15-abed73086b80
https://www.boschrexroth.com/en/gb/products/industrial-solutions/,074b9c9a-a014-44ef-bbde-1c41b21c6964
https://www.boschrexroth.com/en/gb/products/industrial-solutions/assembly-technology/,ddfb8ad9-ca6f-43a6-b209-9000595cd282
https://www.boschrexroth.com/en/gb/products/industrial-solutions/kassow-robots/,89e1bccc-c2c2-4b43-8e37-4bbea4f256ab
https://www.boschrexroth.com/en/gb/products/industrial-solutions/industrial-hydraulics/,1be4e3d7-698c-4345-8f48-5c0c2cad201c
https://www.boschrexroth.com/en/gb/products/industrial-solutions/linear-motion-technology/,e10f4578-45db-4ef4-98b7-acf3c7b5fc9d
https://www.boschrexroth.com/en/gb/products/industrial-solutions/moulding-and-casting-technologies/,488629d3-a5d4-4b3c-aee6-35150a85d9ea
https://www.boschrexroth.com/en/gb/products/industrial-solutions/mobile-robotics/,250845bb-f01e-423a-b08c-baca3363dd46
https://www.boschrexroth.com/en/gb/products/solutions-for-mobile-machines/,48242c75-3e51-4651-84de-343b8c437371
https://www.boschrexroth.com/en/gb/products/solutions-for-mobile-machines/mobile-hydraulics/,e989aced-4c70-4391-9220-074ece3609bb
https://www.boschrexroth.com/en/gb/products/solutions-for-mobile-machines/mobile-electronics-and-telematics/,50f2fd04-b4fd-4e33-a8f5-015f22aa975e
https://www.boschrexroth.com/en/gb/products/solutions-for-mobile-machines/mobile-electric-drives/,42909484-d194-4cd4-be61-df9abe2a54ee
https://www.boschrexroth.com/en/gb/products/solutions-for-mobile-machines/mobile-automation/,2b652472-ea54-4723-abc6-4f70846f6dcd
https://www.boschrexroth.com/en/gb/products/industrial-solutions/electric-drives-and-controls/,5668ccd8-0533-49bb-b54c-d83d0b875afc
https://www.boschrexroth.com/en/gb/industries/,1aba1cb2-36c8-4ee8-9180-2b284de03bf2
https://www.boschrexroth.com/en/gb/products/industrial-solutions/resistance-welding/,a4b36c53-e06c-4b7a-a6aa-031dc1eb051e
https://www.boschrexroth.com/en/gb/products/industrial-solutions/tightening-technology/,e6982f6e-6b3f-427b-b044-26789b1d9efa
https://www.boschrexroth.com/en/gb/industries/automotive/,8b7f8b4d-5a3e-46ec-bef7-ef87779c1b95
https://www.boschrexroth.com/en/gb/industries/energy-and-utilities/,9a0bc077-74d6-428d-8481-1ffccb4bb5cc
https://www.boschrexroth.com/en/gb/industries/chemical-processing/,bf70b606-eef4-46db-bc57-92153454d992
https://www.boschrexroth.com/en/gb/industries/hydrogen/,81ed63cc-1be2-4369-b140-c04fc14e0f46
https://www.boschrexroth.com/en/gb/industries/construction-and-infrastructure/,4b50d603-e82a-48d6-b032-df3d4ee01dff
https://www.boschrexroth.com/en/gb/industries/consumer-goods/,7027d387-5bd8-477e-9b4e-dc63c8d99ca8
https://www.boschrexroth.com/en/gb/industries/healthcare/,bf2427cc-883a-4bbd-bcb1-67bd56c97108
https://www.boschrexroth.com/en/gb/industries/logistics-and-transport/,95b936c6-44fc-4527-9e4d-ac469fac69d2
https://www.boschrexroth.com/en/gb/industries/battery-production/,a51cddf9-51d9-4191-b8de-2f0cb2a74879
https://www.boschrexroth.com/en/gb/industries/agriculture-and-forestry/,c335c830-7aee-489f-986e-55826cc786a3
https://www.boschrexroth.com/en/gb/products/solutions-for-mobile-machines/gearboxes/,a50d5418-3037-4232-89bd-f78ed95e8326
https://www.boschrexroth.com/en/gb/industries/materials-and-resources/,ff9d3177-936d-4379-9458-0af0c0801ce9
https://www.boschrexroth.com/en/gb/products/industrial-solutions/hagglunds/,ae0d4661-ad50-4657-822a-71253576c9cf
https://www.boschrexroth.com/en/gb/industries/pharmaceutics/,705604f5-ccba-4398-9448-55bc19e2d2ab
https://www.boschrexroth.com/en/gb/industries/recycling-and-waste-handling/,ebc8d045-7d5c-4b11-bbb0-0a1b99ce6fab
https://www.boschrexroth.com/en/gb/industries/renewable-energies/,7d53cef0-f2c2-40c2-840b-4849dce84868
https://www.boschrexroth.com/en/gb/industries/semiconductors-and-electronics/,a0945e9a-4bc5-4f26-995f-2baa9803b243
https://www.boschrexroth.com/en/gb/industries/testing-technology/,a31f93f3-0282-4ebf-9732-3994111ecea0
https://www.boschrexroth.com/en/gb/service-and-support/,9281402d-5292-4fc7-9fc3-12057bac3fc8
https://www.boschrexroth.com/en/gb/service-and-support/service/,d639e7ad-4734-4e58-8fbd-2a7517ca87f6
https://www.boschrexroth.com/en/gb/service-and-support/service/spare-parts/,7a622719-6488-4d14-a30a-63a615bbe28b
https://www.boschrexroth.com/en/gb/service-and-support/service/field-service/,18d0226b-4a2c-43bd-ba77-313291b3a927
https://www.boschrexroth.com/en/gb/service-and-support/service/repairs/,87cd324c-7984-4c8d-80e5-d24f02a821cb
https://www.boschrexroth.com/en/gb/service-and-support/service/modernization/,7a4343a4-490e-404d-ab2d-31710552d7be
https://www.boschrexroth.com/en/gb/service-and-support/service/digital-portfolio/,5e6fda8b-a855-4e59-99a1-bbb188e00ced
https://www.boschrexroth.com/en/gb/service-and-support/econfigurators-and-tools/,7ff4a06a-ab8d-495c-adda-a516c9eaeb03
https://www.boschrexroth.com/en/gb/service-and-support/service/digital-service-assistant/,18528607-f5f1-48bc-950b-09a3ad627950
https://www.boschrexroth.com/en/gb/service-and-support/econfigurators-and-tools/simster/,fa26b07a-c5a8-48de-b732-4a2c59fe7fe4
https://www.boschrexroth.com/en/gb/service-and-support/econfigurators-and-tools/scheme-editor/,f7fd9c9f-9941-4abc-9b65-a9344cc0daa5
https://www.boschrexroth.com/en/gb/service-and-support/econfigurators-and-tools/interactive-fluid-office-ifo/,ddf691a7-fba7-44e8-8e9f-064248765156
https://www.boschrexroth.com/en/gb/service-and-support/virtual-engineering/,df0dcbc5-130d-4626-9c21-129033fc3b06
https://www.boschrexroth.com/en/gb/service-and-support/buy/certified-excellence/,6d75de1d-0193-4309-9ea1-d3fccad7ffed
https://www.boschrexroth.com/en/gb/service-and-support/buy/,f446739c-3030-47a2-9230-101739e5faa7
https://www.boschrexroth.com/en/gb/service-and-support/buy/rexroth-store/,34ee1645-140f-4239-8237-7e8524cb6d53
https://www.boschrexroth.com/en/gb/downloads/software/,3f9ab84d-8e1a-4bbd-bd33-0bccaecf0233
https://www.boschrexroth.com/en/gb/downloads/data-sheets/,a4105050-ff0d-41a6-8f41-9f2b906fe807
https://www.boschrexroth.com/en/gb/downloads/manuals/,03b80760-de36-47de-bea8-9101c2fbd131
https://www.boschrexroth.com/en/gb/academy/,194cadee-0e16-498d-8e97-b165dc63d207
https://www.boschrexroth.com/en/gb/downloads/cad-files/,53a783c2-b3a9-4006-8e85-16034f294d8e
https://www.boschrexroth.com/en/gb/academy/training/,af2447dd-f5fc-4b5b-9346-b90f48f30c6f
https://www.boschrexroth.com/en/gb/downloads/fact-sheets/,8f941842-4974-4ded-8c24-04fa5bda82aa
https://www.boschrexroth.com/en/gb/jobs-and-career/,e481217a-916b-4550-8f85-0af7fc603a6a
https://www.boschrexroth.com/en/gb/jobs-and-career/job-opportunities/,adfe8f50-db65-409e-9fa8-2d47380e338e
https://www.boschrexroth.com/en/gb/academy/media/,00decaf7-d55d-4080-90e2-3271a4e2eb68
https://www.boschrexroth.com/en/gb/jobs-and-career/faq/,8b134238-2e42-490a-8753-e5ff1c891623
https://www.boschrexroth.com/en/gb/jobs-and-career/why-work-with-us/,3bf145eb-d435-4f16-9311-645d6dd300ec
https://www.boschrexroth.com/en/gb/company/,17dfa2d0-8507-4502-974f-a6b96af190c9
https://www.boschrexroth.com/en/gb/academy/training-systems/,9c907e3c-e44c-4482-ab15-c65cab2d9075
https://www.boschrexroth.com/en/gb/company/figures/,4c8b434b-0c85-49f8-92a7-da6f08006586
https://www.boschrexroth.com/en/gb/company/executive-board/,a965a595-29fa-4c5f-967e-73feae60b79d
https://www.boschrexroth.com/en/gb/company/blog/,None
https://www.boschrexroth.com/en/gb/company/sustainability/,8b741f3e-df55-40eb-892a-d537f0ff07e7
https://www.boschrexroth.com/en/gb/company/our-history/,d30a06d0-8ee7-4195-b45c-7f689cd1e4be
https://www.boschrexroth.com/en/gb/company/digital-transformation/,f4db96a0-505d-495a-b5b5-a6dac4d9bb3b
https://www.boschrexroth.com/en/gb/company/youdecide/,19969529-a390-4a98-a74d-8bd661523395
https://www.boschrexroth.com/vi/vn/products/,98465ab1-5cc1-4e99-b91a-748d495e4713
https://www.boschrexroth.com/vi/vn/products/product-groups/,074b9c9a-a014-44ef-bbde-1c41b21c6964
https://www.boschrexroth.com/en/gb/company/trade-shows-and-events/,08616ca2-3aea-4c1e-bc15-abed73086b80
https://www.boschrexroth.com/vi/vn/products/product-groups/assembly-technology/,ddfb8ad9-ca6f-43a6-b209-9000595cd282
https://www.boschrexroth.com/en/gb/downloads/,df195e25-1ff1-4730-ab20-044b94a5f067
https://www.boschrexroth.com/en/gb/service-and-support/hydraulic-fluids/,f980f332-69c7-4a79-a187-04610a8c51e6
https://www.boschrexroth.com/vi/vn/products/product-groups/industrial-hydraulics/,1be4e3d7-698c-4345-8f48-5c0c2cad201c
https://www.boschrexroth.com/vi/vn/products/product-groups/mobile-hydraulics-and-electronics/,48242c75-3e51-4651-84de-343b8c437371
https://www.boschrexroth.com/vi/vn/products/product-groups/moulding-and-casting-technologies/,488629d3-a5d4-4b3c-aee6-35150a85d9ea
https://www.boschrexroth.com/vi/vn/products/product-groups/mobile-robotics/,250845bb-f01e-423a-b08c-baca3363dd46
https://www.boschrexroth.com/vi/vn/products/product-groups/hagglunds/,ae0d4661-ad50-4657-822a-71253576c9cf
https://www.boschrexroth.com/vi/vn/products/product-groups/linear-motion-technology/,e10f4578-45db-4ef4-98b7-acf3c7b5fc9d
https://www.boschrexroth.com/vi/vn/products/engineering/,b93c0c9c-d94e-4e93-b2af-419c0c64e778
https://www.boschrexroth.com/vi/vn/products/engineering/virtual-engineering/,df0dcbc5-130d-4626-9c21-129033fc3b06
https://www.boschrexroth.com/vi/vn/products/product-groups/kassow-robots/,89e1bccc-c2c2-4b43-8e37-4bbea4f256ab
https://www.boschrexroth.com/vi/vn/industries/,1aba1cb2-36c8-4ee8-9180-2b284de03bf2
https://www.boschrexroth.com/vi/vn/products/econfigurators-and-tools/simster/,fa26b07a-c5a8-48de-b732-4a2c59fe7fe4
https://www.boschrexroth.com/vi/vn/products/econfigurators-and-tools/interactive-fluid-office-ifo/,ddf691a7-fba7-44e8-8e9f-064248765156
https://www.boschrexroth.com/vi/vn/products/econfigurators-and-tools/scheme-editor/,f7fd9c9f-9941-4abc-9b65-a9344cc0daa5
https://www.boschrexroth.com/vi/vn/products/engineering/hydraulic-fluids/,f980f332-69c7-4a79-a187-04610a8c51e6
https://www.boschrexroth.com/vi/vn/products/econfigurators-and-tools/,7ff4a06a-ab8d-495c-adda-a516c9eaeb03
https://www.boschrexroth.com/vi/vn/industries/agriculture-and-forestry/,c335c830-7aee-489f-986e-55826cc786a3
https://www.boschrexroth.com/vi/vn/products/product-groups/electric-drives-and-controls/,5668ccd8-0533-49bb-b54c-d83d0b875afc
https://www.boschrexroth.com/vi/vn/industries/automotive/,8b7f8b4d-5a3e-46ec-bef7-ef87779c1b95
https://www.boschrexroth.com/vi/vn/industries/battery-production/,a51cddf9-51d9-4191-b8de-2f0cb2a74879
https://www.boschrexroth.com/vi/vn/products/product-groups/gear-technology/,a50d5418-3037-4232-89bd-f78ed95e8326
https://www.boschrexroth.com/vi/vn/industries/chemical-processing/,bf70b606-eef4-46db-bc57-92153454d992
https://www.boschrexroth.com/vi/vn/industries/construction-and-infrastructure/,4b50d603-e82a-48d6-b032-df3d4ee01dff
https://www.boschrexroth.com/vi/vn/industries/consumer-goods/,7027d387-5bd8-477e-9b4e-dc63c8d99ca8
https://www.boschrexroth.com/vi/vn/industries/energy-and-utilities/,9a0bc077-74d6-428d-8481-1ffccb4bb5cc
https://www.boschrexroth.com/vi/vn/products/product-groups/tightening-technology/,e6982f6e-6b3f-427b-b044-26789b1d9efa
https://www.boschrexroth.com/vi/vn/products/product-groups/resistance-welding/,a4b36c53-e06c-4b7a-a6aa-031dc1eb051e
https://www.boschrexroth.com/vi/vn/industries/hydrogen/,81ed63cc-1be2-4369-b140-c04fc14e0f46
https://www.boschrexroth.com/vi/vn/industries/healthcare/,bf2427cc-883a-4bbd-bcb1-67bd56c97108
https://www.boschrexroth.com/vi/vn/industries/logistics-and-transport/,95b936c6-44fc-4527-9e4d-ac469fac69d2
https://www.boschrexroth.com/vi/vn/industries/materials-and-resources/,ff9d3177-936d-4379-9458-0af0c0801ce9
https://www.boschrexroth.com/vi/vn/industries/pharmaceutics/,705604f5-ccba-4398-9448-55bc19e2d2ab
https://www.boschrexroth.com/vi/vn/industries/recycling-and-waste-handling/,ebc8d045-7d5c-4b11-bbb0-0a1b99ce6fab
https://www.boschrexroth.com/vi/vn/industries/renewable-energies/,7d53cef0-f2c2-40c2-840b-4849dce84868
https://www.boschrexroth.com/vi/vn/industries/semiconductors-and-electronics/,a0945e9a-4bc5-4f26-995f-2baa9803b243
https://www.boschrexroth.com/vi/vn/industries/testing-technology/,a31f93f3-0282-4ebf-9732-3994111ecea0
https://www.boschrexroth.com/vi/vn/service/,d639e7ad-4734-4e58-8fbd-2a7517ca87f6
https://www.boschrexroth.com/vi/vn/service/spare-parts/,7a622719-6488-4d14-a30a-63a615bbe28b
https://www.boschrexroth.com/vi/vn/service/repairs/,87cd324c-7984-4c8d-80e5-d24f02a821cb
https://www.boschrexroth.com/vi/vn/service/field-service/,18d0226b-4a2c-43bd-ba77-313291b3a927
https://www.boschrexroth.com/vi/vn/service/modernization/,7a4343a4-490e-404d-ab2d-31710552d7be
https://www.boschrexroth.com/vi/vn/service/digital-portfolio/,5e6fda8b-a855-4e59-99a1-bbb188e00ced
https://www.boschrexroth.com/vi/vn/service/digital-service-assistant/,18528607-f5f1-48bc-950b-09a3ad627950
https://www.boschrexroth.com/vi/vn/downloads/cad-files/,53a783c2-b3a9-4006-8e85-16034f294d8e
https://www.boschrexroth.com/vi/vn/downloads/manuals/,03b80760-de36-47de-bea8-9101c2fbd131
https://www.boschrexroth.com/vi/vn/downloads/data-sheets/,a4105050-ff0d-41a6-8f41-9f2b906fe807
https://www.boschrexroth.com/vi/vn/downloads/software/,3f9ab84d-8e1a-4bbd-bd33-0bccaecf0233
https://www.boschrexroth.com/vi/vn/downloads/fact-sheets/,8f941842-4974-4ded-8c24-04fa5bda82aa
https://www.boschrexroth.com/vi/vn/academy/,194cadee-0e16-498d-8e97-b165dc63d207
https://www.boschrexroth.com/vi/vn/academy/training/,af2447dd-f5fc-4b5b-9346-b90f48f30c6f
https://www.boschrexroth.com/vi/vn/academy/training-systems/,9c907e3c-e44c-4482-ab15-c65cab2d9075
https://www.boschrexroth.com/vi/vn/academy/media/,00decaf7-d55d-4080-90e2-3271a4e2eb68
https://www.boschrexroth.com/vi/vn/buy/,f446739c-3030-47a2-9230-101739e5faa7
https://www.boschrexroth.com/vi/vn/buy/certified-excellence/,6d75de1d-0193-4309-9ea1-d3fccad7ffed
https://www.boschrexroth.com/vi/vn/jobs-and-career/,e481217a-916b-4550-8f85-0af7fc603a6a
https://www.boschrexroth.com/vi/vn/buy/certified-excellence/apply-as-ce-partner/,00f9f5ff-0eeb-4823-a3ca-e503b263b51e
https://www.boschrexroth.com/vi/vn/jobs-and-career/why-work-with-us/,3bf145eb-d435-4f16-9311-645d6dd300ec
https://www.boschrexroth.com/vi/vn/company/,17dfa2d0-8507-4502-974f-a6b96af190c9
https://www.boschrexroth.com/vi/vn/jobs-and-career/faq/,8b134238-2e42-490a-8753-e5ff1c891623
https://www.boschrexroth.com/vi/vn/company/we-move-you-win/,17647e34-8348-4228-ae45-fccdd323133d
https://www.boschrexroth.com/vi/vn/company/figures/,4c8b434b-0c85-49f8-92a7-da6f08006586
https://www.boschrexroth.com/vi/vn/company/our-history/,d30a06d0-8ee7-4195-b45c-7f689cd1e4be
https://www.boschrexroth.com/vi/vn/company/executive-board/,a965a595-29fa-4c5f-967e-73feae60b79d
https://www.boschrexroth.com/vi/vn/downloads/,df195e25-1ff1-4730-ab20-044b94a5f067
https://www.boschrexroth.com/vi/vn/company/blog/,None
https://www.boschrexroth.com/vi/vn/company/youdecide/,19969529-a390-4a98-a74d-8bd661523395
https://www.boschrexroth.com/vi/vn/company/acquisitions/,39738dc6-859d-47bf-bbb3-65111f51d2c2
https://www.boschrexroth.com/vi/vn/company/sustainability/,8b741f3e-df55-40eb-892a-d537f0ff07e7
https://www.boschrexroth.com/vi/vn/company/acquisitions/kassow-robots/,bef23a8d-f98e-43b5-9231-790f90780e19
https://www.boschrexroth.com/vi/vn/company/digital-transformation/,f4db96a0-505d-495a-b5b5-a6dac4d9bb3b
https://www.boschrexroth.com/vi/vn/company/trade-shows-and-events/,08616ca2-3aea-4c1e-bc15-abed73086b80
https://www.boschrexroth.com/vi/vn/jobs-and-career/job-opportunities/,adfe8f50-db65-409e-9fa8-2d47380e338e
