URL,Global-ID
https://www.boschrexroth.com/en/dc/blog/,None
https://www.boschrexroth.com/es/ar/blog/bolas-transportadoras-campeones-ocultos/,18566b20-7921-4a1a-907d-f0e911a9a8f0
https://www.boschrexroth.com/es/ar/blog/sistemas-de-transmision-a-toda-velocidad/,e30e7366-d0a3-49d7-be6f-abe1f01e063d
https://www.boschrexroth.com/es/ar/blog/como-los-actuadores-autonomos-optimizan-las-maquinas-y-los-sistemas/,ed141598-7c89-4ef4-a1dd-0c6e4e04917c
https://www.boschrexroth.com/es/ar/blog/organizacion-de-flotas-de-robots-mixtos/,1835f8c7-560f-4a0e-913f-a782dd48c2e2
https://www.boschrexroth.com/es/ar/blog/agvs-con-la-maxima-potencia/,5bdee65a-302f-4716-af26-47479a5e9371
https://www.boschrexroth.com/es/ar/blog/automatizacion-de-la-tecnologia-de-movimiento-lineal/,ee98a23e-0a89-4cf3-8aec-13ce765cc1b6
https://www.boschrexroth.com/es/ar/blog/paneles-de-mando-todoterreno/,914b376b-59e2-40b9-83ee-fa17c5224009
https://www.boschrexroth.com/es/ar/blog/un-sistema-de-prensa-universal-economica/,dfd073f1-7634-4dc9-b4a9-a2e08d59dae6
https://www.boschrexroth.com/es/ar/blog/el-smart-flex-effector-gana-varios-premios/,ea38bba3-f660-4e52-bc4e-9b1f57dd32fd
https://www.boschrexroth.com/es/ar/blog/solucion-de-software-de-operaciones-digitales-para-ducati/,fa984e6f-c329-4838-bc98-c1aaab3e6a4e
https://www.boschrexroth.com/es/ar/blog/prensa-servoaccionada-sensata/,9bda26ce-621e-486a-9b44-276e0f15aa9c
https://www.boschrexroth.com/es/ar/blog/suministro-de-presion-inteligente-en-la-produccion-de-bujias/,4d5f862c-97ef-4457-b88a-15a7e22e4f46
https://www.boschrexroth.com/es/ar/blog/prensa-servoaccionada-inteligente-selmec/,4793b830-0336-4647-bdeb-6f6720967007
https://www.boschrexroth.com/es/ar/blog/elion-la-forma-mas-potente/,8fcff9b0-5fb4-40de-b79b-be750f7dc849
https://www.boschrexroth.com/es/ar/blog/hyundai-avanza-con-firmeza-junto-a-bosch-rexroth/,f5157bdd-8e84-4615-8a05-9aa190cba8f3
https://www.boschrexroth.com/es/ar/blog/analisis-predictivos-en-la-industria-del-reciclaje/,fc72fd6e-ed53-48bf-8a5b-a611b6f3487b
https://www.boschrexroth.com/es/ar/blog/gemelos-conectados-para-un-valor-anadido-digital/,ce589ae3-1865-424b-b396-49be5df130c2
https://www.boschrexroth.com/es/ar/blog/cilindros-electromecanicos-para-la-fabrica-del-futuro/,28d57f3f-f8f8-4b86-a9de-21dcfa50f7a5
https://www.boschrexroth.com/es/ar/blog/sampierana-sigue-adelante-con-rexroth-eoc/,f56965fe-51a6-4844-9456-9925ccbc2ea1
https://www.boschrexroth.com/es/ar/blog/larga-vida-al-control-de-soldadura-del-futuro/,f9e03db5-aaa8-473d-8c28-76bada2c5f2e
https://www.boschrexroth.com/es/ar/blog/descubra-las-iniciativas-de-ahorro-energetico/,fb90024e-fd9a-4738-8b23-d56de2f0d354
https://www.boschrexroth.com/es/ar/blog/hablar-el-lenguaje-de-la-industria-4-0/,0c8cf25a-f649-490c-9329-bcbd8bcba68b
https://www.boschrexroth.com/es/ar/blog/reduccion-automatica-de-las-salpicaduras/,12cfdc9a-5dfc-4f46-8bad-c0df4e8bb013
https://www.boschrexroth.com/es/ar/blog/prensado-y-union-inteligentes/,d5dcc128-cd36-4616-ad7d-613d0b474376
https://www.boschrexroth.com/es/ar/blog/prensa-servoaccionada-con-un-subsistema-inteligente/,1f52bdf9-a014-4ae3-bd4c-6e7c6f56e3b7
https://www.boschrexroth.com/es/ar/blog/alltrec-y-la-solucion-telematica-de-bosch-rexroth/,72b85c52-a0cd-4acc-b084-8d083ce51003
https://www.boschrexroth.com/es/ar/blog/soldaduras-para-todos-conocimiento-y-habilidades-combinados/,026fd0cb-fdf8-4772-bd26-574b011c9450
https://www.boschrexroth.com/es/ar/blog/rimas-smart-function-kit-pressing/,f4cdf6df-dadb-491b-8959-cabd40215f79
https://www.boschrexroth.com/es/ar/blog/remanufactura-darle-una-segunda-vida-a-los-accionamientos-electricos/,4326eab2-3347-4bd2-88d0-16be3013d59a
https://www.boschrexroth.com/es/ar/blog/el-valor-de-los-servicios-de-soldadura/,1987ec8b-a3c0-4927-bba7-23296420e8d6
https://www.boschrexroth.com/es/ar/blog/lang-fresado-de-alta-precision-automatizacion-sencilla/,fc3cd142-bded-4ca1-9301-1e040a31cefb
https://www.boschrexroth.com/es/ar/blog/manejo-sencillo-de-piezas-pequenas/,1ef62b94-7818-4ff4-91ee-12670c309f55
https://www.boschrexroth.com/es/ar/blog/transferencia-de-datos-telematicos-a-la-nube/,8c23713b-8093-45a1-8dd1-304796288f62
https://www.boschrexroth.com/es/ar/blog/qmatec-off-highway-telematics/,c6ddf6b7-d8b7-42c6-93d4-6ac3c712bff4
https://www.boschrexroth.com/es/ar/blog/telematica-hyler/,6f9a754d-962a-486b-82b4-38fee520c5e6
https://www.boschrexroth.com/es/ar/blog/cinco-puntos-para-una-recopilacion-satisfactoria-de-datos/,5e2ac0d3-b51f-4f78-80be-068b443b4329
https://www.boschrexroth.com/en/au/blog/pixie-ice-cream-success-story/,None
https://www.boschrexroth.com/en/au/blog/rimas-smart-function-kit-pressing/,f4cdf6df-dadb-491b-8959-cabd40215f79
https://www.boschrexroth.com/en/au/blog/cms-underground-construction/,None
https://www.boschrexroth.com/en/au/blog/ducati-digital-operations-software-solution/,fa984e6f-c329-4838-bc98-c1aaab3e6a4e
https://www.boschrexroth.com/en/au/blog/linear-motion-technology-automation/,ee98a23e-0a89-4cf3-8aec-13ce765cc1b6
https://www.boschrexroth.com/en/au/blog/remanufacturing-giving-electric-drives-a-second-life/,4326eab2-3347-4bd2-88d0-16be3013d59a
https://www.boschrexroth.com/en/au/blog/smart-pressure-supply-in-spark-plug-production/,4d5f862c-97ef-4457-b88a-15a7e22e4f46
https://www.boschrexroth.com/en/au/blog/a-system-for-an-economical-universal-press/,dfd073f1-7634-4dc9-b4a9-a2e08d59dae6
https://www.boschrexroth.com/en/au/blog/orchestration-of-mixed-robot-fleets/,1835f8c7-560f-4a0e-913f-a782dd48c2e2
https://www.boschrexroth.com/en/au/blog/transfer-systems-on-the-fast-track/,e30e7366-d0a3-49d7-be6f-abe1f01e063d
https://www.boschrexroth.com/en/au/blog/welding-for-all-knowledge-and-skills-combined/,026fd0cb-fdf8-4772-bd26-574b011c9450
https://www.boschrexroth.com/en/au/blog/full-power-for-agvs/,5bdee65a-302f-4716-af26-47479a5e9371
https://www.boschrexroth.com/en/au/blog/anti-counterfeit-campaign-2023/,None
https://www.boschrexroth.com/en/au/blog/lang-high-precision-milling-simple-automation/,fc3cd142-bded-4ca1-9301-1e040a31cefb
https://www.boschrexroth.com/en/au/blog/speaking-the-language-of-industry-4-0/,0c8cf25a-f649-490c-9329-bcbd8bcba68b
https://www.boschrexroth.com/en/au/blog/ball-transfer-units-hidden-champions/,18566b20-7921-4a1a-907d-f0e911a9a8f0
https://www.boschrexroth.com/en/au/blog/sampierana-moves-ahead-with-rexroth-eoc/,f56965fe-51a6-4844-9456-9925ccbc2ea1
https://www.boschrexroth.com/en/au/blog/how-self-contained-actuators-optimize-machines-and-systems/,ed141598-7c89-4ef4-a1dd-0c6e4e04917c
https://www.boschrexroth.com/en/au/blog/servo-press-with-an-intelligent-subsystem/,1f52bdf9-a014-4ae3-bd4c-6e7c6f56e3b7
https://www.boschrexroth.com/en/au/blog/manildra-sugar-success-story/,None
https://www.boschrexroth.com/en/au/blog/electromechanical-cylinders-for-the-factory-of-the-future/,28d57f3f-f8f8-4b86-a9de-21dcfa50f7a5
https://www.boschrexroth.com/en/au/blog/off-highway-dashboards/,914b376b-59e2-40b9-83ee-fa17c5224009
https://www.boschrexroth.com/en/au/blog/connected-twins-for-digital-added-value/,ce589ae3-1865-424b-b396-49be5df130c2
https://www.boschrexroth.com/en/au/blog/predictive-analytics-in-the-recycling-industry/,fc72fd6e-ed53-48bf-8a5b-a611b6f3487b
https://www.boschrexroth.com/en/au/blog/sensata-servo-press/,9bda26ce-621e-486a-9b44-276e0f15aa9c
https://www.boschrexroth.com/en/au/blog/automated-spatter-reduction/,12cfdc9a-5dfc-4f46-8bad-c0df4e8bb013
https://www.boschrexroth.com/en/au/blog/smart-flex-effector-wins-multiple-awards/,ea38bba3-f660-4e52-bc4e-9b1f57dd32fd
https://www.boschrexroth.com/en/au/blog/alltrec-with-telematics-solution-from-bosch-rexroth/,72b85c52-a0cd-4acc-b084-8d083ce51003
https://www.boschrexroth.com/en/au/blog/long-live-the-welding-control-of-the-future/,f9e03db5-aaa8-473d-8c28-76bada2c5f2e
https://www.boschrexroth.com/en/au/blog/the-value-of-welding-services/,1987ec8b-a3c0-4927-bba7-23296420e8d6
https://www.boschrexroth.com/en/au/blog/smart-pressing-and-joining/,d5dcc128-cd36-4616-ad7d-613d0b474376
https://www.boschrexroth.com/en/au/blog/hyundai-drives-ahead-with-bosch-rexroth/,f5157bdd-8e84-4615-8a05-9aa190cba8f3
https://www.boschrexroth.com/en/au/blog/selmec-smart-servo-press/,4793b830-0336-4647-bdeb-6f6720967007
https://www.boschrexroth.com/en/au/blog/elion-the-powerful-way/,8fcff9b0-5fb4-40de-b79b-be750f7dc849
https://www.boschrexroth.com/en/au/blog/handling-small-parts-the-easy-way/,1ef62b94-7818-4ff4-91ee-12670c309f55
https://www.boschrexroth.com/en/au/blog/qmatec-off-highway-telematics/,c6ddf6b7-d8b7-42c6-93d4-6ac3c712bff4
https://www.boschrexroth.com/de/at/blog/tech-podcast-die-zukunft-der-robotik/,None
https://www.boschrexroth.com/de/at/blog/anwenderbericht-hagglunds-stahl/,None
https://www.boschrexroth.com/de/at/blog/initiativen-zur-steigerung-der-energieeffizienz-in-der-produktion/,fb90024e-fd9a-4738-8b23-d56de2f0d354
https://www.boschrexroth.com/de/at/blog/software-loesung-fuer-digitalisierte-ablaeufe-bei-ducati/,fa984e6f-c329-4838-bc98-c1aaab3e6a4e
https://www.boschrexroth.com/de/at/blog/maximale-flexibilitaet-in-der-fertigung-mit-einem-cobot/,af46d4de-1638-447e-afea-ec5eb3f61470
https://www.boschrexroth.com/de/at/blog/tech-podcast-how-ros-is-changing-automation/,None
https://www.boschrexroth.com/de/at/blog/roboter-und-servopresse-fritten-pressen-aber-flott/,None
https://www.boschrexroth.com/de/at/blog/lang-hochpraezise-fraesen-einfach-automatisieren/,fc3cd142-bded-4ca1-9301-1e040a31cefb
https://www.boschrexroth.com/de/at/blog/tech-podcast-digitalisierung-in-der-suesswarenindustrie/,None
https://www.boschrexroth.com/de/at/blog/zaugg-setzt-auf-telematik-komplettloesungen/,970b5993-99fe-4a45-a2c1-b814e997968f
https://www.boschrexroth.com/de/at/blog/mit-system-zur-wirtschaftlichen-universalpresse/,dfd073f1-7634-4dc9-b4a9-a2e08d59dae6
https://www.boschrexroth.com/de/at/blog/orchestrierung-heterogener-roboterflotten/,1835f8c7-560f-4a0e-913f-a782dd48c2e2
https://www.boschrexroth.com/de/at/blog/lineartechnik-automatisierung/,ee98a23e-0a89-4cf3-8aec-13ce765cc1b6
https://www.boschrexroth.com/de/at/blog/remanufacturing-elektrische-antriebe-bereit-fuer-ein-neues-produktleben/,4326eab2-3347-4bd2-88d0-16be3013d59a
https://www.boschrexroth.com/de/at/blog/kugelrollen-hidden-champions/,18566b20-7921-4a1a-907d-f0e911a9a8f0
https://www.boschrexroth.com/de/at/blog/rimas-smart-function-kit-pressing/,f4cdf6df-dadb-491b-8959-cabd40215f79
https://www.boschrexroth.com/de/at/blog/smarte-druckversorgung-in-der-zuendkerzenfertigung/,4d5f862c-97ef-4457-b88a-15a7e22e4f46
https://www.boschrexroth.com/de/at/blog/heldele-errichtung-einer-gesamtanlage-mit-ce-zertifizierung/,None
https://www.boschrexroth.com/de/at/blog/gemeinsam-maximale-flexibilitaet-in-der-lebensmittelindustrie-schaffen/,None
https://www.boschrexroth.com/de/at/blog/servopresse-mit-intelligentem-subsystem/,1f52bdf9-a014-4ae3-bd4c-6e7c6f56e3b7
https://www.boschrexroth.com/de/at/blog/volle-power-fuer-agvs/,5bdee65a-302f-4716-af26-47479a5e9371
https://www.boschrexroth.com/de/at/blog/hagglunds-direktantriebe-wo-rohe-kraefte-sicher-walten/,None
https://www.boschrexroth.com/de/at/blog/transfersysteme-auf-der-ueberholspur/,e30e7366-d0a3-49d7-be6f-abe1f01e063d
https://www.boschrexroth.com/de/at/blog/smart-flex-effector-mehrfach-preisgekroent/,ea38bba3-f660-4e52-bc4e-9b1f57dd32fd
https://www.boschrexroth.com/de/at/blog/off-highway-dashboards/,914b376b-59e2-40b9-83ee-fa17c5224009
https://www.boschrexroth.com/de/at/blog/vernetzte-zwillinge-mit-digitalem-mehrwert/,ce589ae3-1865-424b-b396-49be5df130c2
https://www.boschrexroth.com/de/at/blog/flexible-thermoformmaschine/,None
https://www.boschrexroth.com/de/at/blog/predictive-analytics-in-der-recycling-industrie/,fc72fd6e-ed53-48bf-8a5b-a611b6f3487b
https://www.boschrexroth.com/de/at/blog/die-sprache-der-industrie-4-0-sprechen/,0c8cf25a-f649-490c-9329-bcbd8bcba68b
https://www.boschrexroth.com/de/at/blog/antriebe-fuer-gummiwalzwerke-haegglunds-hydromotor/,None
https://www.boschrexroth.com/de/at/blog/wie-autarke-achsen-maschinen-und-anlagen-optimieren/,ed141598-7c89-4ef4-a1dd-0c6e4e04917c
https://www.boschrexroth.com/de/at/blog/schweissen-fuer-alle-wissen-und-kraefte-gebuendelt/,026fd0cb-fdf8-4772-bd26-574b011c9450
https://www.boschrexroth.com/de/at/blog/tech-podcast-5g-campusnetz/,None
https://www.boschrexroth.com/de/at/blog/sampierana-geht-voran-mit-rexroth-eoc/,f56965fe-51a6-4844-9456-9925ccbc2ea1
https://www.boschrexroth.com/de/at/blog/spritzer-automatisch-ausbremsen/,12cfdc9a-5dfc-4f46-8bad-c0df4e8bb013
https://www.boschrexroth.com/en/at/blog/tech-podcast-the-future-of-robotics/,None
https://www.boschrexroth.com/en/at/blog/tech-podcast-how-ros-is-changing-automation/,None
https://www.boschrexroth.com/en/at/blog/linear-motion-technology-automation/,ee98a23e-0a89-4cf3-8aec-13ce765cc1b6
https://www.boschrexroth.com/en/at/blog/ducati-digital-operations-software-solution/,fa984e6f-c329-4838-bc98-c1aaab3e6a4e
https://www.boschrexroth.com/en/at/blog/remanufacturing-giving-electric-drives-a-second-life/,4326eab2-3347-4bd2-88d0-16be3013d59a
https://www.boschrexroth.com/en/at/blog/case-study-hagglunds-stahl/,None
https://www.boschrexroth.com/en/at/blog/step-inside-energy-saving-initiatives/,fb90024e-fd9a-4738-8b23-d56de2f0d354
https://www.boschrexroth.com/en/at/blog/rimas-smart-function-kit-pressing/,f4cdf6df-dadb-491b-8959-cabd40215f79
https://www.boschrexroth.com/en/at/blog/maximum-flexibility-in-production-with-a-cobot/,af46d4de-1638-447e-afea-ec5eb3f61470
https://www.boschrexroth.com/en/at/blog/zaugg-relies-on-complete-telematics-solution/,970b5993-99fe-4a45-a2c1-b814e997968f
https://www.boschrexroth.com/en/at/blog/a-system-for-an-economical-universal-press/,dfd073f1-7634-4dc9-b4a9-a2e08d59dae6
https://www.boschrexroth.com/en/at/blog/tech-podcast-digitalization-in-the-confectionery-industry/,None
https://www.boschrexroth.com/en/at/blog/lang-high-precision-milling-simple-automation/,fc3cd142-bded-4ca1-9301-1e040a31cefb
https://www.boschrexroth.com/en/at/blog/robot-and-servo-press-pressing-fries-but-fast/,None
https://www.boschrexroth.com/en/at/blog/orchestration-of-mixed-robot-fleets/,1835f8c7-560f-4a0e-913f-a782dd48c2e2
https://www.boschrexroth.com/en/at/blog/ball-transfer-units-hidden-champions/,18566b20-7921-4a1a-907d-f0e911a9a8f0
https://www.boschrexroth.com/en/at/blog/hagglunds-direct-drives-where-brute-forces-rule-safely/,None
https://www.boschrexroth.com/en/at/blog/drives-for-rubber-roll-mills-haegglunds-hydraulic-motor/,None
https://www.boschrexroth.com/de/at/blog/verfuehrerisches-maschinendesign-modular-schaltschranklos-und-konnektiv/,None
https://www.boschrexroth.com/en/at/blog/creating-maximum-flexibility-in-the-food-industry-togehter/,None
https://www.boschrexroth.com/en/at/blog/heldele-installation-of-a-complete-system-with-ce-certification/,None
https://www.boschrexroth.com/en/at/blog/transfer-systems-on-the-fast-track/,e30e7366-d0a3-49d7-be6f-abe1f01e063d
https://www.boschrexroth.com/en/at/blog/smart-flex-effector-wins-multiple-awards/,ea38bba3-f660-4e52-bc4e-9b1f57dd32fd
https://www.boschrexroth.com/en/at/blog/servo-press-with-an-intelligent-subsystem/,1f52bdf9-a014-4ae3-bd4c-6e7c6f56e3b7
https://www.boschrexroth.com/en/at/blog/smart-pressure-supply-in-spark-plug-production/,4d5f862c-97ef-4457-b88a-15a7e22e4f46
https://www.boschrexroth.com/en/at/blog/full-power-for-agvs/,5bdee65a-302f-4716-af26-47479a5e9371
https://www.boschrexroth.com/en/at/blog/connected-twins-for-digital-added-value/,ce589ae3-1865-424b-b396-49be5df130c2
https://www.boschrexroth.com/en/at/blog/flexible-thermoforming-machine/,None
https://www.boschrexroth.com/en/at/blog/speaking-the-language-of-industry-4-0/,0c8cf25a-f649-490c-9329-bcbd8bcba68b
https://www.boschrexroth.com/en/at/blog/off-highway-dashboards/,914b376b-59e2-40b9-83ee-fa17c5224009
https://www.boschrexroth.com/en/at/blog/tech-podcast-5g-campus-network/,None
https://www.boschrexroth.com/en/at/blog/how-self-contained-actuators-optimize-machines-and-systems/,ed141598-7c89-4ef4-a1dd-0c6e4e04917c
https://www.boschrexroth.com/en/at/blog/welding-for-all-knowledge-and-skills-combined/,026fd0cb-fdf8-4772-bd26-574b011c9450
https://www.boschrexroth.com/en/at/blog/seductive-machine-design-modular-cabinet-free-and-connective/,None
https://www.boschrexroth.com/en/at/blog/sampierana-moves-ahead-with-rexroth-eoc/,f56965fe-51a6-4844-9456-9925ccbc2ea1
https://www.boschrexroth.com/en/at/blog/automated-spatter-reduction/,12cfdc9a-5dfc-4f46-8bad-c0df4e8bb013
https://www.boschrexroth.com/nl/be/blog/automatisering-van-lineaire-bewegingstechnologie/,ee98a23e-0a89-4cf3-8aec-13ce765cc1b6
https://www.boschrexroth.com/nl/be/blog/smart-function-kit-pressing/,f4cdf6df-dadb-491b-8959-cabd40215f79
https://www.boschrexroth.com/nl/be/blog/een-systeem-voor-een-economische-universele-pers/,dfd073f1-7634-4dc9-b4a9-a2e08d59dae6
https://www.boschrexroth.com/nl/be/blog/lang-frezen-met-hoge-precisie-eenvoudige-automatisering/,fc3cd142-bded-4ca1-9301-1e040a31cefb
https://www.boschrexroth.com/nl/be/blog/servopers-met-een-intelligent-subsysteem/,1f52bdf9-a014-4ae3-bd4c-6e7c6f56e3b7
https://www.boschrexroth.com/nl/be/blog/kogeltransfereenheden-verborgen-kampioenen/,18566b20-7921-4a1a-907d-f0e911a9a8f0
https://www.boschrexroth.com/nl/be/blog/slimme-druktoevoer-in-de-productie-van-de-bougie/,4d5f862c-97ef-4457-b88a-15a7e22e4f46
https://www.boschrexroth.com/nl/be/blog/ducati-digital-operations-software-oplossing/,fa984e6f-c329-4838-bc98-c1aaab3e6a4e
https://www.boschrexroth.com/nl/be/blog/transfer-systemen-op-de-rails/,e30e7366-d0a3-49d7-be6f-abe1f01e063d
https://www.boschrexroth.com/nl/be/blog/smart-flex-effector-wint-meerdere-prijzen/,ea38bba3-f660-4e52-bc4e-9b1f57dd32fd
https://www.boschrexroth.com/nl/be/blog/cooerdinatie-van-gemengde-robotvloten/,1835f8c7-560f-4a0e-913f-a782dd48c2e2
https://www.boschrexroth.com/nl/be/blog/volle-kracht-voor-agvs/,5bdee65a-302f-4716-af26-47479a5e9371
https://www.boschrexroth.com/nl/be/blog/voorspellende-analyses-in-de-recyclingsector/,fc72fd6e-ed53-48bf-8a5b-a611b6f3487b
https://www.boschrexroth.com/en/at/blog/predictive-analytics-in-the-recycling-industry/,fc72fd6e-ed53-48bf-8a5b-a611b6f3487b
https://www.boschrexroth.com/nl/be/blog/connected-twins-voor-digitale-meerwaarde/,ce589ae3-1865-424b-b396-49be5df130c2
https://www.boschrexroth.com/nl/be/blog/speaking-the-language-of-industry-4-0/,0c8cf25a-f649-490c-9329-bcbd8bcba68b
https://www.boschrexroth.com/nl/be/blog/sampierana-gaat-verder-met-rexroth-eoc/,f56965fe-51a6-4844-9456-9925ccbc2ea1
https://www.boschrexroth.com/nl/be/blog/lassen-voor-iedereen-een-combinatie-van-kennis-en-vaardigheden/,026fd0cb-fdf8-4772-bd26-574b011c9450
https://www.boschrexroth.com/nl/be/blog/hoe-autonome-actuatoren-machines-en-systemen-optimaliseren/,ed141598-7c89-4ef4-a1dd-0c6e4e04917c
https://www.boschrexroth.com/nl/be/blog/sensata-servopers/,9bda26ce-621e-486a-9b44-276e0f15aa9c
https://www.boschrexroth.com/nl/be/blog/de-waarde-van-lasdiensten/,1987ec8b-a3c0-4927-bba7-23296420e8d6
https://www.boschrexroth.com/nl/be/blog/alltrec-met-telematicaoplossing-van-bosch-rexroth/,72b85c52-a0cd-4acc-b084-8d083ce51003
https://www.boschrexroth.com/nl/be/blog/automatisch-verminderen-van-spatten/,12cfdc9a-5dfc-4f46-8bad-c0df4e8bb013
https://www.boschrexroth.com/nl/be/blog/off-highway-dashboards/,914b376b-59e2-40b9-83ee-fa17c5224009
https://www.boschrexroth.com/nl/be/blog/elektromechanische-cilinders-voor-de-fabriek-van-de-toekomst/,28d57f3f-f8f8-4b86-a9de-21dcfa50f7a5
https://www.boschrexroth.com/nl/be/blog/selmec-slimme-servopers/,4793b830-0336-4647-bdeb-6f6720967007
https://www.boschrexroth.com/nl/be/blog/lang-leve-de-lasbesturing-van-de-toekomst/,f9e03db5-aaa8-473d-8c28-76bada2c5f2e
https://www.boschrexroth.com/nl/be/blog/slim-persen-en-verbinden/,d5dcc128-cd36-4616-ad7d-613d0b474376
https://www.boschrexroth.com/nl/be/blog/hyundai-beweegt-vooruit-met-bosch-rexroth/,f5157bdd-8e84-4615-8a05-9aa190cba8f3
https://www.boschrexroth.com/nl/be/blog/elion-de-krachtige-manier/,8fcff9b0-5fb4-40de-b79b-be750f7dc849
https://www.boschrexroth.com/nl/be/blog/qmatec-telematica-voor-terreinvoertuigen/,c6ddf6b7-d8b7-42c6-93d4-6ac3c712bff4
https://www.boschrexroth.com/nl/be/blog/telematicagegevens-overbrengen-naar-de-cloud/,8c23713b-8093-45a1-8dd1-304796288f62
https://www.boschrexroth.com/nl/be/blog/gemakkelijk-omgaan-met-kleine-onderdelen/,1ef62b94-7818-4ff4-91ee-12670c309f55
https://www.boschrexroth.com/nl/be/blog/telematica-van-hyler/,6f9a754d-962a-486b-82b4-38fee520c5e6
https://www.boschrexroth.com/nl/be/blog/vijf-punten-voor-een-succesvolle-gegevensverzameling/,5e2ac0d3-b51f-4f78-80be-068b443b4329
https://www.boschrexroth.com/nl/be/blog/de-telematicastrategie-van-holmer/,a35d7610-e896-4378-bd6f-2676c2373d39
https://www.boschrexroth.com/fr/be/blog/lautomatisation-de-la-technique-lineaire/,ee98a23e-0a89-4cf3-8aec-13ce765cc1b6
https://www.boschrexroth.com/fr/be/blog/lang-fraisage-de-haute-precision-automatisation-simplifiee/,fc3cd142-bded-4ca1-9301-1e040a31cefb
https://www.boschrexroth.com/fr/be/blog/un-systeme-pour-une-presse-universelle-economique/,dfd073f1-7634-4dc9-b4a9-a2e08d59dae6
https://www.boschrexroth.com/fr/be/blog/solution-logicielle-ducati-digital-operations/,fa984e6f-c329-4838-bc98-c1aaab3e6a4e
https://www.boschrexroth.com/fr/be/blog/application-de-pression-intelligente-pour-la-production-de-bougies-dallumage/,4d5f862c-97ef-4457-b88a-15a7e22e4f46
https://www.boschrexroth.com/fr/be/blog/billes-porteuses-des-atouts-caches/,18566b20-7921-4a1a-907d-f0e911a9a8f0
https://www.boschrexroth.com/fr/be/blog/smart-function-kit-pressing-rimas/,f4cdf6df-dadb-491b-8959-cabd40215f79
https://www.boschrexroth.com/fr/be/blog/orchestration-de-flottes-mixtes-de-robots/,1835f8c7-560f-4a0e-913f-a782dd48c2e2
https://www.boschrexroth.com/fr/be/blog/le-plein-denergie-pour-les-agv/,5bdee65a-302f-4716-af26-47479a5e9371
https://www.boschrexroth.com/fr/be/blog/presse-electrique-avec-sous-systeme-intelligent/,1f52bdf9-a014-4ae3-bd4c-6e7c6f56e3b7
https://www.boschrexroth.com/fr/be/blog/systemes-de-transfert-rapides/,e30e7366-d0a3-49d7-be6f-abe1f01e063d
https://www.boschrexroth.com/fr/be/blog/des-jumeaux-connectes-pour-une-valeur-ajoutee-en-ligne/,ce589ae3-1865-424b-b396-49be5df130c2
https://www.boschrexroth.com/fr/be/blog/parler-le-langage-de-lindustrie-4-0/,0c8cf25a-f649-490c-9329-bcbd8bcba68b
https://www.boschrexroth.com/fr/be/blog/pluie-de-recompenses-pour-le-smart-flex-effector/,ea38bba3-f660-4e52-bc4e-9b1f57dd32fd
https://www.boschrexroth.com/fr/be/blog/analyse-predictive-dans-le-secteur-du-recyclage/,fc72fd6e-ed53-48bf-8a5b-a611b6f3487b
https://www.boschrexroth.com/fr/be/blog/comment-les-verins-autonomes-optimisent-les-machines-et-les-systemes/,ed141598-7c89-4ef4-a1dd-0c6e4e04917c
https://www.boschrexroth.com/fr/be/blog/tableaux-de-bord-pour-le-secteur-extra-routier/,914b376b-59e2-40b9-83ee-fa17c5224009
https://www.boschrexroth.com/fr/be/blog/le-soudage-pour-tous-lalliance-des-connaissances-et-des-competences/,026fd0cb-fdf8-4772-bd26-574b011c9450
https://www.boschrexroth.com/fr/be/blog/sampierana-adopte-larchitecture-eoc-de-bosch-rexroth/,f56965fe-51a6-4844-9456-9925ccbc2ea1
https://www.boschrexroth.com/fr/be/blog/reduction-des-projections-automatisee/,12cfdc9a-5dfc-4f46-8bad-c0df4e8bb013
https://www.boschrexroth.com/fr/be/blog/presse-electrique-sensata/,9bda26ce-621e-486a-9b44-276e0f15aa9c
https://www.boschrexroth.com/fr/be/blog/verins-electromecaniques-pour-lusine-du-futur/,28d57f3f-f8f8-4b86-a9de-21dcfa50f7a5
https://www.boschrexroth.com/fr/be/blog/soudage-des-services-pour-demain/,1987ec8b-a3c0-4927-bba7-23296420e8d6
https://www.boschrexroth.com/fr/be/blog/alltrec-avec-une-solution-telematique-complete-de-bosch-rexroth/,72b85c52-a0cd-4acc-b084-8d083ce51003
https://www.boschrexroth.com/nl/be/blog/aerosint/,None
https://www.boschrexroth.com/fr/be/blog/longue-vie-au-controle-du-soudage-du-futur/,f9e03db5-aaa8-473d-8c28-76bada2c5f2e
https://www.boschrexroth.com/fr/be/blog/servopresse-intelligente-s-el-me-c/,4793b830-0336-4647-bdeb-6f6720967007
https://www.boschrexroth.com/fr/be/blog/telematique-qmatec-pour-le-secteur-extra-routier/,c6ddf6b7-d8b7-42c6-93d4-6ac3c712bff4
https://www.boschrexroth.com/fr/be/blog/hyundai-et-bosch-rexroth-deux-partenaires-qui-vont-de-lavant/,f5157bdd-8e84-4615-8a05-9aa190cba8f3
https://www.boschrexroth.com/fr/be/blog/elion-une-puissante-solution/,8fcff9b0-5fb4-40de-b79b-be750f7dc849
https://www.boschrexroth.com/fr/be/blog/pressage-et-assemblage-intelligents/,d5dcc128-cd36-4616-ad7d-613d0b474376
https://www.boschrexroth.com/fr/be/blog/manipuler-des-petites-pieces-devient-un-jeu-denfant/,1ef62b94-7818-4ff4-91ee-12670c309f55
https://www.boschrexroth.com/fr/be/blog/aerosint/,None
https://www.boschrexroth.com/bs/ba/blog/,None
https://www.boschrexroth.com/fr/be/blog/solution-telematique-hyler/,6f9a754d-962a-486b-82b4-38fee520c5e6
https://www.boschrexroth.com/fr/be/blog/cinq-points-a-garder-a-lesprit-lors-de-la-collecte-des-donnees/,5e2ac0d3-b51f-4f78-80be-068b443b4329
https://www.boschrexroth.com/fr/be/blog/transfert-des-donnees-telematiques-dans-le-cloud/,8c23713b-8093-45a1-8dd1-304796288f62
https://www.boschrexroth.com/fr/be/blog/strategie-telematique-holmer/,a35d7610-e896-4378-bd6f-2676c2373d39
https://www.boschrexroth.com/pt/br/blog/automacao-com-tecnologia-linear/,ee98a23e-0a89-4cf3-8aec-13ce765cc1b6
https://www.boschrexroth.com/pt/br/blog/entenda-como-as-iniciativas-de-economia-de-energia-funcionam/,fb90024e-fd9a-4738-8b23-d56de2f0d354
https://www.boschrexroth.com/pt/br/blog/solucao-de-software-de-operacoes-digitais-da-ducati/,fa984e6f-c329-4838-bc98-c1aaab3e6a4e
https://www.boschrexroth.com/pt/br/blog/um-sistema-para-uma-prensa-universal-economica/,dfd073f1-7634-4dc9-b4a9-a2e08d59dae6
https://www.boschrexroth.com/pt/br/blog/lang-fresagem-de-alta-precisao-automacao-simples/,fc3cd142-bded-4ca1-9301-1e040a31cefb
https://www.boschrexroth.com/pt/br/blog/smart-function-kit-pressing-rimas/,f4cdf6df-dadb-491b-8959-cabd40215f79
https://www.boschrexroth.com/pt/br/blog/unidades-de-transferencia-de-esferas-campeas-ocultas/,18566b20-7921-4a1a-907d-f0e911a9a8f0
https://www.boschrexroth.com/pt/br/blog/fornecimento-de-pressao-inteligente-na-producao-de-velas-de-ignicao/,4d5f862c-97ef-4457-b88a-15a7e22e4f46
https://www.boschrexroth.com/pt/br/blog/remanufatura-dando-uma-segunda-vida-aos-acionamentos-eletricos/,4326eab2-3347-4bd2-88d0-16be3013d59a
https://www.boschrexroth.com/pt/br/blog/potencia-maxima-para-agvs/,5bdee65a-302f-4716-af26-47479a5e9371
https://www.boschrexroth.com/pt/br/blog/organizacao-de-frotas-mistas-de-robos/,1835f8c7-560f-4a0e-913f-a782dd48c2e2
https://www.boschrexroth.com/pt/br/blog/o-smart-flex-effector-ganha-varios-premios/,ea38bba3-f660-4e52-bc4e-9b1f57dd32fd
https://www.boschrexroth.com/pt/br/blog/sistemas-de-transferencia-em-ritmo-acelerado/,e30e7366-d0a3-49d7-be6f-abe1f01e063d
https://www.boschrexroth.com/pt/br/blog/twins-conectados-para-oferecer-valor-digital-agregado/,ce589ae3-1865-424b-b396-49be5df130c2
https://www.boschrexroth.com/pt/br/blog/prensa-servoacionada-com-subsistema-inteligente/,1f52bdf9-a014-4ae3-bd4c-6e7c6f56e3b7
https://www.boschrexroth.com/pt/br/blog/analise-preditiva-na-industria-de-reciclagem/,fc72fd6e-ed53-48bf-8a5b-a611b6f3487b
https://www.boschrexroth.com/pt/br/blog/paineis-off-highway/,914b376b-59e2-40b9-83ee-fa17c5224009
https://www.boschrexroth.com/pt/br/blog/sampierana-avanca-com-o-eoc-da-rexroth/,f56965fe-51a6-4844-9456-9925ccbc2ea1
https://www.boschrexroth.com/pt/br/blog/soldagem-para-todos-combinacao-de-conhecimento-e-habilidades/,026fd0cb-fdf8-4772-bd26-574b011c9450
https://www.boschrexroth.com/pt/br/blog/falando-a-linguagem-da-industria-4-0/,0c8cf25a-f649-490c-9329-bcbd8bcba68b
https://www.boschrexroth.com/pt/br/blog/como-atuadores-eletro-hidraulicos-otimizam-maquinas-e-sistemas/,ed141598-7c89-4ef4-a1dd-0c6e4e04917c
https://www.boschrexroth.com/pt/br/blog/prensa-servoacionada-sensata/,9bda26ce-621e-486a-9b44-276e0f15aa9c
https://www.boschrexroth.com/pt/br/blog/os-valores-dos-servicos-de-soldagem/,1987ec8b-a3c0-4927-bba7-23296420e8d6
https://www.boschrexroth.com/pt/br/blog/reducao-automatica-de-respingos/,12cfdc9a-5dfc-4f46-8bad-c0df4e8bb013
https://www.boschrexroth.com/pt/br/blog/cilindros-eletromecanicos-para-a-fabrica-do-futuro/,28d57f3f-f8f8-4b86-a9de-21dcfa50f7a5
https://www.boschrexroth.com/pt/br/blog/alltrec-com-solucao-de-telematica-da-bosch-rexroth/,72b85c52-a0cd-4acc-b084-8d083ce51003
https://www.boschrexroth.com/pt/br/blog/vida-longa-ao-controle-de-soldagem-do-futuro/,f9e03db5-aaa8-473d-8c28-76bada2c5f2e
https://www.boschrexroth.com/pt/br/blog/prensa-servoacionada-inteligente-selmec/,4793b830-0336-4647-bdeb-6f6720967007
https://www.boschrexroth.com/pt/br/blog/prensagem-e-uniao-inteligentes/,d5dcc128-cd36-4616-ad7d-613d0b474376
https://www.boschrexroth.com/pt/br/blog/elion-a-maneira-poderosa/,8fcff9b0-5fb4-40de-b79b-be750f7dc849
https://www.boschrexroth.com/pt/br/blog/telematica-off-highway-qmatec/,c6ddf6b7-d8b7-42c6-93d4-6ac3c712bff4
https://www.boschrexroth.com/pt/br/blog/a-hyundai-toma-a-dianteira-com-a-bosch-rexroth/,f5157bdd-8e84-4615-8a05-9aa190cba8f3
https://www.boschrexroth.com/pt/br/blog/manuseio-de-pecas-pequenas-com-facilidade/,1ef62b94-7818-4ff4-91ee-12670c309f55
https://www.boschrexroth.com/pt/br/blog/transferencia-de-dados-de-telematica-para-a-nuvem/,8c23713b-8093-45a1-8dd1-304796288f62
https://www.boschrexroth.com/pt/br/blog/telematica-da-hyler/,6f9a754d-962a-486b-82b4-38fee520c5e6
https://www.boschrexroth.com/pt/br/blog/cinco-pontos-para-coletar-dados-com-sucesso/,5e2ac0d3-b51f-4f78-80be-068b443b4329
https://www.boschrexroth.com/bg/bg/blog/,None
https://www.boschrexroth.com/en/ca/blog/rimas-smart-function-kit-pressing/,f4cdf6df-dadb-491b-8959-cabd40215f79
https://www.boschrexroth.com/en/ca/blog/ducati-digital-operations-software-solution/,fa984e6f-c329-4838-bc98-c1aaab3e6a4e
https://www.boschrexroth.com/en/ca/blog/a-system-for-an-economical-universal-press/,dfd073f1-7634-4dc9-b4a9-a2e08d59dae6
https://www.boschrexroth.com/en/ca/blog/orchestration-of-mixed-robot-fleets/,1835f8c7-560f-4a0e-913f-a782dd48c2e2
https://www.boschrexroth.com/en/ca/blog/lang-high-precision-milling-simple-automation/,fc3cd142-bded-4ca1-9301-1e040a31cefb
https://www.boschrexroth.com/en/ca/blog/linear-motion-technology-automation/,ee98a23e-0a89-4cf3-8aec-13ce765cc1b6
https://www.boschrexroth.com/en/ca/blog/smart-pressure-supply-in-spark-plug-production/,4d5f862c-97ef-4457-b88a-15a7e22e4f46
https://www.boschrexroth.com/en/ca/blog/remanufacturing-giving-electric-drives-a-second-life/,4326eab2-3347-4bd2-88d0-16be3013d59a
https://www.boschrexroth.com/en/ca/blog/ball-transfer-units-hidden-champions/,18566b20-7921-4a1a-907d-f0e911a9a8f0
https://www.boschrexroth.com/en/ca/blog/servo-press-with-an-intelligent-subsystem/,1f52bdf9-a014-4ae3-bd4c-6e7c6f56e3b7
https://www.boschrexroth.com/en/ca/blog/full-power-for-agvs/,5bdee65a-302f-4716-af26-47479a5e9371
https://www.boschrexroth.com/en/ca/blog/transfer-systems-on-the-fast-track/,e30e7366-d0a3-49d7-be6f-abe1f01e063d
https://www.boschrexroth.com/en/ca/blog/speaking-the-language-of-industry-4-0/,0c8cf25a-f649-490c-9329-bcbd8bcba68b
https://www.boschrexroth.com/en/ca/blog/smart-flex-effector-wins-multiple-awards/,ea38bba3-f660-4e52-bc4e-9b1f57dd32fd
https://www.boschrexroth.com/en/ca/blog/connected-twins-for-digital-added-value/,ce589ae3-1865-424b-b396-49be5df130c2
https://www.boschrexroth.com/en/ca/blog/predictive-analytics-in-the-recycling-industry/,fc72fd6e-ed53-48bf-8a5b-a611b6f3487b
https://www.boschrexroth.com/en/ca/blog/how-self-contained-actuators-optimize-machines-and-systems/,ed141598-7c89-4ef4-a1dd-0c6e4e04917c
https://www.boschrexroth.com/en/ca/blog/off-highway-dashboards/,914b376b-59e2-40b9-83ee-fa17c5224009
https://www.boschrexroth.com/en/ca/blog/welding-for-all-knowledge-and-skills-combined/,026fd0cb-fdf8-4772-bd26-574b011c9450
https://www.boschrexroth.com/en/ca/blog/automated-spatter-reduction/,12cfdc9a-5dfc-4f46-8bad-c0df4e8bb013
https://www.boschrexroth.com/en/ca/blog/sensata-servo-press/,9bda26ce-621e-486a-9b44-276e0f15aa9c
https://www.boschrexroth.com/en/ca/blog/sampierana-moves-ahead-with-rexroth-eoc/,f56965fe-51a6-4844-9456-9925ccbc2ea1
https://www.boschrexroth.com/en/ca/blog/selmec-smart-servo-press/,4793b830-0336-4647-bdeb-6f6720967007
https://www.boschrexroth.com/en/ca/blog/the-value-of-welding-services/,1987ec8b-a3c0-4927-bba7-23296420e8d6
https://www.boschrexroth.com/en/ca/blog/long-live-the-welding-control-of-the-future/,f9e03db5-aaa8-473d-8c28-76bada2c5f2e
https://www.boschrexroth.com/en/ca/blog/alltrec-with-telematics-solution-from-bosch-rexroth/,72b85c52-a0cd-4acc-b084-8d083ce51003
https://www.boschrexroth.com/en/ca/blog/hyundai-drives-ahead-with-bosch-rexroth/,f5157bdd-8e84-4615-8a05-9aa190cba8f3
https://www.boschrexroth.com/en/ca/blog/elion-the-powerful-way/,8fcff9b0-5fb4-40de-b79b-be750f7dc849
https://www.boschrexroth.com/en/ca/blog/smart-pressing-and-joining/,d5dcc128-cd36-4616-ad7d-613d0b474376
https://www.boschrexroth.com/en/ca/blog/hyler-telematics/,6f9a754d-962a-486b-82b4-38fee520c5e6
https://www.boschrexroth.com/en/ca/blog/transfer-telematics-data-to-the-cloud/,8c23713b-8093-45a1-8dd1-304796288f62
https://www.boschrexroth.com/en/ca/blog/handling-small-parts-the-easy-way/,1ef62b94-7818-4ff4-91ee-12670c309f55
https://www.boschrexroth.com/fr/ca/blog/lang-fraisage-de-haute-precision-automatisation-simplifiee/,fc3cd142-bded-4ca1-9301-1e040a31cefb
https://www.boschrexroth.com/en/ca/blog/qmatec-off-highway-telematics/,c6ddf6b7-d8b7-42c6-93d4-6ac3c712bff4
https://www.boschrexroth.com/en/ca/blog/five-points-for-successful-data-collection/,5e2ac0d3-b51f-4f78-80be-068b443b4329
https://www.boschrexroth.com/fr/ca/blog/solution-logicielle-ducati-digital-operations/,fa984e6f-c329-4838-bc98-c1aaab3e6a4e
https://www.boschrexroth.com/fr/ca/blog/lautomatisation-de-la-technique-lineaire/,ee98a23e-0a89-4cf3-8aec-13ce765cc1b6
https://www.boschrexroth.com/en/ca/blog/holmer-telematics-strategy/,a35d7610-e896-4378-bd6f-2676c2373d39
https://www.boschrexroth.com/fr/ca/blog/smart-function-kit-pressing-rimas/,f4cdf6df-dadb-491b-8959-cabd40215f79
https://www.boschrexroth.com/fr/ca/blog/orchestration-de-flottes-mixtes-de-robots/,1835f8c7-560f-4a0e-913f-a782dd48c2e2
https://www.boschrexroth.com/fr/ca/blog/un-systeme-pour-une-presse-universelle-economique/,dfd073f1-7634-4dc9-b4a9-a2e08d59dae6
https://www.boschrexroth.com/fr/ca/blog/billes-porteuses-des-atouts-caches/,18566b20-7921-4a1a-907d-f0e911a9a8f0
https://www.boschrexroth.com/fr/ca/blog/le-plein-denergie-pour-les-agv/,5bdee65a-302f-4716-af26-47479a5e9371
https://www.boschrexroth.com/fr/ca/blog/le-remanufacturage-donner-une-seconde-vie-aux-entrainements-electriques/,4326eab2-3347-4bd2-88d0-16be3013d59a
https://www.boschrexroth.com/fr/ca/blog/application-de-pression-intelligente-pour-la-production-de-bougies-dallumage/,4d5f862c-97ef-4457-b88a-15a7e22e4f46
https://www.boschrexroth.com/en/ca/blog/electromechanical-cylinders-for-the-factory-of-the-future/,28d57f3f-f8f8-4b86-a9de-21dcfa50f7a5
https://www.boschrexroth.com/fr/ca/blog/presse-electrique-avec-sous-systeme-intelligent/,1f52bdf9-a014-4ae3-bd4c-6e7c6f56e3b7
https://www.boschrexroth.com/es/cl/blog/organizacion-de-flotas-de-robots-mixtos/,None
https://www.boschrexroth.com/fr/ca/blog/systemes-de-transfert-rapides/,e30e7366-d0a3-49d7-be6f-abe1f01e063d
https://www.boschrexroth.com/fr/ca/blog/pluie-de-recompenses-pour-le-smart-flex-effector/,ea38bba3-f660-4e52-bc4e-9b1f57dd32fd
https://www.boschrexroth.com/fr/ca/blog/comment-les-verins-autonomes-optimisent-les-machines-et-les-systemes/,ed141598-7c89-4ef4-a1dd-0c6e4e04917c
https://www.boschrexroth.com/fr/ca/blog/parler-le-langage-de-lindustrie-4-0/,0c8cf25a-f649-490c-9329-bcbd8bcba68b
https://www.boschrexroth.com/fr/ca/blog/tableaux-de-bord-pour-le-secteur-extra-routier/,914b376b-59e2-40b9-83ee-fa17c5224009
https://www.boschrexroth.com/fr/ca/blog/le-soudage-pour-tous-lalliance-des-connaissances-et-des-competences/,026fd0cb-fdf8-4772-bd26-574b011c9450
https://www.boschrexroth.com/fr/ca/blog/des-jumeaux-connectes-pour-une-valeur-ajoutee-en-ligne/,ce589ae3-1865-424b-b396-49be5df130c2
https://www.boschrexroth.com/fr/ca/blog/analyse-predictive-dans-le-secteur-du-recyclage/,fc72fd6e-ed53-48bf-8a5b-a611b6f3487b
https://www.boschrexroth.com/fr/ca/blog/verins-electromecaniques-pour-lusine-du-futur/,28d57f3f-f8f8-4b86-a9de-21dcfa50f7a5
https://www.boschrexroth.com/fr/ca/blog/presse-electrique-sensata/,9bda26ce-621e-486a-9b44-276e0f15aa9c
https://www.boschrexroth.com/fr/ca/blog/soudage-des-services-pour-demain/,1987ec8b-a3c0-4927-bba7-23296420e8d6
https://www.boschrexroth.com/fr/ca/blog/sampierana-adopte-larchitecture-eoc-de-bosch-rexroth/,f56965fe-51a6-4844-9456-9925ccbc2ea1
https://www.boschrexroth.com/fr/ca/blog/reduction-des-projections-automatisee/,12cfdc9a-5dfc-4f46-8bad-c0df4e8bb013
https://www.boschrexroth.com/fr/ca/blog/alltrec-avec-une-solution-telematique-complete-de-bosch-rexroth/,72b85c52-a0cd-4acc-b084-8d083ce51003
https://www.boschrexroth.com/fr/ca/blog/pressage-et-assemblage-intelligents/,d5dcc128-cd36-4616-ad7d-613d0b474376
https://www.boschrexroth.com/fr/ca/blog/elion-une-puissante-solution/,8fcff9b0-5fb4-40de-b79b-be750f7dc849
https://www.boschrexroth.com/fr/ca/blog/manipuler-des-petites-pieces-devient-un-jeu-denfant/,1ef62b94-7818-4ff4-91ee-12670c309f55
https://www.boschrexroth.com/fr/ca/blog/longue-vie-au-controle-du-soudage-du-futur/,f9e03db5-aaa8-473d-8c28-76bada2c5f2e
https://www.boschrexroth.com/fr/ca/blog/transfert-des-donnees-telematiques-dans-le-cloud/,8c23713b-8093-45a1-8dd1-304796288f62
https://www.boschrexroth.com/fr/ca/blog/servopresse-intelligente-s-el-me-c/,4793b830-0336-4647-bdeb-6f6720967007
https://www.boschrexroth.com/fr/ca/blog/hyundai-et-bosch-rexroth-deux-partenaires-qui-vont-de-lavant/,f5157bdd-8e84-4615-8a05-9aa190cba8f3
https://www.boschrexroth.com/fr/ca/blog/cinq-points-a-garder-a-lesprit-lors-de-la-collecte-des-donnees/,5e2ac0d3-b51f-4f78-80be-068b443b4329
https://www.boschrexroth.com/es/cl/blog/descubra-las-iniciativas-de-ahorro-energetico/,None
https://www.boschrexroth.com/fr/ca/blog/telematique-qmatec-pour-le-secteur-extra-routier/,c6ddf6b7-d8b7-42c6-93d4-6ac3c712bff4
https://www.boschrexroth.com/fr/ca/blog/strategie-telematique-holmer/,a35d7610-e896-4378-bd6f-2676c2373d39
https://www.boschrexroth.com/es/cl/blog/bolas-transportadoras-campeones-ocultos/,18566b20-7921-4a1a-907d-f0e911a9a8f0
https://www.boschrexroth.com/es/cl/blog/solucion-de-software-de-operaciones-digitales-para-ducati/,fa984e6f-c329-4838-bc98-c1aaab3e6a4e
https://www.boschrexroth.com/es/cl/blog/rimas-smart-function-kit-pressing/,f4cdf6df-dadb-491b-8959-cabd40215f79
https://www.boschrexroth.com/es/cl/blog/prensa-servoaccionada-con-un-subsistema-inteligente/,1f52bdf9-a014-4ae3-bd4c-6e7c6f56e3b7
https://www.boschrexroth.com/es/cl/blog/automatizacion-de-la-tecnologia-de-movimiento-lineal/,ee98a23e-0a89-4cf3-8aec-13ce765cc1b6
https://www.boschrexroth.com/es/cl/blog/lang-fresado-de-alta-precision-automatizacion-sencilla/,fc3cd142-bded-4ca1-9301-1e040a31cefb
https://www.boschrexroth.com/es/cl/blog/hablar-el-lenguaje-de-la-industria-4-0/,0c8cf25a-f649-490c-9329-bcbd8bcba68b
https://www.boschrexroth.com/es/cl/blog/un-sistema-de-prensa-universal-economica/,dfd073f1-7634-4dc9-b4a9-a2e08d59dae6
https://www.boschrexroth.com/fr/ca/blog/solution-telematique-hyler/,6f9a754d-962a-486b-82b4-38fee520c5e6
https://www.boschrexroth.com/es/cl/blog/sistemas-de-transmision-a-toda-velocidad/,e30e7366-d0a3-49d7-be6f-abe1f01e063d
https://www.boschrexroth.com/es/cl/blog/suministro-de-presion-inteligente-en-la-produccion-de-bujias/,4d5f862c-97ef-4457-b88a-15a7e22e4f46
https://www.boschrexroth.com/es/cl/blog/analisis-predictivos-en-la-industria-del-reciclaje/,fc72fd6e-ed53-48bf-8a5b-a611b6f3487b
https://www.boschrexroth.com/es/cl/blog/gemelos-conectados-para-un-valor-anadido-digital/,ce589ae3-1865-424b-b396-49be5df130c2
https://www.boschrexroth.com/es/cl/blog/agvs-con-la-maxima-potencia/,5bdee65a-302f-4716-af26-47479a5e9371
https://www.boschrexroth.com/es/cl/blog/como-los-actuadores-autonomos-optimizan-las-maquinas-y-los-sistemas/,ed141598-7c89-4ef4-a1dd-0c6e4e04917c
https://www.boschrexroth.com/es/cl/blog/paneles-de-mando-todoterreno/,914b376b-59e2-40b9-83ee-fa17c5224009
https://www.boschrexroth.com/es/cl/blog/el-smart-flex-effector-gana-varios-premios/,ea38bba3-f660-4e52-bc4e-9b1f57dd32fd
https://www.boschrexroth.com/es/cl/blog/prensa-servoaccionada-sensata/,9bda26ce-621e-486a-9b44-276e0f15aa9c
https://www.boschrexroth.com/es/cl/blog/soldaduras-para-todos-conocimiento-y-habilidades-combinados/,026fd0cb-fdf8-4772-bd26-574b011c9450
https://www.boschrexroth.com/es/cl/blog/sampierana-sigue-adelante-con-rexroth-eoc/,f56965fe-51a6-4844-9456-9925ccbc2ea1
https://www.boschrexroth.com/es/cl/blog/reduccion-automatica-de-las-salpicaduras/,12cfdc9a-5dfc-4f46-8bad-c0df4e8bb013
https://www.boschrexroth.com/es/cl/blog/larga-vida-al-control-de-soldadura-del-futuro/,f9e03db5-aaa8-473d-8c28-76bada2c5f2e
https://www.boschrexroth.com/es/cl/blog/prensa-servoaccionada-inteligente-selmec/,4793b830-0336-4647-bdeb-6f6720967007
https://www.boschrexroth.com/es/cl/blog/prensado-y-union-inteligentes/,d5dcc128-cd36-4616-ad7d-613d0b474376
https://www.boschrexroth.com/es/cl/blog/qmatec-off-highway-telematics/,c6ddf6b7-d8b7-42c6-93d4-6ac3c712bff4
https://www.boschrexroth.com/es/cl/blog/el-valor-de-los-servicios-de-soldadura/,1987ec8b-a3c0-4927-bba7-23296420e8d6
https://www.boschrexroth.com/es/cl/blog/hyundai-avanza-con-firmeza-junto-a-bosch-rexroth/,f5157bdd-8e84-4615-8a05-9aa190cba8f3
https://www.boschrexroth.com/es/cl/blog/alltrec-y-la-solucion-telematica-de-bosch-rexroth/,72b85c52-a0cd-4acc-b084-8d083ce51003
https://www.boschrexroth.com/es/cl/blog/elion-la-forma-mas-potente/,8fcff9b0-5fb4-40de-b79b-be750f7dc849
https://www.boschrexroth.com/es/cl/blog/telematica-hyler/,6f9a754d-962a-486b-82b4-38fee520c5e6
https://www.boschrexroth.com/es/cl/blog/transferencia-de-datos-telematicos-a-la-nube/,8c23713b-8093-45a1-8dd1-304796288f62
https://www.boschrexroth.com/es/cl/blog/manejo-sencillo-de-piezas-pequenas/,1ef62b94-7818-4ff4-91ee-12670c309f55
https://www.boschrexroth.com/es/cl/blog/cinco-puntos-para-una-recopilacion-satisfactoria-de-datos/,5e2ac0d3-b51f-4f78-80be-068b443b4329
https://www.boschrexroth.com/es/cl/blog/estrategia-telematica-de-holmer/,a35d7610-e896-4378-bd6f-2676c2373d39
https://www.boschrexroth.com/es/co/blog/lang-fresado-de-alta-precision-automatizacion-sencilla/,fc3cd142-bded-4ca1-9301-1e040a31cefb
https://www.boschrexroth.com/es/co/blog/solucion-de-software-de-operaciones-digitales-para-ducati/,fa984e6f-c329-4838-bc98-c1aaab3e6a4e
https://www.boschrexroth.com/es/co/blog/automatizacion-de-la-tecnologia-de-movimiento-lineal/,ee98a23e-0a89-4cf3-8aec-13ce765cc1b6
https://www.boschrexroth.com/es/co/blog/un-sistema-de-prensa-universal-economica/,dfd073f1-7634-4dc9-b4a9-a2e08d59dae6
https://www.boschrexroth.com/es/co/blog/suministro-de-presion-inteligente-en-la-produccion-de-bujias/,4d5f862c-97ef-4457-b88a-15a7e22e4f46
https://www.boschrexroth.com/es/co/blog/paneles-de-mando-todoterreno/,914b376b-59e2-40b9-83ee-fa17c5224009
https://www.boschrexroth.com/es/co/blog/el-smart-flex-effector-gana-varios-premios/,ea38bba3-f660-4e52-bc4e-9b1f57dd32fd
https://www.boschrexroth.com/es/co/blog/rimas-smart-function-kit-pressing/,f4cdf6df-dadb-491b-8959-cabd40215f79
https://www.boschrexroth.com/es/co/blog/analisis-predictivos-en-la-industria-del-reciclaje/,fc72fd6e-ed53-48bf-8a5b-a611b6f3487b
https://www.boschrexroth.com/es/co/blog/hablar-el-lenguaje-de-la-industria-4-0/,0c8cf25a-f649-490c-9329-bcbd8bcba68b
https://www.boschrexroth.com/es/co/blog/bolas-transportadoras-campeones-ocultos/,18566b20-7921-4a1a-907d-f0e911a9a8f0
https://www.boschrexroth.com/es/co/blog/gemelos-conectados-para-un-valor-anadido-digital/,ce589ae3-1865-424b-b396-49be5df130c2
https://www.boschrexroth.com/es/co/blog/soldaduras-para-todos-conocimiento-y-habilidades-combinados/,026fd0cb-fdf8-4772-bd26-574b011c9450
https://www.boschrexroth.com/es/co/blog/prensa-servoaccionada-con-un-subsistema-inteligente/,1f52bdf9-a014-4ae3-bd4c-6e7c6f56e3b7
https://www.boschrexroth.com/es/co/blog/como-los-actuadores-autonomos-optimizan-las-maquinas-y-los-sistemas/,ed141598-7c89-4ef4-a1dd-0c6e4e04917c
https://www.boschrexroth.com/es/co/blog/agvs-con-la-maxima-potencia/,5bdee65a-302f-4716-af26-47479a5e9371
https://www.boschrexroth.com/es/co/blog/organizacion-de-flotas-de-robots-mixtos/,1835f8c7-560f-4a0e-913f-a782dd48c2e2
https://www.boschrexroth.com/es/co/blog/sistemas-de-transmision-a-toda-velocidad/,e30e7366-d0a3-49d7-be6f-abe1f01e063d
https://www.boschrexroth.com/es/cl/blog/cilindros-electromecanicos-para-la-fabrica-del-futuro/,28d57f3f-f8f8-4b86-a9de-21dcfa50f7a5
https://www.boschrexroth.com/es/co/blog/prensa-servoaccionada-sensata/,9bda26ce-621e-486a-9b44-276e0f15aa9c
https://www.boschrexroth.com/es/co/blog/el-valor-de-los-servicios-de-soldadura/,1987ec8b-a3c0-4927-bba7-23296420e8d6
https://www.boschrexroth.com/es/co/blog/reduccion-automatica-de-las-salpicaduras/,12cfdc9a-5dfc-4f46-8bad-c0df4e8bb013
https://www.boschrexroth.com/es/co/blog/larga-vida-al-control-de-soldadura-del-futuro/,f9e03db5-aaa8-473d-8c28-76bada2c5f2e
https://www.boschrexroth.com/es/co/blog/prensa-servoaccionada-inteligente-selmec/,4793b830-0336-4647-bdeb-6f6720967007
https://www.boschrexroth.com/es/co/blog/alltrec-y-la-solucion-telematica-de-bosch-rexroth/,72b85c52-a0cd-4acc-b084-8d083ce51003
https://www.boschrexroth.com/es/co/blog/sampierana-sigue-adelante-con-rexroth-eoc/,f56965fe-51a6-4844-9456-9925ccbc2ea1
https://www.boschrexroth.com/es/co/blog/cilindros-electromecanicos-para-la-fabrica-del-futuro/,28d57f3f-f8f8-4b86-a9de-21dcfa50f7a5
https://www.boschrexroth.com/es/co/blog/hyundai-avanza-con-firmeza-junto-a-bosch-rexroth/,f5157bdd-8e84-4615-8a05-9aa190cba8f3
https://www.boschrexroth.com/es/co/blog/prensado-y-union-inteligentes/,d5dcc128-cd36-4616-ad7d-613d0b474376
https://www.boschrexroth.com/es/co/blog/elion-la-forma-mas-potente/,8fcff9b0-5fb4-40de-b79b-be750f7dc849
https://www.boschrexroth.com/es/co/blog/transferencia-de-datos-telematicos-a-la-nube/,8c23713b-8093-45a1-8dd1-304796288f62
https://www.boschrexroth.com/es/co/blog/estrategia-telematica-de-holmer/,a35d7610-e896-4378-bd6f-2676c2373d39
https://www.boschrexroth.com/es/co/blog/qmatec-off-highway-telematics/,c6ddf6b7-d8b7-42c6-93d4-6ac3c712bff4
https://www.boschrexroth.com/es/co/blog/telematica-hyler/,6f9a754d-962a-486b-82b4-38fee520c5e6
https://www.boschrexroth.com/es/co/blog/manejo-sencillo-de-piezas-pequenas/,1ef62b94-7818-4ff4-91ee-12670c309f55
https://www.boschrexroth.com/es/co/blog/cinco-puntos-para-una-recopilacion-satisfactoria-de-datos/,5e2ac0d3-b51f-4f78-80be-068b443b4329
https://www.boschrexroth.com/es/co/blog/robots-lineales-en-un-abrir-y-cerrar-de-ojos/,a564bc15-5c8e-4f87-9d62-512bbb017f9e
https://www.boschrexroth.com/cs/cz/blog/automatizace-linearni-techniky/,ee98a23e-0a89-4cf3-8aec-13ce765cc1b6
https://www.boschrexroth.com/cs/cz/blog/plny-vykon-pro-agv/,5bdee65a-302f-4716-af26-47479a5e9371
https://www.boschrexroth.com/cs/cz/blog/system-pro-hospodarny-univerzalni-lis/,dfd073f1-7634-4dc9-b4a9-a2e08d59dae6
https://www.boschrexroth.com/cs/cz/blog/vstupte-do-iniciativ-zamerenych-na-uspory-energie/,fb90024e-fd9a-4738-8b23-d56de2f0d354
https://www.boschrexroth.com/cs/cz/blog/organizace-smisenych-vozovych-parku-robotu/,1835f8c7-560f-4a0e-913f-a782dd48c2e2
https://www.boschrexroth.com/cs/cz/blog/repasovani-vdechujeme-elektrickym-pohonum-novy-zivot/,4326eab2-3347-4bd2-88d0-16be3013d59a
https://www.boschrexroth.com/cs/cz/blog/nase-dopravnikove-systemy-vase-zkratka-k-uspechu/,e30e7366-d0a3-49d7-be6f-abe1f01e063d
https://www.boschrexroth.com/cs/cz/blog/kulickove-prepravni-jednotky-skryti-sampioni/,18566b20-7921-4a1a-907d-f0e911a9a8f0
https://www.boschrexroth.com/cs/cz/blog/lang-vysoce-presne-frezovani-jednoducha-automatizace/,fc3cd142-bded-4ca1-9301-1e040a31cefb
https://www.boschrexroth.com/cs/cz/blog/rimas-a-smart-function-kit-pressing/,f4cdf6df-dadb-491b-8959-cabd40215f79
https://www.boschrexroth.com/cs/cz/blog/servolis-s-inteligentnim-podsystemem/,1f52bdf9-a014-4ae3-bd4c-6e7c6f56e3b7
https://www.boschrexroth.com/cs/cz/blog/softwarove-reseni-digitalniho-provozu-ducati/,fa984e6f-c329-4838-bc98-c1aaab3e6a4e
https://www.boschrexroth.com/cs/cz/blog/inteligentni-zasobovani-tlakem-pri-vyrobe-zapalovacich-svicek/,4d5f862c-97ef-4457-b88a-15a7e22e4f46
https://www.boschrexroth.com/cs/cz/blog/prediktivni-analytika-v-recyklacnim-prumyslu/,fc72fd6e-ed53-48bf-8a5b-a611b6f3487b
https://www.boschrexroth.com/cs/cz/blog/smart-flex-effector-ziskal-radu-oceneni/,ea38bba3-f660-4e52-bc4e-9b1f57dd32fd
https://www.boschrexroth.com/cs/cz/blog/propojena-dvojcata-pro-digitalni-pridanou-hodnotu/,ce589ae3-1865-424b-b396-49be5df130c2
https://www.boschrexroth.com/cs/cz/blog/mluvime-jazykem-prumyslu-4-0/,0c8cf25a-f649-490c-9329-bcbd8bcba68b
https://www.boschrexroth.com/cs/cz/blog/ridici-panely-pro-segment-terennich-vozidel/,914b376b-59e2-40b9-83ee-fa17c5224009
https://www.boschrexroth.com/cs/cz/blog/automaticka-redukce-rozstriku/,12cfdc9a-5dfc-4f46-8bad-c0df4e8bb013
https://www.boschrexroth.com/cs/cz/blog/servolis-sensata/,9bda26ce-621e-486a-9b44-276e0f15aa9c
https://www.boschrexroth.com/cs/cz/blog/svarovani-pro-vsechny-kombinace-znalosti-a-dovednosti/,026fd0cb-fdf8-4772-bd26-574b011c9450
https://www.boschrexroth.com/cs/cz/blog/elektromechanicke-valce-pro-tovarnu-budoucnosti/,28d57f3f-f8f8-4b86-a9de-21dcfa50f7a5
https://www.boschrexroth.com/cs/cz/blog/jak-samostatne-aktuatory-optimalizuji-provoz-stroju-a-systemu/,ed141598-7c89-4ef4-a1dd-0c6e4e04917c
https://www.boschrexroth.com/cs/cz/blog/sampierana-postupuje-vpred-s-rexroth-eoc/,f56965fe-51a6-4844-9456-9925ccbc2ea1
https://www.boschrexroth.com/cs/cz/blog/hyundai-je-o-krok-napred-diky-resenim-bosch-rexroth/,f5157bdd-8e84-4615-8a05-9aa190cba8f3
https://www.boschrexroth.com/cs/cz/blog/alltrec-vyuziva-telematicke-reseni-od-bosch-rexroth/,72b85c52-a0cd-4acc-b084-8d083ce51003
https://www.boschrexroth.com/cs/cz/blog/chytry-servolis-s-el-me-c/,4793b830-0336-4647-bdeb-6f6720967007
https://www.boschrexroth.com/cs/cz/blog/hodnota-svarovacich-sluzeb/,1987ec8b-a3c0-4927-bba7-23296420e8d6
https://www.boschrexroth.com/cs/cz/blog/at-zije-budouci-rizeni-svarovani/,f9e03db5-aaa8-473d-8c28-76bada2c5f2e
https://www.boschrexroth.com/cs/cz/blog/chytre-lisovani-a-spojovani/,d5dcc128-cd36-4616-ad7d-613d0b474376
https://www.boschrexroth.com/cs/cz/blog/telematika-pro-terenni-vozidla-spolecnosti-qmatec/,c6ddf6b7-d8b7-42c6-93d4-6ac3c712bff4
https://www.boschrexroth.com/cs/cz/blog/elion-efektivni-reseni/,8fcff9b0-5fb4-40de-b79b-be750f7dc849
https://www.boschrexroth.com/cs/cz/blog/telematika-spolecnosti-hyler/,6f9a754d-962a-486b-82b4-38fee520c5e6
https://www.boschrexroth.com/cs/cz/blog/pet-bodu-pro-uspesny-sber-dat/,5e2ac0d3-b51f-4f78-80be-068b443b4329
https://www.boschrexroth.com/cs/cz/blog/snadna-manipulace-s-malymi-dily/,1ef62b94-7818-4ff4-91ee-12670c309f55
https://www.boschrexroth.com/en/cz/blog/step-inside-energy-saving-initiatives/,fb90024e-fd9a-4738-8b23-d56de2f0d354
https://www.boschrexroth.com/cs/cz/blog/prenos-telematickych-dat-do-cloudu/,8c23713b-8093-45a1-8dd1-304796288f62
https://www.boschrexroth.com/en/cz/blog/linear-motion-technology-automation/,ee98a23e-0a89-4cf3-8aec-13ce765cc1b6
https://www.boschrexroth.com/en/cz/blog/ducati-digital-operations-software-solution/,fa984e6f-c329-4838-bc98-c1aaab3e6a4e
https://www.boschrexroth.com/en/cz/blog/orchestration-of-mixed-robot-fleets/,1835f8c7-560f-4a0e-913f-a782dd48c2e2
https://www.boschrexroth.com/en/cz/blog/rimas-smart-function-kit-pressing/,f4cdf6df-dadb-491b-8959-cabd40215f79
https://www.boschrexroth.com/en/cz/blog/ball-transfer-units-hidden-champions/,18566b20-7921-4a1a-907d-f0e911a9a8f0
https://www.boschrexroth.com/en/cz/blog/lang-high-precision-milling-simple-automation/,fc3cd142-bded-4ca1-9301-1e040a31cefb
https://www.boschrexroth.com/en/cz/blog/a-system-for-an-economical-universal-press/,dfd073f1-7634-4dc9-b4a9-a2e08d59dae6
https://www.boschrexroth.com/en/cz/blog/remanufacturing-giving-electric-drives-a-second-life/,4326eab2-3347-4bd2-88d0-16be3013d59a
https://www.boschrexroth.com/en/cz/blog/smart-pressure-supply-in-spark-plug-production/,4d5f862c-97ef-4457-b88a-15a7e22e4f46
https://www.boschrexroth.com/en/cz/blog/transfer-systems-on-the-fast-track/,e30e7366-d0a3-49d7-be6f-abe1f01e063d
https://www.boschrexroth.com/en/cz/blog/full-power-for-agvs/,5bdee65a-302f-4716-af26-47479a5e9371
https://www.boschrexroth.com/en/cz/blog/servo-press-with-an-intelligent-subsystem/,1f52bdf9-a014-4ae3-bd4c-6e7c6f56e3b7
https://www.boschrexroth.com/en/cz/blog/predictive-analytics-in-the-recycling-industry/,fc72fd6e-ed53-48bf-8a5b-a611b6f3487b
https://www.boschrexroth.com/en/cz/blog/connected-twins-for-digital-added-value/,ce589ae3-1865-424b-b396-49be5df130c2
https://www.boschrexroth.com/en/cz/blog/speaking-the-language-of-industry-4-0/,0c8cf25a-f649-490c-9329-bcbd8bcba68b
https://www.boschrexroth.com/en/cz/blog/off-highway-dashboards/,914b376b-59e2-40b9-83ee-fa17c5224009
https://www.boschrexroth.com/en/cz/blog/how-self-contained-actuators-optimize-machines-and-systems/,ed141598-7c89-4ef4-a1dd-0c6e4e04917c
https://www.boschrexroth.com/en/cz/blog/welding-for-all-knowledge-and-skills-combined/,026fd0cb-fdf8-4772-bd26-574b011c9450
https://www.boschrexroth.com/en/cz/blog/long-live-the-welding-control-of-the-future/,f9e03db5-aaa8-473d-8c28-76bada2c5f2e
https://www.boschrexroth.com/en/cz/blog/electromechanical-cylinders-for-the-factory-of-the-future/,28d57f3f-f8f8-4b86-a9de-21dcfa50f7a5
https://www.boschrexroth.com/en/cz/blog/alltrec-with-telematics-solution-from-bosch-rexroth/,72b85c52-a0cd-4acc-b084-8d083ce51003
https://www.boschrexroth.com/en/cz/blog/sensata-servo-press/,9bda26ce-621e-486a-9b44-276e0f15aa9c
https://www.boschrexroth.com/en/cz/blog/selmec-smart-servo-press/,4793b830-0336-4647-bdeb-6f6720967007
https://www.boschrexroth.com/en/cz/blog/sampierana-moves-ahead-with-rexroth-eoc/,f56965fe-51a6-4844-9456-9925ccbc2ea1
https://www.boschrexroth.com/en/cz/blog/the-value-of-welding-services/,1987ec8b-a3c0-4927-bba7-23296420e8d6
https://www.boschrexroth.com/en/cz/blog/hyundai-drives-ahead-with-bosch-rexroth/,f5157bdd-8e84-4615-8a05-9aa190cba8f3
https://www.boschrexroth.com/en/cz/blog/elion-the-powerful-way/,8fcff9b0-5fb4-40de-b79b-be750f7dc849
https://www.boschrexroth.com/en/cz/blog/qmatec-off-highway-telematics/,c6ddf6b7-d8b7-42c6-93d4-6ac3c712bff4
https://www.boschrexroth.com/en/cz/blog/smart-pressing-and-joining/,d5dcc128-cd36-4616-ad7d-613d0b474376
https://www.boschrexroth.com/en/cz/blog/transfer-telematics-data-to-the-cloud/,8c23713b-8093-45a1-8dd1-304796288f62
https://www.boschrexroth.com/en/cz/blog/handling-small-parts-the-easy-way/,1ef62b94-7818-4ff4-91ee-12670c309f55
https://www.boschrexroth.com/en/cz/blog/automated-spatter-reduction/,12cfdc9a-5dfc-4f46-8bad-c0df4e8bb013
https://www.boschrexroth.com/en/cz/blog/five-points-for-successful-data-collection/,5e2ac0d3-b51f-4f78-80be-068b443b4329
https://www.boschrexroth.com/da/dk/blog/automatisering-af-lineaerteknik/,ee98a23e-0a89-4cf3-8aec-13ce765cc1b6
https://www.boschrexroth.com/da/dk/blog/et-system-for-en-oekonomisk-universel-presse/,dfd073f1-7634-4dc9-b4a9-a2e08d59dae6
https://www.boschrexroth.com/da/dk/blog/ducati-softwareloesning-til-digital-drift/,fa984e6f-c329-4838-bc98-c1aaab3e6a4e
https://www.boschrexroth.com/da/dk/blog/laer-de-energibesparende-initiativer-at-kende/,fb90024e-fd9a-4738-8b23-d56de2f0d354
https://www.boschrexroth.com/da/dk/blog/lang-fraesning-med-hoej-praecision-enkel-automatisering/,fc3cd142-bded-4ca1-9301-1e040a31cefb
https://www.boschrexroth.com/en/cz/blog/hyler-telematics/,6f9a754d-962a-486b-82b4-38fee520c5e6
https://www.boschrexroth.com/da/dk/blog/styring-af-blandede-robotflader/,1835f8c7-560f-4a0e-913f-a782dd48c2e2
https://www.boschrexroth.com/da/dk/blog/rimas-smart-function-kit-pressing/,f4cdf6df-dadb-491b-8959-cabd40215f79
https://www.boschrexroth.com/da/dk/blog/kugleoverfoeringsenheder-de-skjulte-mestre/,18566b20-7921-4a1a-907d-f0e911a9a8f0
https://www.boschrexroth.com/en/cz/blog/smart-flex-effector-wins-multiple-awards/,ea38bba3-f660-4e52-bc4e-9b1f57dd32fd
https://www.boschrexroth.com/da/dk/blog/renovering-et-nyt-liv-til-elektriske-drev/,4326eab2-3347-4bd2-88d0-16be3013d59a
https://www.boschrexroth.com/da/dk/blog/fuld-effekt-pa-agver/,5bdee65a-302f-4716-af26-47479a5e9371
https://www.boschrexroth.com/da/dk/blog/smart-trykforsyning-til-produktion-af-taendroer/,4d5f862c-97ef-4457-b88a-15a7e22e4f46
https://www.boschrexroth.com/da/dk/blog/servopresse-med-et-intelligent-undersystem/,1f52bdf9-a014-4ae3-bd4c-6e7c6f56e3b7
https://www.boschrexroth.com/da/dk/blog/transfersystemer-i-overhalingsbanen/,e30e7366-d0a3-49d7-be6f-abe1f01e063d
https://www.boschrexroth.com/da/dk/blog/predictive-analytics-i-genbrugsindustrien/,fc72fd6e-ed53-48bf-8a5b-a611b6f3487b
https://www.boschrexroth.com/da/dk/blog/7-akset-robot/,None
https://www.boschrexroth.com/da/dk/blog/smart-flex-effector-vinder-flere-priser/,ea38bba3-f660-4e52-bc4e-9b1f57dd32fd
https://www.boschrexroth.com/da/dk/blog/sadan-optimerer-lukkede-aktuatorer-maskiner-og-systemer/,ed141598-7c89-4ef4-a1dd-0c6e4e04917c
https://www.boschrexroth.com/da/dk/blog/digitale-tvillinger-for-digital-mervaerdi/,ce589ae3-1865-424b-b396-49be5df130c2
https://www.boschrexroth.com/da/dk/blog/dashboards-til-ikke-vejgaende-maskiner/,914b376b-59e2-40b9-83ee-fa17c5224009
https://www.boschrexroth.com/da/dk/blog/mens-vi-taler-om-sproget-i-industri-4-0/,0c8cf25a-f649-490c-9329-bcbd8bcba68b
https://www.boschrexroth.com/da/dk/blog/sampierana-koerer-derudad-med-rexroth-eoc/,f56965fe-51a6-4844-9456-9925ccbc2ea1
https://www.boschrexroth.com/da/dk/blog/adaptiv-reduktion-af-svejsesproejt/,12cfdc9a-5dfc-4f46-8bad-c0df4e8bb013
https://www.boschrexroth.com/da/dk/blog/elektromekaniske-cylindre-til-fremtidens-fabrik/,28d57f3f-f8f8-4b86-a9de-21dcfa50f7a5
https://www.boschrexroth.com/da/dk/blog/sensata-servopresse/,9bda26ce-621e-486a-9b44-276e0f15aa9c
https://www.boschrexroth.com/da/dk/blog/selmec-smart-servopresse/,4793b830-0336-4647-bdeb-6f6720967007
https://www.boschrexroth.com/da/dk/blog/vaerdien-af-svejse-services/,1987ec8b-a3c0-4927-bba7-23296420e8d6
https://www.boschrexroth.com/da/dk/blog/laenge-leve-fremtidens-svejsestyring/,f9e03db5-aaa8-473d-8c28-76bada2c5f2e
https://www.boschrexroth.com/da/dk/blog/svejsning-for-alle-viden-og-faerdigheder-kombineret/,026fd0cb-fdf8-4772-bd26-574b011c9450
https://www.boschrexroth.com/da/dk/blog/alltrec-med-telematikloesninger-fra-bosch-rexroth/,72b85c52-a0cd-4acc-b084-8d083ce51003
https://www.boschrexroth.com/da/dk/blog/smart-presning-og-sammenfoejning/,d5dcc128-cd36-4616-ad7d-613d0b474376
https://www.boschrexroth.com/da/dk/blog/hyundai-koerer-derudad-med-bosch-rexroth/,f5157bdd-8e84-4615-8a05-9aa190cba8f3
https://www.boschrexroth.com/da/dk/blog/elion-den-kraftfulde-made/,8fcff9b0-5fb4-40de-b79b-be750f7dc849
https://www.boschrexroth.com/da/dk/blog/handtering-af-sma-dele-pa-den-lette-made/,1ef62b94-7818-4ff4-91ee-12670c309f55
https://www.boschrexroth.com/da/dk/blog/overfoersel-af-telematikdata-til-cloud-lager/,8c23713b-8093-45a1-8dd1-304796288f62
https://www.boschrexroth.com/da/dk/blog/qmatec-telematik-i-terraen/,c6ddf6b7-d8b7-42c6-93d4-6ac3c712bff4
https://www.boschrexroth.com/da/dk/blog/hylers-telematik/,6f9a754d-962a-486b-82b4-38fee520c5e6
https://www.boschrexroth.com/fi/fi/blog/,17c45196-b67c-455f-a381-56a574ab5bd7
https://www.boschrexroth.com/ee/ee/blog/,None
https://www.boschrexroth.com/de/de/blog/tech-podcast-die-zukunft-der-robotik/,None
https://www.boschrexroth.com/fr/fr/blog/,17c45196-b67c-455f-a381-56a574ab5bd7
https://www.boschrexroth.com/ka/ge/blog/,None
https://www.boschrexroth.com/de/de/blog/tech-podcast-wie-ros-die-automatisierung-veraendert/,None
https://www.boschrexroth.com/de/de/blog/anwenderbericht-hagglunds-stahl/,None
https://www.boschrexroth.com/de/de/blog/lineartechnik-automatisierung/,ee98a23e-0a89-4cf3-8aec-13ce765cc1b6
https://www.boschrexroth.com/de/de/blog/initiativen-zur-steigerung-der-energieeffizienz-in-der-produktion/,fb90024e-fd9a-4738-8b23-d56de2f0d354
https://www.boschrexroth.com/de/de/blog/software-loesung-fuer-digitalisierte-ablaeufe-bei-ducati/,fa984e6f-c329-4838-bc98-c1aaab3e6a4e
https://www.boschrexroth.com/de/de/blog/tech-podcast-digitalisierung-in-der-suesswarenindustrie/,None
https://www.boschrexroth.com/de/de/blog/roboter-und-servopresse-fritten-pressen-aber-flott/,None
https://www.boschrexroth.com/de/de/blog/zaugg-setzt-auf-telematik-komplettloesungen/,970b5993-99fe-4a45-a2c1-b814e997968f
https://www.boschrexroth.com/de/de/blog/mit-system-zur-wirtschaftlichen-universalpresse/,dfd073f1-7634-4dc9-b4a9-a2e08d59dae6
https://www.boschrexroth.com/de/de/blog/maximale-flexibilitaet-in-der-fertigung-mit-einem-cobot/,af46d4de-1638-447e-afea-ec5eb3f61470
https://www.boschrexroth.com/de/de/blog/orchestrierung-heterogener-roboterflotten/,1835f8c7-560f-4a0e-913f-a782dd48c2e2
https://www.boschrexroth.com/de/de/blog/lang-hochpraezise-fraesen-einfach-automatisieren/,fc3cd142-bded-4ca1-9301-1e040a31cefb
https://www.boschrexroth.com/de/de/blog/rimas-smart-function-kit-pressing/,f4cdf6df-dadb-491b-8959-cabd40215f79
https://www.boschrexroth.com/de/de/blog/remanufacturing-elektrische-antriebe-bereit-fuer-ein-neues-produktleben/,4326eab2-3347-4bd2-88d0-16be3013d59a
https://www.boschrexroth.com/de/de/blog/antriebe-fuer-gummiwalzwerke-haegglunds-hydromotor/,None
https://www.boschrexroth.com/de/de/blog/gemeinsam-maximale-flexibilitaet-in-der-lebensmittelindustrie-schaffen/,None
https://www.boschrexroth.com/de/de/blog/hagglunds-direktantriebe-wo-rohe-kraefte-sicher-walten/,None
https://www.boschrexroth.com/de/de/blog/volle-power-fuer-agvs/,5bdee65a-302f-4716-af26-47479a5e9371
https://www.boschrexroth.com/de/de/blog/smarte-druckversorgung-in-der-zuendkerzenfertigung/,4d5f862c-97ef-4457-b88a-15a7e22e4f46
https://www.boschrexroth.com/de/de/blog/heldele-errichtung-einer-gesamtanlage-mit-ce-zertifizierung/,None
https://www.boschrexroth.com/de/de/blog/kugelrollen-hidden-champions/,18566b20-7921-4a1a-907d-f0e911a9a8f0
https://www.boschrexroth.com/de/de/blog/transfersysteme-auf-der-ueberholspur/,e30e7366-d0a3-49d7-be6f-abe1f01e063d
https://www.boschrexroth.com/de/de/blog/predictive-analytics-in-der-recycling-industrie/,fc72fd6e-ed53-48bf-8a5b-a611b6f3487b
https://www.boschrexroth.com/de/de/blog/servopresse-mit-intelligentem-subsystem/,1f52bdf9-a014-4ae3-bd4c-6e7c6f56e3b7
https://www.boschrexroth.com/de/de/blog/smart-flex-effector-mehrfach-preisgekroent/,ea38bba3-f660-4e52-bc4e-9b1f57dd32fd
https://www.boschrexroth.com/de/de/blog/vernetzte-zwillinge-mit-digitalem-mehrwert/,ce589ae3-1865-424b-b396-49be5df130c2
https://www.boschrexroth.com/de/de/blog/die-sprache-der-industrie-4-0-sprechen/,0c8cf25a-f649-490c-9329-bcbd8bcba68b
https://www.boschrexroth.com/de/de/blog/off-highway-dashboards/,914b376b-59e2-40b9-83ee-fa17c5224009
https://www.boschrexroth.com/de/de/blog/flexible-thermoformmaschine/,None
https://www.boschrexroth.com/de/de/blog/tech-podcast-5g-campusnetz/,None
https://www.boschrexroth.com/de/de/blog/wie-autarke-achsen-maschinen-und-anlagen-optimieren/,ed141598-7c89-4ef4-a1dd-0c6e4e04917c
https://www.boschrexroth.com/de/de/blog/schweissen-fuer-alle-wissen-und-kraefte-gebuendelt/,026fd0cb-fdf8-4772-bd26-574b011c9450
https://www.boschrexroth.com/de/de/blog/verfuehrerisches-maschinendesign-modular-schaltschranklos-und-konnektiv/,None
https://www.boschrexroth.com/de/de/blog/spritzer-automatisch-ausbremsen/,12cfdc9a-5dfc-4f46-8bad-c0df4e8bb013
https://www.boschrexroth.com/de/de/blog/sampierana-geht-voran-mit-rexroth-eoc/,f56965fe-51a6-4844-9456-9925ccbc2ea1
https://www.boschrexroth.com/en/de/blog/tech-podcast-the-future-of-robotics/,None
https://www.boschrexroth.com/en/de/blog/step-inside-energy-saving-initiatives/,fb90024e-fd9a-4738-8b23-d56de2f0d354
https://www.boschrexroth.com/en/de/blog/maximum-flexibility-in-production-with-a-cobot/,af46d4de-1638-447e-afea-ec5eb3f61470
https://www.boschrexroth.com/en/de/blog/tech-podcast-how-ros-is-changing-automation/,None
https://www.boschrexroth.com/en/de/blog/case-study-hagglunds-stahl/,None
https://www.boschrexroth.com/en/de/blog/linear-motion-technology-automation/,ee98a23e-0a89-4cf3-8aec-13ce765cc1b6
https://www.boschrexroth.com/en/de/blog/ducati-digital-operations-software-solution/,fa984e6f-c329-4838-bc98-c1aaab3e6a4e
https://www.boschrexroth.com/en/de/blog/lang-high-precision-milling-simple-automation/,fc3cd142-bded-4ca1-9301-1e040a31cefb
https://www.boschrexroth.com/en/de/blog/robot-and-servo-press-pressing-fries-but-fast/,None
https://www.boschrexroth.com/en/de/blog/tech-podcast-digitalization-in-the-confectionery-industry/,None
https://www.boschrexroth.com/en/de/blog/orchestration-of-mixed-robot-fleets/,1835f8c7-560f-4a0e-913f-a782dd48c2e2
https://www.boschrexroth.com/en/de/blog/drives-for-rubber-roll-mills-haegglunds-hydraulic-motor/,None
https://www.boschrexroth.com/en/de/blog/zaugg-relies-on-complete-telematics-solution/,970b5993-99fe-4a45-a2c1-b814e997968f
https://www.boschrexroth.com/en/de/blog/ball-transfer-units-hidden-champions/,18566b20-7921-4a1a-907d-f0e911a9a8f0
https://www.boschrexroth.com/en/de/blog/hagglunds-direct-drives-where-brute-forces-rule-safely/,None
https://www.boschrexroth.com/en/de/blog/heldele-installation-of-a-complete-system-with-ce-certification/,None
https://www.boschrexroth.com/en/de/blog/rimas-smart-function-kit-pressing/,f4cdf6df-dadb-491b-8959-cabd40215f79
https://www.boschrexroth.com/en/de/blog/full-power-for-agvs/,5bdee65a-302f-4716-af26-47479a5e9371
https://www.boschrexroth.com/en/de/blog/servo-press-with-an-intelligent-subsystem/,1f52bdf9-a014-4ae3-bd4c-6e7c6f56e3b7
https://www.boschrexroth.com/en/de/blog/remanufacturing-giving-electric-drives-a-second-life/,4326eab2-3347-4bd2-88d0-16be3013d59a
https://www.boschrexroth.com/en/de/blog/creating-maximum-flexibility-in-the-food-industry-together/,None
https://www.boschrexroth.com/en/de/blog/smart-pressure-supply-in-spark-plug-production/,4d5f862c-97ef-4457-b88a-15a7e22e4f46
https://www.boschrexroth.com/en/de/blog/transfer-systems-on-the-fast-track/,e30e7366-d0a3-49d7-be6f-abe1f01e063d
https://www.boschrexroth.com/en/de/blog/speaking-the-language-of-industry-4-0/,0c8cf25a-f649-490c-9329-bcbd8bcba68b
https://www.boschrexroth.com/en/de/blog/predictive-analytics-in-the-recycling-industry/,fc72fd6e-ed53-48bf-8a5b-a611b6f3487b
https://www.boschrexroth.com/en/de/blog/smart-flex-effector-wins-multiple-awards/,ea38bba3-f660-4e52-bc4e-9b1f57dd32fd
https://www.boschrexroth.com/en/de/blog/connected-twins-for-digital-added-value/,ce589ae3-1865-424b-b396-49be5df130c2
https://www.boschrexroth.com/en/de/blog/flexible-thermoforming-machine/,None
https://www.boschrexroth.com/en/de/blog/off-highway-dashboards/,914b376b-59e2-40b9-83ee-fa17c5224009
https://www.boschrexroth.com/en/de/blog/how-self-contained-actuators-optimize-machines-and-systems/,ed141598-7c89-4ef4-a1dd-0c6e4e04917c
https://www.boschrexroth.com/en/de/blog/tech-podcast-5g-campus-network/,None
https://www.boschrexroth.com/en/de/blog/a-system-for-an-economical-universal-press/,dfd073f1-7634-4dc9-b4a9-a2e08d59dae6
https://www.boschrexroth.com/en/de/blog/welding-for-all-knowledge-and-skills-combined/,026fd0cb-fdf8-4772-bd26-574b011c9450
https://www.boschrexroth.com/en/de/blog/seductive-machine-design-modular-cabinet-free-and-connective/,None
https://www.boschrexroth.com/en/de/blog/sampierana-moves-ahead-with-rexroth-eoc/,f56965fe-51a6-4844-9456-9925ccbc2ea1
https://www.boschrexroth.com/en/de/blog/automated-spatter-reduction/,12cfdc9a-5dfc-4f46-8bad-c0df4e8bb013
https://www.boschrexroth.com/el/gr/blog/ducati-digital-operations-software-solution/,fa984e6f-c329-4838-bc98-c1aaab3e6a4e
https://www.boschrexroth.com/el/gr/blog/a-system-for-an-economical-universal-press/,dfd073f1-7634-4dc9-b4a9-a2e08d59dae6
https://www.boschrexroth.com/el/gr/blog/linear-motion-technology-automation/,ee98a23e-0a89-4cf3-8aec-13ce765cc1b6
https://www.boschrexroth.com/el/gr/blog/orchestration-of-mixed-robot-fleets/,1835f8c7-560f-4a0e-913f-a782dd48c2e2
https://www.boschrexroth.com/el/gr/blog/lang-high-precision-milling-simple-automation/,fc3cd142-bded-4ca1-9301-1e040a31cefb
https://www.boschrexroth.com/el/gr/blog/rimas-smart-function-kit-pressing/,f4cdf6df-dadb-491b-8959-cabd40215f79
https://www.boschrexroth.com/el/gr/blog/smart-pressure-supply-in-spark-plug-production/,4d5f862c-97ef-4457-b88a-15a7e22e4f46
https://www.boschrexroth.com/el/gr/blog/remanufacturing-giving-electric-drives-a-second-life/,4326eab2-3347-4bd2-88d0-16be3013d59a
https://www.boschrexroth.com/el/gr/blog/ball-transfer-units-hidden-champions/,18566b20-7921-4a1a-907d-f0e911a9a8f0
https://www.boschrexroth.com/el/gr/blog/transfer-systems-on-the-fast-track/,e30e7366-d0a3-49d7-be6f-abe1f01e063d
https://www.boschrexroth.com/el/gr/blog/full-power-for-agvs/,5bdee65a-302f-4716-af26-47479a5e9371
https://www.boschrexroth.com/el/gr/blog/smart-flex-effector-wins-multiple-awards/,ea38bba3-f660-4e52-bc4e-9b1f57dd32fd
https://www.boschrexroth.com/el/gr/blog/servo-press-with-an-intelligent-subsystem/,1f52bdf9-a014-4ae3-bd4c-6e7c6f56e3b7
https://www.boschrexroth.com/el/gr/blog/predictive-analytics-in-the-recycling-industry/,fc72fd6e-ed53-48bf-8a5b-a611b6f3487b
https://www.boschrexroth.com/el/gr/blog/how-self-contained-actuators-optimize-machines-and-systems/,ed141598-7c89-4ef4-a1dd-0c6e4e04917c
https://www.boschrexroth.com/el/gr/blog/connected-twins-for-digital-added-value/,ce589ae3-1865-424b-b396-49be5df130c2
https://www.boschrexroth.com/el/gr/blog/speaking-the-language-of-industry-4-0/,0c8cf25a-f649-490c-9329-bcbd8bcba68b
https://www.boschrexroth.com/el/gr/blog/welding-for-all-knowledge-and-skills-combined/,026fd0cb-fdf8-4772-bd26-574b011c9450
https://www.boschrexroth.com/el/gr/blog/sampierana-moves-ahead-with-rexroth-eoc/,f56965fe-51a6-4844-9456-9925ccbc2ea1
https://www.boschrexroth.com/el/gr/blog/the-value-of-welding-services/,1987ec8b-a3c0-4927-bba7-23296420e8d6
https://www.boschrexroth.com/el/gr/blog/automated-spatter-reduction/,12cfdc9a-5dfc-4f46-8bad-c0df4e8bb013
https://www.boschrexroth.com/el/gr/blog/alltrec-with-telematics-solution-from-bosch-rexroth/,72b85c52-a0cd-4acc-b084-8d083ce51003
https://www.boschrexroth.com/el/gr/blog/sensata-servo-press/,9bda26ce-621e-486a-9b44-276e0f15aa9c
https://www.boschrexroth.com/el/gr/blog/long-live-the-welding-control-of-the-future/,f9e03db5-aaa8-473d-8c28-76bada2c5f2e
https://www.boschrexroth.com/el/gr/blog/selmec-smart-servo-press/,4793b830-0336-4647-bdeb-6f6720967007
https://www.boschrexroth.com/el/gr/blog/smart-pressing-and-joining/,d5dcc128-cd36-4616-ad7d-613d0b474376
https://www.boschrexroth.com/el/gr/blog/hyundai-drives-ahead-with-bosch-rexroth/,f5157bdd-8e84-4615-8a05-9aa190cba8f3
https://www.boschrexroth.com/el/gr/blog/elion-the-powerful-way/,8fcff9b0-5fb4-40de-b79b-be750f7dc849
https://www.boschrexroth.com/el/gr/blog/qmatec-off-highway-telematics/,c6ddf6b7-d8b7-42c6-93d4-6ac3c712bff4
https://www.boschrexroth.com/el/gr/blog/off-highway-dashboards/,914b376b-59e2-40b9-83ee-fa17c5224009
https://www.boschrexroth.com/el/gr/blog/handling-small-parts-the-easy-way/,1ef62b94-7818-4ff4-91ee-12670c309f55
https://www.boschrexroth.com/el/gr/blog/hyler-telematics/,6f9a754d-962a-486b-82b4-38fee520c5e6
https://www.boschrexroth.com/el/gr/blog/transfer-telematics-data-to-the-cloud/,8c23713b-8093-45a1-8dd1-304796288f62
https://www.boschrexroth.com/el/gr/blog/five-points-for-successful-data-collection/,5e2ac0d3-b51f-4f78-80be-068b443b4329
https://www.boschrexroth.com/el/gr/blog/holmer-telematics-strategy/,a35d7610-e896-4378-bd6f-2676c2373d39
https://www.boschrexroth.com/en/gr/blog/linear-motion-technology-automation/,ee98a23e-0a89-4cf3-8aec-13ce765cc1b6
https://www.boschrexroth.com/en/gr/blog/ducati-digital-operations-software-solution/,fa984e6f-c329-4838-bc98-c1aaab3e6a4e
https://www.boschrexroth.com/en/gr/blog/lang-high-precision-milling-simple-automation/,fc3cd142-bded-4ca1-9301-1e040a31cefb
https://www.boschrexroth.com/en/gr/blog/a-system-for-an-economical-universal-press/,dfd073f1-7634-4dc9-b4a9-a2e08d59dae6
https://www.boschrexroth.com/en/gr/blog/orchestration-of-mixed-robot-fleets/,1835f8c7-560f-4a0e-913f-a782dd48c2e2
https://www.boschrexroth.com/en/gr/blog/rimas-smart-function-kit-pressing/,f4cdf6df-dadb-491b-8959-cabd40215f79
https://www.boschrexroth.com/en/gr/blog/remanufacturing-giving-electric-drives-a-second-life/,4326eab2-3347-4bd2-88d0-16be3013d59a
https://www.boschrexroth.com/en/gr/blog/predictive-analytics-in-the-recycling-industry/,fc72fd6e-ed53-48bf-8a5b-a611b6f3487b
https://www.boschrexroth.com/en/gr/blog/full-power-for-agvs/,5bdee65a-302f-4716-af26-47479a5e9371
https://www.boschrexroth.com/en/gr/blog/smart-pressure-supply-in-spark-plug-production/,4d5f862c-97ef-4457-b88a-15a7e22e4f46
https://www.boschrexroth.com/en/gr/blog/transfer-systems-on-the-fast-track/,e30e7366-d0a3-49d7-be6f-abe1f01e063d
https://www.boschrexroth.com/en/gr/blog/ball-transfer-units-hidden-champions/,18566b20-7921-4a1a-907d-f0e911a9a8f0
https://www.boschrexroth.com/en/gr/blog/servo-press-with-an-intelligent-subsystem/,1f52bdf9-a014-4ae3-bd4c-6e7c6f56e3b7
https://www.boschrexroth.com/en/gr/blog/smart-flex-effector-wins-multiple-awards/,ea38bba3-f660-4e52-bc4e-9b1f57dd32fd
https://www.boschrexroth.com/el/gr/blog/electromechanical-cylinders-for-the-factory-of-the-future/,28d57f3f-f8f8-4b86-a9de-21dcfa50f7a5
https://www.boschrexroth.com/en/gr/blog/connected-twins-for-digital-added-value/,ce589ae3-1865-424b-b396-49be5df130c2
https://www.boschrexroth.com/en/gr/blog/speaking-the-language-of-industry-4-0/,0c8cf25a-f649-490c-9329-bcbd8bcba68b
https://www.boschrexroth.com/en/gr/blog/welding-for-all-knowledge-and-skills-combined/,026fd0cb-fdf8-4772-bd26-574b011c9450
https://www.boschrexroth.com/en/gr/blog/off-highway-dashboards/,914b376b-59e2-40b9-83ee-fa17c5224009
https://www.boschrexroth.com/en/gr/blog/how-self-contained-actuators-optimize-machines-and-systems/,ed141598-7c89-4ef4-a1dd-0c6e4e04917c
https://www.boschrexroth.com/en/gr/blog/sampierana-moves-ahead-with-rexroth-eoc/,f56965fe-51a6-4844-9456-9925ccbc2ea1
https://www.boschrexroth.com/en/gr/blog/automated-spatter-reduction/,12cfdc9a-5dfc-4f46-8bad-c0df4e8bb013
https://www.boschrexroth.com/en/gr/blog/sensata-servo-press/,9bda26ce-621e-486a-9b44-276e0f15aa9c
https://www.boschrexroth.com/en/gr/blog/electromechanical-cylinders-for-the-factory-of-the-future/,28d57f3f-f8f8-4b86-a9de-21dcfa50f7a5
https://www.boschrexroth.com/en/gr/blog/the-value-of-welding-services/,1987ec8b-a3c0-4927-bba7-23296420e8d6
https://www.boschrexroth.com/en/gr/blog/alltrec-with-telematics-solution-from-bosch-rexroth/,72b85c52-a0cd-4acc-b084-8d083ce51003
https://www.boschrexroth.com/en/gr/blog/long-live-the-welding-control-of-the-future/,f9e03db5-aaa8-473d-8c28-76bada2c5f2e
https://www.boschrexroth.com/en/gr/blog/hyundai-drives-ahead-with-bosch-rexroth/,f5157bdd-8e84-4615-8a05-9aa190cba8f3
https://www.boschrexroth.com/en/gr/blog/smart-pressing-and-joining/,d5dcc128-cd36-4616-ad7d-613d0b474376
https://www.boschrexroth.com/en/gr/blog/selmec-smart-servo-press/,4793b830-0336-4647-bdeb-6f6720967007
https://www.boschrexroth.com/en/gr/blog/elion-the-powerful-way/,8fcff9b0-5fb4-40de-b79b-be750f7dc849
https://www.boschrexroth.com/en/gr/blog/handling-small-parts-the-easy-way/,1ef62b94-7818-4ff4-91ee-12670c309f55
https://www.boschrexroth.com/en/gr/blog/qmatec-off-highway-telematics/,c6ddf6b7-d8b7-42c6-93d4-6ac3c712bff4
https://www.boschrexroth.com/en/gr/blog/hyler-telematics/,6f9a754d-962a-486b-82b4-38fee520c5e6
https://www.boschrexroth.com/en/gr/blog/five-points-for-successful-data-collection/,5e2ac0d3-b51f-4f78-80be-068b443b4329
https://www.boschrexroth.com/en/gr/blog/holmer-telematics-strategy/,a35d7610-e896-4378-bd6f-2676c2373d39
https://www.boschrexroth.com/hu/hu/blog/bticion-shuttle-usecase/,None
https://www.boschrexroth.com/hu/hu/blog/fermac-fmcg-usecase/,None
https://www.boschrexroth.com/hu/hu/blog/winpak-usecase/,None
https://www.boschrexroth.com/hu/hu/blog/automatizalas-kis-koeltsegvetessel-hogyan-kezdje-el-a-digitalizaciot-egy-kkv/,None
https://www.boschrexroth.com/hu/hu/blog/automatizalas-linearis-mozgatastechnikaval/,ee98a23e-0a89-4cf3-8aec-13ce765cc1b6
https://www.boschrexroth.com/hu/hu/blog/ducati-digitalis-muveletek-szoftvermegoldasa/,fa984e6f-c329-4838-bc98-c1aaab3e6a4e
https://www.boschrexroth.com/hu/hu/blog/a-fenntarthato-csomagolastechnika-jelentosege-a-modern-vilagban/,None
https://www.boschrexroth.com/hu/hu/blog/hogyan-gyorsitsa-fel-a-csomagolasi-folyamatot-anelkuel-hogy-none-a-selejtszam/,None
https://www.boschrexroth.com/hu/hu/blog/uton-a-digitalizacio-fele-hogyan-merje-fel-vallalata-digitalis-erettseget/,None
https://www.boschrexroth.com/hu/hu/blog/gazdasagos-univerzalis-presrendszer/,dfd073f1-7634-4dc9-b4a9-a2e08d59dae6
https://www.boschrexroth.com/hu/hu/blog/lang-nagy-pontossagu-maras-egyszeru-automatizalas/,fc3cd142-bded-4ca1-9301-1e040a31cefb
https://www.boschrexroth.com/hu/hu/blog/automatizacio-a-versenykepes-raktar-kulcsa/,None
https://www.boschrexroth.com/hu/hu/blog/vegyes-robotflottak-oesszehangolasa/,1835f8c7-560f-4a0e-913f-a782dd48c2e2
https://www.boschrexroth.com/hu/hu/blog/rfid/,None
https://www.boschrexroth.com/hu/hu/blog/rimas-smart-function-kit-pressing/,f4cdf6df-dadb-491b-8959-cabd40215f79
https://www.boschrexroth.com/hu/hu/blog/teljes-koeru-felujitas-elektromos-hajtasok-masodik-elete/,4326eab2-3347-4bd2-88d0-16be3013d59a
https://www.boschrexroth.com/hu/hu/blog/h4u-blog/,None
https://www.boschrexroth.com/en/gr/blog/transfer-telematics-data-to-the-cloud/,8c23713b-8093-45a1-8dd1-304796288f62
https://www.boschrexroth.com/hu/hu/blog/a-mechatronika-uj-korszaka-a-smart-mechatronix/,None
https://www.boschrexroth.com/hu/hu/blog/golyosgoergok-a-rejtett-bajnokok/,18566b20-7921-4a1a-907d-f0e911a9a8f0
https://www.boschrexroth.com/hu/hu/blog/teljes-energiaellatas-az-agv-k-szamara/,5bdee65a-302f-4716-af26-47479a5e9371
https://www.boschrexroth.com/hu/hu/blog/szallitopalya-rendszerek-a-gyorsitosavban/,e30e7366-d0a3-49d7-be6f-abe1f01e063d
https://www.boschrexroth.com/hu/hu/blog/gyartas-hatekonyan-innovativ-szallitopalyak-a-bosch-rexroth-tol/,None
https://www.boschrexroth.com/hu/hu/blog/intelligens-nyomasellatas-a-gyujtogyertyagyartasban/,4d5f862c-97ef-4457-b88a-15a7e22e4f46
https://www.boschrexroth.com/hu/hu/blog/szervopres-intelligens-alrendszerrel/,1f52bdf9-a014-4ae3-bd4c-6e7c6f56e3b7
https://www.boschrexroth.com/hu/hu/blog/megelozo-analitika-az-ujrahasznosito-iparban/,fc72fd6e-ed53-48bf-8a5b-a611b6f3487b
https://www.boschrexroth.com/hu/hu/blog/hatekony-precizios-gazdalkodas-az-elektro-szoft-2000-kft-vel/,None
https://www.boschrexroth.com/hu/hu/blog/halozaton-kapcsolodo-ikerpar-a-digitalis-hozzaadott-ertekhez/,ce589ae3-1865-424b-b396-49be5df130c2
https://www.boschrexroth.com/hu/hu/blog/amr-kobot/,None
https://www.boschrexroth.com/hu/hu/blog/off-highway-muszerfalak/,914b376b-59e2-40b9-83ee-fa17c5224009
https://www.boschrexroth.com/hu/hu/blog/beszeljuek-az-ipar-4-0-nyelvet/,0c8cf25a-f649-490c-9329-bcbd8bcba68b
https://www.boschrexroth.com/hu/hu/blog/a-smart-flex-effector-toebb-dijat-is-nyert/,ea38bba3-f660-4e52-bc4e-9b1f57dd32fd
https://www.boschrexroth.com/hu/hu/blog/hogyan-optimalizaljak-a-gepek-es-rendszerek-mukoedeset-a-kompakt-hidraulikus-aktuatorok/,ed141598-7c89-4ef4-a1dd-0c6e4e04917c
https://www.boschrexroth.com/en/hu/blog/linear-motion-technology-automation/,ee98a23e-0a89-4cf3-8aec-13ce765cc1b6
https://www.boschrexroth.com/hu/hu/blog/hegesztes-mindenkinek-a-tudas-es-a-szakertelem-kombinacioja/,026fd0cb-fdf8-4772-bd26-574b011c9450
https://www.boschrexroth.com/en/hu/blog/ducati-digital-operations-software-solution/,fa984e6f-c329-4838-bc98-c1aaab3e6a4e
https://www.boschrexroth.com/en/hu/blog/a-system-for-an-economical-universal-press/,dfd073f1-7634-4dc9-b4a9-a2e08d59dae6
https://www.boschrexroth.com/hu/hu/blog/a-sampierana-a-rexroth-eoc-technologiajaval-fejleszt/,f56965fe-51a6-4844-9456-9925ccbc2ea1
https://www.boschrexroth.com/en/hu/blog/lang-high-precision-milling-simple-automation/,fc3cd142-bded-4ca1-9301-1e040a31cefb
https://www.boschrexroth.com/hu/hu/blog/hagyomanyos-vs-modern-raktarak/,None
https://www.boschrexroth.com/hu/hu/blog/mtpro-blog/,None
https://www.boschrexroth.com/en/hu/blog/orchestration-of-mixed-robot-fleets/,1835f8c7-560f-4a0e-913f-a782dd48c2e2
https://www.boschrexroth.com/en/hu/blog/rimas-smart-function-kit-pressing/,f4cdf6df-dadb-491b-8959-cabd40215f79
https://www.boschrexroth.com/en/hu/blog/smart-pressure-supply-in-spark-plug-production/,4d5f862c-97ef-4457-b88a-15a7e22e4f46
https://www.boschrexroth.com/en/hu/blog/ball-transfer-units-hidden-champions/,18566b20-7921-4a1a-907d-f0e911a9a8f0
https://www.boschrexroth.com/en/hu/blog/full-power-for-agvs/,5bdee65a-302f-4716-af26-47479a5e9371
https://www.boschrexroth.com/en/hu/blog/remanufacturing-giving-electric-drives-a-second-life/,4326eab2-3347-4bd2-88d0-16be3013d59a
https://www.boschrexroth.com/en/hu/blog/servo-press-with-an-intelligent-subsystem/,1f52bdf9-a014-4ae3-bd4c-6e7c6f56e3b7
https://www.boschrexroth.com/en/hu/blog/predictive-analytics-in-the-recycling-industry/,fc72fd6e-ed53-48bf-8a5b-a611b6f3487b
https://www.boschrexroth.com/en/hu/blog/transfer-systems-on-the-fast-track/,e30e7366-d0a3-49d7-be6f-abe1f01e063d
https://www.boschrexroth.com/en/hu/blog/smart-flex-effector-wins-multiple-awards/,ea38bba3-f660-4e52-bc4e-9b1f57dd32fd
https://www.boschrexroth.com/en/hu/blog/connected-twins-for-digital-added-value/,ce589ae3-1865-424b-b396-49be5df130c2
https://www.boschrexroth.com/en/hu/blog/speaking-the-language-of-industry-4-0/,0c8cf25a-f649-490c-9329-bcbd8bcba68b
https://www.boschrexroth.com/en/hu/blog/off-highway-dashboards/,914b376b-59e2-40b9-83ee-fa17c5224009
https://www.boschrexroth.com/en/hu/blog/automated-spatter-reduction/,12cfdc9a-5dfc-4f46-8bad-c0df4e8bb013
https://www.boschrexroth.com/en/hu/blog/welding-for-all-knowledge-and-skills-combined/,026fd0cb-fdf8-4772-bd26-574b011c9450
https://www.boschrexroth.com/en/hu/blog/how-self-contained-actuators-optimize-machines-and-systems/,ed141598-7c89-4ef4-a1dd-0c6e4e04917c
https://www.boschrexroth.com/en/hu/blog/sampierana-moves-ahead-with-rexroth-eoc/,f56965fe-51a6-4844-9456-9925ccbc2ea1
https://www.boschrexroth.com/en/hu/blog/sensata-servo-press/,9bda26ce-621e-486a-9b44-276e0f15aa9c
https://www.boschrexroth.com/en/hu/blog/the-value-of-welding-services/,1987ec8b-a3c0-4927-bba7-23296420e8d6
https://www.boschrexroth.com/en/hu/blog/long-live-the-welding-control-of-the-future/,f9e03db5-aaa8-473d-8c28-76bada2c5f2e
https://www.boschrexroth.com/en/hu/blog/selmec-smart-servo-press/,4793b830-0336-4647-bdeb-6f6720967007
https://www.boschrexroth.com/en/hu/blog/electromechanical-cylinders-for-the-factory-of-the-future/,28d57f3f-f8f8-4b86-a9de-21dcfa50f7a5
https://www.boschrexroth.com/en/hu/blog/alltrec-with-telematics-solution-from-bosch-rexroth/,72b85c52-a0cd-4acc-b084-8d083ce51003
https://www.boschrexroth.com/en/hu/blog/hyundai-drives-ahead-with-bosch-rexroth/,f5157bdd-8e84-4615-8a05-9aa190cba8f3
https://www.boschrexroth.com/en/hu/blog/smart-pressing-and-joining/,d5dcc128-cd36-4616-ad7d-613d0b474376
https://www.boschrexroth.com/en/hu/blog/elion-the-powerful-way/,8fcff9b0-5fb4-40de-b79b-be750f7dc849
https://www.boschrexroth.com/en/hu/blog/transfer-telematics-data-to-the-cloud/,8c23713b-8093-45a1-8dd1-304796288f62
https://www.boschrexroth.com/en/hu/blog/handling-small-parts-the-easy-way/,1ef62b94-7818-4ff4-91ee-12670c309f55
https://www.boschrexroth.com/en/hu/blog/qmatec-off-highway-telematics/,c6ddf6b7-d8b7-42c6-93d4-6ac3c712bff4
https://www.boschrexroth.com/en/hu/blog/hyler-telematics/,6f9a754d-962a-486b-82b4-38fee520c5e6
https://www.boschrexroth.com/en/hu/blog/five-points-for-successful-data-collection/,5e2ac0d3-b51f-4f78-80be-068b443b4329
https://www.boschrexroth.com/en/hu/blog/holmer-telematics-strategy/,a35d7610-e896-4378-bd6f-2676c2373d39
https://www.boschrexroth.com/en/in/blog/ducati-digital-operations-software-solution/,fa984e6f-c329-4838-bc98-c1aaab3e6a4e
https://www.boschrexroth.com/en/in/blog/linear-motion-technology-automation/,ee98a23e-0a89-4cf3-8aec-13ce765cc1b6
https://www.boschrexroth.com/en/in/blog/lang-high-precision-milling-simple-automation/,fc3cd142-bded-4ca1-9301-1e040a31cefb
https://www.boschrexroth.com/en/in/blog/orchestration-of-mixed-robot-fleets/,1835f8c7-560f-4a0e-913f-a782dd48c2e2
https://www.boschrexroth.com/en/in/blog/rimas-smart-function-kit-pressing/,f4cdf6df-dadb-491b-8959-cabd40215f79
https://www.boschrexroth.com/en/in/blog/ball-transfer-units-hidden-champions/,18566b20-7921-4a1a-907d-f0e911a9a8f0
https://www.boschrexroth.com/en/in/blog/a-system-for-an-economical-universal-press/,dfd073f1-7634-4dc9-b4a9-a2e08d59dae6
https://www.boschrexroth.com/en/in/blog/smart-pressure-supply-in-spark-plug-production/,4d5f862c-97ef-4457-b88a-15a7e22e4f46
https://www.boschrexroth.com/en/in/blog/full-power-for-agvs/,5bdee65a-302f-4716-af26-47479a5e9371
https://www.boschrexroth.com/en/in/blog/transfer-systems-on-the-fast-track/,e30e7366-d0a3-49d7-be6f-abe1f01e063d
https://www.boschrexroth.com/en/in/blog/servo-press-with-an-intelligent-subsystem/,1f52bdf9-a014-4ae3-bd4c-6e7c6f56e3b7
https://www.boschrexroth.com/en/in/blog/predictive-analytics-in-the-recycling-industry/,fc72fd6e-ed53-48bf-8a5b-a611b6f3487b
https://www.boschrexroth.com/en/in/blog/smart-flex-effector-wins-multiple-awards/,ea38bba3-f660-4e52-bc4e-9b1f57dd32fd
https://www.boschrexroth.com/en/in/blog/off-highway-dashboards/,914b376b-59e2-40b9-83ee-fa17c5224009
https://www.boschrexroth.com/en/in/blog/how-self-contained-actuators-optimize-machines-and-systems/,ed141598-7c89-4ef4-a1dd-0c6e4e04917c
https://www.boschrexroth.com/en/in/blog/speaking-the-language-of-industry-4-0/,0c8cf25a-f649-490c-9329-bcbd8bcba68b
https://www.boschrexroth.com/en/in/blog/connected-twins-for-digital-added-value/,ce589ae3-1865-424b-b396-49be5df130c2
https://www.boschrexroth.com/en/in/blog/sampierana-moves-ahead-with-rexroth-eoc/,f56965fe-51a6-4844-9456-9925ccbc2ea1
https://www.boschrexroth.com/en/in/blog/welding-for-all-knowledge-and-skills-combined/,026fd0cb-fdf8-4772-bd26-574b011c9450
https://www.boschrexroth.com/en/in/blog/electromechanical-cylinders-for-the-factory-of-the-future/,28d57f3f-f8f8-4b86-a9de-21dcfa50f7a5
https://www.boschrexroth.com/en/in/blog/sensata-servo-press/,9bda26ce-621e-486a-9b44-276e0f15aa9c
https://www.boschrexroth.com/en/in/blog/automated-spatter-reduction/,12cfdc9a-5dfc-4f46-8bad-c0df4e8bb013
https://www.boschrexroth.com/en/in/blog/the-value-of-welding-services/,1987ec8b-a3c0-4927-bba7-23296420e8d6
https://www.boschrexroth.com/en/in/blog/alltrec-with-telematics-solution-from-bosch-rexroth/,72b85c52-a0cd-4acc-b084-8d083ce51003
https://www.boschrexroth.com/en/in/blog/long-live-the-welding-control-of-the-future/,f9e03db5-aaa8-473d-8c28-76bada2c5f2e
https://www.boschrexroth.com/en/in/blog/selmec-smart-servo-press/,4793b830-0336-4647-bdeb-6f6720967007
https://www.boschrexroth.com/en/in/blog/hyundai-drives-ahead-with-bosch-rexroth/,f5157bdd-8e84-4615-8a05-9aa190cba8f3
https://www.boschrexroth.com/en/in/blog/smart-pressing-and-joining/,d5dcc128-cd36-4616-ad7d-613d0b474376
https://www.boschrexroth.com/en/in/blog/elion-the-powerful-way/,8fcff9b0-5fb4-40de-b79b-be750f7dc849
https://www.boschrexroth.com/en/in/blog/qmatec-off-highway-telematics/,c6ddf6b7-d8b7-42c6-93d4-6ac3c712bff4
https://www.boschrexroth.com/en/in/blog/handling-small-parts-the-easy-way/,1ef62b94-7818-4ff4-91ee-12670c309f55
https://www.boschrexroth.com/en/in/blog/transfer-telematics-data-to-the-cloud/,8c23713b-8093-45a1-8dd1-304796288f62
https://www.boschrexroth.com/en/in/blog/hyler-telematics/,6f9a754d-962a-486b-82b4-38fee520c5e6
https://www.boschrexroth.com/en/in/blog/five-points-for-successful-data-collection/,5e2ac0d3-b51f-4f78-80be-068b443b4329
https://www.boschrexroth.com/en/in/blog/holmer-telematics-strategy/,a35d7610-e896-4378-bd6f-2676c2373d39
https://www.boschrexroth.com/en/in/blog/linear-robots-in-the-blink-of-an-eye/,a564bc15-5c8e-4f87-9d62-512bbb017f9e
https://www.boschrexroth.com/en/id/blog/linear-motion-technology-automation/,ee98a23e-0a89-4cf3-8aec-13ce765cc1b6
https://www.boschrexroth.com/en/id/blog/ducati-digital-operations-software-solution/,fa984e6f-c329-4838-bc98-c1aaab3e6a4e
https://www.boschrexroth.com/en/id/blog/step-inside-energy-saving-initiatives/,fb90024e-fd9a-4738-8b23-d56de2f0d354
https://www.boschrexroth.com/en/id/blog/a-system-for-an-economical-universal-press/,dfd073f1-7634-4dc9-b4a9-a2e08d59dae6
https://www.boschrexroth.com/en/id/blog/rimas-smart-function-kit-pressing/,f4cdf6df-dadb-491b-8959-cabd40215f79
https://www.boschrexroth.com/en/id/blog/orchestration-of-mixed-robot-fleets/,1835f8c7-560f-4a0e-913f-a782dd48c2e2
https://www.boschrexroth.com/en/id/blog/lang-high-precision-milling-simple-automation/,fc3cd142-bded-4ca1-9301-1e040a31cefb
https://www.boschrexroth.com/en/id/blog/remanufacturing-giving-electric-drives-a-second-life/,4326eab2-3347-4bd2-88d0-16be3013d59a
https://www.boschrexroth.com/en/id/blog/ball-transfer-units-hidden-champions/,18566b20-7921-4a1a-907d-f0e911a9a8f0
https://www.boschrexroth.com/en/id/blog/predictive-analytics-in-the-recycling-industry/,fc72fd6e-ed53-48bf-8a5b-a611b6f3487b
https://www.boschrexroth.com/en/id/blog/full-power-for-agvs/,5bdee65a-302f-4716-af26-47479a5e9371
https://www.boschrexroth.com/en/id/blog/transfer-systems-on-the-fast-track/,e30e7366-d0a3-49d7-be6f-abe1f01e063d
https://www.boschrexroth.com/en/id/blog/smart-pressure-supply-in-spark-plug-production/,4d5f862c-97ef-4457-b88a-15a7e22e4f46
https://www.boschrexroth.com/en/id/blog/smart-flex-effector-wins-multiple-awards/,ea38bba3-f660-4e52-bc4e-9b1f57dd32fd
https://www.boschrexroth.com/en/id/blog/servo-press-with-an-intelligent-subsystem/,1f52bdf9-a014-4ae3-bd4c-6e7c6f56e3b7
https://www.boschrexroth.com/en/id/blog/off-highway-dashboards/,914b376b-59e2-40b9-83ee-fa17c5224009
https://www.boschrexroth.com/en/id/blog/speaking-the-language-of-industry-4-0/,0c8cf25a-f649-490c-9329-bcbd8bcba68b
https://www.boschrexroth.com/en/id/blog/connected-twins-for-digital-added-value/,ce589ae3-1865-424b-b396-49be5df130c2
https://www.boschrexroth.com/en/id/blog/welding-for-all-knowledge-and-skills-combined/,026fd0cb-fdf8-4772-bd26-574b011c9450
https://www.boschrexroth.com/en/id/blog/how-self-contained-actuators-optimize-machines-and-systems/,ed141598-7c89-4ef4-a1dd-0c6e4e04917c
https://www.boschrexroth.com/en/id/blog/sampierana-moves-ahead-with-rexroth-eoc/,f56965fe-51a6-4844-9456-9925ccbc2ea1
https://www.boschrexroth.com/en/id/blog/automated-spatter-reduction/,12cfdc9a-5dfc-4f46-8bad-c0df4e8bb013
https://www.boschrexroth.com/en/id/blog/sensata-servo-press/,9bda26ce-621e-486a-9b44-276e0f15aa9c
https://www.boschrexroth.com/en/id/blog/the-value-of-welding-services/,1987ec8b-a3c0-4927-bba7-23296420e8d6
https://www.boschrexroth.com/en/id/blog/electromechanical-cylinders-for-the-factory-of-the-future/,28d57f3f-f8f8-4b86-a9de-21dcfa50f7a5
https://www.boschrexroth.com/en/id/blog/alltrec-with-telematics-solution-from-bosch-rexroth/,72b85c52-a0cd-4acc-b084-8d083ce51003
https://www.boschrexroth.com/en/id/blog/long-live-the-welding-control-of-the-future/,f9e03db5-aaa8-473d-8c28-76bada2c5f2e
https://www.boschrexroth.com/en/id/blog/selmec-smart-servo-press/,4793b830-0336-4647-bdeb-6f6720967007
https://www.boschrexroth.com/en/id/blog/hyundai-drives-ahead-with-bosch-rexroth/,f5157bdd-8e84-4615-8a05-9aa190cba8f3
https://www.boschrexroth.com/en/id/blog/smart-pressing-and-joining/,d5dcc128-cd36-4616-ad7d-613d0b474376
https://www.boschrexroth.com/en/id/blog/elion-the-powerful-way/,8fcff9b0-5fb4-40de-b79b-be750f7dc849
https://www.boschrexroth.com/en/id/blog/handling-small-parts-the-easy-way/,1ef62b94-7818-4ff4-91ee-12670c309f55
https://www.boschrexroth.com/en/id/blog/qmatec-off-highway-telematics/,c6ddf6b7-d8b7-42c6-93d4-6ac3c712bff4
https://www.boschrexroth.com/en/id/blog/transfer-telematics-data-to-the-cloud/,8c23713b-8093-45a1-8dd1-304796288f62
https://www.boschrexroth.com/en/id/blog/hyler-telematics/,6f9a754d-962a-486b-82b4-38fee520c5e6
https://www.boschrexroth.com/en/id/blog/five-points-for-successful-data-collection/,5e2ac0d3-b51f-4f78-80be-068b443b4329
https://www.boschrexroth.com/en/ie/blog/,None
https://www.boschrexroth.com/it/it/blog/,17c45196-b67c-455f-a381-56a574ab5bd7
https://www.boschrexroth.com/ja/jp/blog/step-inside-energy-saving-initiatives/,fb90024e-fd9a-4738-8b23-d56de2f0d354
https://www.boschrexroth.com/ja/jp/blog/linear-motion-technology-automation/,ee98a23e-0a89-4cf3-8aec-13ce765cc1b6
https://www.boschrexroth.com/ja/jp/blog/ducati-digital-operations-software-solution/,fa984e6f-c329-4838-bc98-c1aaab3e6a4e
https://www.boschrexroth.com/ja/jp/blog/a-system-for-an-economical-universal-press/,dfd073f1-7634-4dc9-b4a9-a2e08d59dae6
https://www.boschrexroth.com/ja/jp/blog/lang-high-precision-milling-simple-automation/,fc3cd142-bded-4ca1-9301-1e040a31cefb
https://www.boschrexroth.com/ja/jp/blog/rimas-smart-function-kit-pressing/,f4cdf6df-dadb-491b-8959-cabd40215f79
https://www.boschrexroth.com/ja/jp/blog/ball-transfer-units-hidden-champions/,18566b20-7921-4a1a-907d-f0e911a9a8f0
https://www.boschrexroth.com/ja/jp/blog/orchestration-of-mixed-robot-fleets/,1835f8c7-560f-4a0e-913f-a782dd48c2e2
https://www.boschrexroth.com/ja/jp/blog/transfer-systems-on-the-fast-track/,e30e7366-d0a3-49d7-be6f-abe1f01e063d
https://www.boschrexroth.com/ja/jp/blog/remanufacturing-giving-electric-drives-a-second-life/,4326eab2-3347-4bd2-88d0-16be3013d59a
https://www.boschrexroth.com/ja/jp/blog/servo-press-with-an-intelligent-subsystem/,1f52bdf9-a014-4ae3-bd4c-6e7c6f56e3b7
https://www.boschrexroth.com/ja/jp/blog/smart-flex-effector-wins-multiple-awards/,ea38bba3-f660-4e52-bc4e-9b1f57dd32fd
https://www.boschrexroth.com/ja/jp/blog/connected-twins-for-digital-added-value/,ce589ae3-1865-424b-b396-49be5df130c2
https://www.boschrexroth.com/ja/jp/blog/full-power-for-agvs/,5bdee65a-302f-4716-af26-47479a5e9371
https://www.boschrexroth.com/ja/jp/blog/smart-pressure-supply-in-spark-plug-production/,4d5f862c-97ef-4457-b88a-15a7e22e4f46
https://www.boschrexroth.com/ja/jp/blog/speaking-the-language-of-industry-4-0/,0c8cf25a-f649-490c-9329-bcbd8bcba68b
https://www.boschrexroth.com/ja/jp/blog/predictive-analytics-in-the-recycling-industry/,fc72fd6e-ed53-48bf-8a5b-a611b6f3487b
https://www.boschrexroth.com/ja/jp/blog/how-self-contained-actuators-optimize-machines-and-systems/,ed141598-7c89-4ef4-a1dd-0c6e4e04917c
https://www.boschrexroth.com/ja/jp/blog/off-highway-dashboards/,914b376b-59e2-40b9-83ee-fa17c5224009
https://www.boschrexroth.com/ja/jp/blog/sampierana-moves-ahead-with-rexroth-eoc/,f56965fe-51a6-4844-9456-9925ccbc2ea1
https://www.boschrexroth.com/ja/jp/blog/welding-for-all-knowledge-and-skills-combined/,026fd0cb-fdf8-4772-bd26-574b011c9450
https://www.boschrexroth.com/ja/jp/blog/automated-spatter-reduction/,12cfdc9a-5dfc-4f46-8bad-c0df4e8bb013
https://www.boschrexroth.com/ja/jp/blog/electromechanical-cylinders-for-the-factory-of-the-future/,28d57f3f-f8f8-4b86-a9de-21dcfa50f7a5
https://www.boschrexroth.com/ja/jp/blog/sensata-servo-press/,9bda26ce-621e-486a-9b44-276e0f15aa9c
https://www.boschrexroth.com/ja/jp/blog/alltrec-with-telematics-solution-from-bosch-rexroth/,72b85c52-a0cd-4acc-b084-8d083ce51003
https://www.boschrexroth.com/ja/jp/blog/the-value-of-welding-services/,1987ec8b-a3c0-4927-bba7-23296420e8d6
https://www.boschrexroth.com/ja/jp/blog/selmec-smart-servo-press/,4793b830-0336-4647-bdeb-6f6720967007
https://www.boschrexroth.com/ja/jp/blog/long-live-the-welding-control-of-the-future/,f9e03db5-aaa8-473d-8c28-76bada2c5f2e
https://www.boschrexroth.com/ja/jp/blog/hyundai-drives-ahead-with-bosch-rexroth/,f5157bdd-8e84-4615-8a05-9aa190cba8f3
https://www.boschrexroth.com/ja/jp/blog/smart-pressing-and-joining/,d5dcc128-cd36-4616-ad7d-613d0b474376
https://www.boschrexroth.com/ja/jp/blog/elion-the-powerful-way/,8fcff9b0-5fb4-40de-b79b-be750f7dc849
https://www.boschrexroth.com/ja/jp/blog/qmatec-off-highway-telematics/,c6ddf6b7-d8b7-42c6-93d4-6ac3c712bff4
https://www.boschrexroth.com/ja/jp/blog/handling-small-parts-the-easy-way/,1ef62b94-7818-4ff4-91ee-12670c309f55
https://www.boschrexroth.com/ja/jp/blog/transfer-telematics-data-to-the-cloud/,8c23713b-8093-45a1-8dd1-304796288f62
https://www.boschrexroth.com/ja/jp/blog/hyler-telematics/,6f9a754d-962a-486b-82b4-38fee520c5e6
https://www.boschrexroth.com/ja/jp/blog/five-points-for-successful-data-collection/,5e2ac0d3-b51f-4f78-80be-068b443b4329
https://www.boschrexroth.com/ru/kz/blog/,None
https://www.boschrexroth.com/ko/kr/blog/linear-motion-technology-automation/,ee98a23e-0a89-4cf3-8aec-13ce765cc1b6
https://www.boschrexroth.com/ko/kr/blog/ducati-digital-operations-software-solution/,fa984e6f-c329-4838-bc98-c1aaab3e6a4e
https://www.boschrexroth.com/ko/kr/blog/step-inside-energy-saving-initiatives/,fb90024e-fd9a-4738-8b23-d56de2f0d354
https://www.boschrexroth.com/ko/kr/blog/a-system-for-an-economical-universal-press/,dfd073f1-7634-4dc9-b4a9-a2e08d59dae6
https://www.boschrexroth.com/ko/kr/blog/rimas-smart-function-kit-pressing/,f4cdf6df-dadb-491b-8959-cabd40215f79
https://www.boschrexroth.com/ko/kr/blog/remanufacturing-giving-electric-drives-a-second-life/,4326eab2-3347-4bd2-88d0-16be3013d59a
https://www.boschrexroth.com/ko/kr/blog/ball-transfer-units-hidden-champions/,18566b20-7921-4a1a-907d-f0e911a9a8f0
https://www.boschrexroth.com/ko/kr/blog/lang-high-precision-milling-simple-automation/,fc3cd142-bded-4ca1-9301-1e040a31cefb
https://www.boschrexroth.com/ko/kr/blog/orchestration-of-mixed-robot-fleets/,1835f8c7-560f-4a0e-913f-a782dd48c2e2
https://www.boschrexroth.com/ko/kr/blog/smart-pressure-supply-in-spark-plug-production/,4d5f862c-97ef-4457-b88a-15a7e22e4f46
https://www.boschrexroth.com/ko/kr/blog/servo-press-with-an-intelligent-subsystem/,1f52bdf9-a014-4ae3-bd4c-6e7c6f56e3b7
https://www.boschrexroth.com/ko/kr/blog/transfer-systems-on-the-fast-track/,e30e7366-d0a3-49d7-be6f-abe1f01e063d
https://www.boschrexroth.com/ko/kr/blog/connected-twins-for-digital-added-value/,ce589ae3-1865-424b-b396-49be5df130c2
https://www.boschrexroth.com/ko/kr/blog/smart-flex-effector-wins-multiple-awards/,ea38bba3-f660-4e52-bc4e-9b1f57dd32fd
https://www.boschrexroth.com/ko/kr/blog/speaking-the-language-of-industry-4-0/,0c8cf25a-f649-490c-9329-bcbd8bcba68b
https://www.boschrexroth.com/ko/kr/blog/predictive-analytics-in-the-recycling-industry/,fc72fd6e-ed53-48bf-8a5b-a611b6f3487b
https://www.boschrexroth.com/ko/kr/blog/off-highway-dashboards/,914b376b-59e2-40b9-83ee-fa17c5224009
https://www.boschrexroth.com/ko/kr/blog/welding-for-all-knowledge-and-skills-combined/,026fd0cb-fdf8-4772-bd26-574b011c9450
https://www.boschrexroth.com/ko/kr/blog/automated-spatter-reduction/,12cfdc9a-5dfc-4f46-8bad-c0df4e8bb013
https://www.boschrexroth.com/ko/kr/blog/sampierana-moves-ahead-with-rexroth-eoc/,f56965fe-51a6-4844-9456-9925ccbc2ea1
https://www.boschrexroth.com/ko/kr/blog/electromechanical-cylinders-for-the-factory-of-the-future/,28d57f3f-f8f8-4b86-a9de-21dcfa50f7a5
https://www.boschrexroth.com/ko/kr/blog/sensata-servo-press/,9bda26ce-621e-486a-9b44-276e0f15aa9c
https://www.boschrexroth.com/ko/kr/blog/full-power-for-agvs/,5bdee65a-302f-4716-af26-47479a5e9371
https://www.boschrexroth.com/ko/kr/blog/the-value-of-welding-services/,1987ec8b-a3c0-4927-bba7-23296420e8d6
https://www.boschrexroth.com/ko/kr/blog/alltrec-with-telematics-solution-from-bosch-rexroth/,72b85c52-a0cd-4acc-b084-8d083ce51003
https://www.boschrexroth.com/ko/kr/blog/long-live-the-welding-control-of-the-future/,f9e03db5-aaa8-473d-8c28-76bada2c5f2e
https://www.boschrexroth.com/ko/kr/blog/selmec-smart-servo-press/,4793b830-0336-4647-bdeb-6f6720967007
https://www.boschrexroth.com/ko/kr/blog/smart-pressing-and-joining/,d5dcc128-cd36-4616-ad7d-613d0b474376
https://www.boschrexroth.com/ko/kr/blog/hyundai-drives-ahead-with-bosch-rexroth/,f5157bdd-8e84-4615-8a05-9aa190cba8f3
https://www.boschrexroth.com/ko/kr/blog/elion-the-powerful-way/,8fcff9b0-5fb4-40de-b79b-be750f7dc849
https://www.boschrexroth.com/ko/kr/blog/qmatec-off-highway-telematics/,c6ddf6b7-d8b7-42c6-93d4-6ac3c712bff4
https://www.boschrexroth.com/ko/kr/blog/handling-small-parts-the-easy-way/,1ef62b94-7818-4ff4-91ee-12670c309f55
https://www.boschrexroth.com/ko/kr/blog/transfer-telematics-data-to-the-cloud/,8c23713b-8093-45a1-8dd1-304796288f62
https://www.boschrexroth.com/ko/kr/blog/hyler-telematics/,6f9a754d-962a-486b-82b4-38fee520c5e6
https://www.boschrexroth.com/ko/kr/blog/five-points-for-successful-data-collection/,5e2ac0d3-b51f-4f78-80be-068b443b4329
https://www.boschrexroth.com/ru/kz/blog/,None
https://www.boschrexroth.com/lt/lt/blog/,None
https://www.boschrexroth.com/lv/lv/blog/,None
https://www.boschrexroth.com/en/my/blog/step-inside-energy-saving-initiatives/,fb90024e-fd9a-4738-8b23-d56de2f0d354
https://www.boschrexroth.com/en/my/blog/linear-motion-technology-automation/,ee98a23e-0a89-4cf3-8aec-13ce765cc1b6
https://www.boschrexroth.com/en/my/blog/lang-high-precision-milling-simple-automation/,fc3cd142-bded-4ca1-9301-1e040a31cefb
https://www.boschrexroth.com/en/my/blog/ducati-digital-operations-software-solution/,fa984e6f-c329-4838-bc98-c1aaab3e6a4e
https://www.boschrexroth.com/en/my/blog/a-system-for-an-economical-universal-press/,dfd073f1-7634-4dc9-b4a9-a2e08d59dae6
https://www.boschrexroth.com/ko/kr/blog/how-self-contained-actuators-optimize-machines-and-systems/,ed141598-7c89-4ef4-a1dd-0c6e4e04917c
https://www.boschrexroth.com/en/my/blog/2024-regional-partner-conference/,None
https://www.boschrexroth.com/en/my/blog/rimas-smart-function-kit-pressing/,f4cdf6df-dadb-491b-8959-cabd40215f79
https://www.boschrexroth.com/en/my/blog/remanufacturing-giving-electric-drives-a-second-life/,4326eab2-3347-4bd2-88d0-16be3013d59a
https://www.boschrexroth.com/en/my/blog/ball-transfer-units-hidden-champions/,18566b20-7921-4a1a-907d-f0e911a9a8f0
https://www.boschrexroth.com/en/my/blog/gmi-mou-2024/,None
https://www.boschrexroth.com/en/my/blog/transforming-palm-oil-industry/,None
https://www.boschrexroth.com/en/my/blog/full-power-for-agvs/,5bdee65a-302f-4716-af26-47479a5e9371
https://www.boschrexroth.com/en/my/blog/certified-excellence-partner-closer-than-you-think/,None
https://www.boschrexroth.com/en/my/blog/smart-pressure-supply-in-spark-plug-production/,4d5f862c-97ef-4457-b88a-15a7e22e4f46
https://www.boschrexroth.com/en/my/blog/hydraulics-for-kl-landscape/,None
https://www.boschrexroth.com/en/my/blog/anti-counterfeit-campaign-2023/,None
https://www.boschrexroth.com/en/my/blog/transfer-systems-on-the-fast-track/,e30e7366-d0a3-49d7-be6f-abe1f01e063d
https://www.boschrexroth.com/en/my/blog/predictive-analytics-in-the-recycling-industry/,fc72fd6e-ed53-48bf-8a5b-a611b6f3487b
https://www.boschrexroth.com/en/my/blog/connected-twins-for-digital-added-value/,ce589ae3-1865-424b-b396-49be5df130c2
https://www.boschrexroth.com/en/my/blog/speaking-the-language-of-industry-4-0/,0c8cf25a-f649-490c-9329-bcbd8bcba68b
https://www.boschrexroth.com/en/my/blog/how-self-contained-actuators-optimize-machines-and-systems/,ed141598-7c89-4ef4-a1dd-0c6e4e04917c
https://www.boschrexroth.com/en/my/blog/off-highway-dashboards/,914b376b-59e2-40b9-83ee-fa17c5224009
https://www.boschrexroth.com/en/my/blog/welding-for-all-knowledge-and-skills-combined/,026fd0cb-fdf8-4772-bd26-574b011c9450
https://www.boschrexroth.com/en/my/blog/automated-spatter-reduction/,12cfdc9a-5dfc-4f46-8bad-c0df4e8bb013
https://www.boschrexroth.com/en/my/blog/sampierana-moves-ahead-with-rexroth-eoc/,f56965fe-51a6-4844-9456-9925ccbc2ea1
https://www.boschrexroth.com/en/my/blog/orchestration-of-mixed-robot-fleets/,1835f8c7-560f-4a0e-913f-a782dd48c2e2
https://www.boschrexroth.com/en/my/blog/sensata-servo-press/,9bda26ce-621e-486a-9b44-276e0f15aa9c
https://www.boschrexroth.com/en/my/blog/electromechanical-cylinders-for-the-factory-of-the-future/,28d57f3f-f8f8-4b86-a9de-21dcfa50f7a5
https://www.boschrexroth.com/en/my/blog/the-value-of-welding-services/,1987ec8b-a3c0-4927-bba7-23296420e8d6
https://www.boschrexroth.com/en/my/blog/long-live-the-welding-control-of-the-future/,f9e03db5-aaa8-473d-8c28-76bada2c5f2e
https://www.boschrexroth.com/en/my/blog/selmec-smart-servo-press/,4793b830-0336-4647-bdeb-6f6720967007
https://www.boschrexroth.com/en/my/blog/hyundai-drives-ahead-with-bosch-rexroth/,f5157bdd-8e84-4615-8a05-9aa190cba8f3
https://www.boschrexroth.com/en/my/blog/alltrec-with-telematics-solution-from-bosch-rexroth/,72b85c52-a0cd-4acc-b084-8d083ce51003
https://www.boschrexroth.com/en/my/blog/smart-pressing-and-joining/,d5dcc128-cd36-4616-ad7d-613d0b474376
https://www.boschrexroth.com/es/mx/blog/descubra-las-iniciativas-de-ahorro-energetico/,fb90024e-fd9a-4738-8b23-d56de2f0d354
https://www.boschrexroth.com/es/mx/blog/automatizacion-de-la-tecnologia-de-movimiento-lineal/,ee98a23e-0a89-4cf3-8aec-13ce765cc1b6
https://www.boschrexroth.com/es/mx/blog/solucion-de-software-de-operaciones-digitales-para-ducati/,fa984e6f-c329-4838-bc98-c1aaab3e6a4e
https://www.boschrexroth.com/en/my/blog/servo-press-with-an-intelligent-subsystem/,1f52bdf9-a014-4ae3-bd4c-6e7c6f56e3b7
https://www.boschrexroth.com/es/mx/blog/un-sistema-de-prensa-universal-economica/,dfd073f1-7634-4dc9-b4a9-a2e08d59dae6
https://www.boschrexroth.com/es/mx/blog/lang-fresado-de-alta-precision-automatizacion-sencilla/,fc3cd142-bded-4ca1-9301-1e040a31cefb
https://www.boschrexroth.com/es/mx/blog/organizacion-de-flotas-de-robots-mixtos/,1835f8c7-560f-4a0e-913f-a782dd48c2e2
https://www.boschrexroth.com/es/mx/blog/rimas-smart-function-kit-pressing/,f4cdf6df-dadb-491b-8959-cabd40215f79
https://www.boschrexroth.com/es/mx/blog/suministro-de-presion-inteligente-en-la-produccion-de-bujias/,4d5f862c-97ef-4457-b88a-15a7e22e4f46
https://www.boschrexroth.com/en/my/blog/smart-flex-effector-wins-multiple-awards/,ea38bba3-f660-4e52-bc4e-9b1f57dd32fd
https://www.boschrexroth.com/es/mx/blog/prensa-servoaccionada-con-un-subsistema-inteligente/,1f52bdf9-a014-4ae3-bd4c-6e7c6f56e3b7
https://www.boschrexroth.com/es/mx/blog/bolas-transportadoras-campeones-ocultos/,18566b20-7921-4a1a-907d-f0e911a9a8f0
https://www.boschrexroth.com/es/mx/blog/sistemas-de-transmision-a-toda-velocidad/,e30e7366-d0a3-49d7-be6f-abe1f01e063d
https://www.boschrexroth.com/es/mx/blog/agvs-con-la-maxima-potencia/,5bdee65a-302f-4716-af26-47479a5e9371
https://www.boschrexroth.com/es/mx/blog/analisis-predictivos-en-la-industria-del-reciclaje/,fc72fd6e-ed53-48bf-8a5b-a611b6f3487b
https://www.boschrexroth.com/es/mx/blog/el-smart-flex-effector-gana-varios-premios/,ea38bba3-f660-4e52-bc4e-9b1f57dd32fd
https://www.boschrexroth.com/es/mx/blog/gemelos-conectados-para-un-valor-anadido-digital/,ce589ae3-1865-424b-b396-49be5df130c2
https://www.boschrexroth.com/es/mx/blog/hablar-el-lenguaje-de-la-industria-4-0/,0c8cf25a-f649-490c-9329-bcbd8bcba68b
https://www.boschrexroth.com/es/mx/blog/paneles-de-mando-todoterreno/,914b376b-59e2-40b9-83ee-fa17c5224009
https://www.boschrexroth.com/es/mx/blog/soldaduras-para-todos-conocimiento-y-habilidades-combinados/,026fd0cb-fdf8-4772-bd26-574b011c9450
https://www.boschrexroth.com/es/mx/blog/sampierana-sigue-adelante-con-rexroth-eoc/,f56965fe-51a6-4844-9456-9925ccbc2ea1
https://www.boschrexroth.com/es/mx/blog/como-los-actuadores-autonomos-optimizan-las-maquinas-y-los-sistemas/,ed141598-7c89-4ef4-a1dd-0c6e4e04917c
https://www.boschrexroth.com/es/mx/blog/reduccion-automatica-de-las-salpicaduras/,12cfdc9a-5dfc-4f46-8bad-c0df4e8bb013
https://www.boschrexroth.com/es/mx/blog/prensa-servoaccionada-sensata/,9bda26ce-621e-486a-9b44-276e0f15aa9c
https://www.boschrexroth.com/es/mx/blog/larga-vida-al-control-de-soldadura-del-futuro/,f9e03db5-aaa8-473d-8c28-76bada2c5f2e
https://www.boschrexroth.com/es/mx/blog/alltrec-y-la-solucion-telematica-de-bosch-rexroth/,72b85c52-a0cd-4acc-b084-8d083ce51003
https://www.boschrexroth.com/es/mx/blog/el-valor-de-los-servicios-de-soldadura/,1987ec8b-a3c0-4927-bba7-23296420e8d6
https://www.boschrexroth.com/es/mx/blog/cilindros-electromecanicos-para-la-fabrica-del-futuro/,28d57f3f-f8f8-4b86-a9de-21dcfa50f7a5
https://www.boschrexroth.com/es/mx/blog/hyundai-avanza-con-firmeza-junto-a-bosch-rexroth/,f5157bdd-8e84-4615-8a05-9aa190cba8f3
https://www.boschrexroth.com/es/mx/blog/prensa-servoaccionada-inteligente-selmec/,4793b830-0336-4647-bdeb-6f6720967007
https://www.boschrexroth.com/es/mx/blog/qmatec-off-highway-telematics/,c6ddf6b7-d8b7-42c6-93d4-6ac3c712bff4
https://www.boschrexroth.com/es/mx/blog/prensado-y-union-inteligentes/,d5dcc128-cd36-4616-ad7d-613d0b474376
https://www.boschrexroth.com/es/mx/blog/elion-la-forma-mas-potente/,8fcff9b0-5fb4-40de-b79b-be750f7dc849
https://www.boschrexroth.com/es/mx/blog/manejo-sencillo-de-piezas-pequenas/,1ef62b94-7818-4ff4-91ee-12670c309f55
https://www.boschrexroth.com/es/mx/blog/transferencia-de-datos-telematicos-a-la-nube/,8c23713b-8093-45a1-8dd1-304796288f62
https://www.boschrexroth.com/es/mx/blog/cinco-puntos-para-una-recopilacion-satisfactoria-de-datos/,5e2ac0d3-b51f-4f78-80be-068b443b4329
https://www.boschrexroth.com/es/mx/blog/telematica-hyler/,6f9a754d-962a-486b-82b4-38fee520c5e6
https://www.boschrexroth.com/es/mx/blog/estrategia-telematica-de-holmer/,a35d7610-e896-4378-bd6f-2676c2373d39
https://www.boschrexroth.com/en/ae/blog/,None
https://www.boschrexroth.com/nl/nl/blog/automatisering-van-lineaire-bewegingstechnologie/,ee98a23e-0a89-4cf3-8aec-13ce765cc1b6
https://www.boschrexroth.com/nl/nl/blog/nap-techniek-weet-wel-raad-met-zware-jongens/,None
https://www.boschrexroth.com/nl/nl/blog/2024/perdok-werkman/,None
https://www.boschrexroth.com/nl/nl/blog/2024/houtschaafmachine-willems-baling-equipment/,None
https://www.boschrexroth.com/nl/nl/blog/ducati-digital-operations-software-oplossing/,fa984e6f-c329-4838-bc98-c1aaab3e6a4e
https://www.boschrexroth.com/nl/nl/blog/een-systeem-voor-een-economische-universele-pers/,dfd073f1-7634-4dc9-b4a9-a2e08d59dae6
https://www.boschrexroth.com/nl/nl/blog/cooerdinatie-van-gemengde-robotvloten/,1835f8c7-560f-4a0e-913f-a782dd48c2e2
https://www.boschrexroth.com/nl/nl/blog/lang-frezen-met-hoge-precisie-eenvoudige-automatisering/,fc3cd142-bded-4ca1-9301-1e040a31cefb
https://www.boschrexroth.com/nl/nl/blog/2024/mobile-applications/,None
https://www.boschrexroth.com/nl/nl/blog/2024/ekb-merito/,None
https://www.boschrexroth.com/nl/nl/blog/2024/bosch-rexroth-academy/,None
https://www.boschrexroth.com/nl/nl/blog/kogeltransfereenheden-verborgen-kampioenen/,18566b20-7921-4a1a-907d-f0e911a9a8f0
https://www.boschrexroth.com/nl/nl/blog/slimme-druktoevoer-in-de-productie-van-de-bougie/,4d5f862c-97ef-4457-b88a-15a7e22e4f46
https://www.boschrexroth.com/nl/nl/blog/servopers-met-een-intelligent-subsysteem/,1f52bdf9-a014-4ae3-bd4c-6e7c6f56e3b7
https://www.boschrexroth.com/nl/nl/blog/innovahub-van-hylife/,None
https://www.boschrexroth.com/nl/nl/blog/volle-kracht-voor-agvs/,5bdee65a-302f-4716-af26-47479a5e9371
https://www.boschrexroth.com/nl/nl/blog/klantverhaal-vhe-draka/,None
https://www.boschrexroth.com/nl/nl/blog/project-rimas-technivorm/,None
https://www.boschrexroth.com/nl/nl/blog/transfer-systemen-op-de-rails/,e30e7366-d0a3-49d7-be6f-abe1f01e063d
https://www.boschrexroth.com/nl/nl/blog/voorspellende-analyses-in-de-recyclingsector/,fc72fd6e-ed53-48bf-8a5b-a611b6f3487b
https://www.boschrexroth.com/nl/nl/blog/aandrijvingen-van-haegglunds/,None
https://www.boschrexroth.com/nl/nl/blog/smart-flex-effector-wint-meerdere-prijzen/,ea38bba3-f660-4e52-bc4e-9b1f57dd32fd
https://www.boschrexroth.com/nl/nl/blog/speaking-the-language-of-industry-4-0/,0c8cf25a-f649-490c-9329-bcbd8bcba68b
https://www.boschrexroth.com/nl/nl/blog/off-highway-dashboards/,914b376b-59e2-40b9-83ee-fa17c5224009
https://www.boschrexroth.com/nl/nl/blog/connected-twins-voor-digitale-meerwaarde/,ce589ae3-1865-424b-b396-49be5df130c2
https://www.boschrexroth.com/nl/nl/blog/hoe-autonome-actuatoren-machines-en-systemen-optimaliseren/,ed141598-7c89-4ef4-a1dd-0c6e4e04917c
https://www.boschrexroth.com/nl/nl/blog/lassen-voor-iedereen-een-combinatie-van-kennis-en-vaardigheden/,026fd0cb-fdf8-4772-bd26-574b011c9450
https://www.boschrexroth.com/nl/nl/blog/sampierana-gaat-verder-met-rexroth-eoc/,f56965fe-51a6-4844-9456-9925ccbc2ea1
https://www.boschrexroth.com/nl/nl/blog/automatisch-verminderen-van-spatten/,12cfdc9a-5dfc-4f46-8bad-c0df4e8bb013
https://www.boschrexroth.com/nl/nl/blog/sensata-servopers/,9bda26ce-621e-486a-9b44-276e0f15aa9c
https://www.boschrexroth.com/nl/nl/blog/elektromechanische-cilinders-voor-de-fabriek-van-de-toekomst/,28d57f3f-f8f8-4b86-a9de-21dcfa50f7a5
https://www.boschrexroth.com/nl/nl/blog/de-waarde-van-lasdiensten/,1987ec8b-a3c0-4927-bba7-23296420e8d6
https://www.boschrexroth.com/nl/nl/blog/alltrec-met-telematicaoplossing-van-bosch-rexroth/,72b85c52-a0cd-4acc-b084-8d083ce51003
https://www.boschrexroth.com/nl/nl/blog/lang-leve-de-lasbesturing-van-de-toekomst/,f9e03db5-aaa8-473d-8c28-76bada2c5f2e
https://www.boschrexroth.com/nl/nl/blog/hyundai-beweegt-vooruit-met-bosch-rexroth/,f5157bdd-8e84-4615-8a05-9aa190cba8f3
https://www.boschrexroth.com/en/nz/blog/linear-motion-technology-automation/,ee98a23e-0a89-4cf3-8aec-13ce765cc1b6
https://www.boschrexroth.com/nl/nl/blog/selmec-slimme-servopers/,4793b830-0336-4647-bdeb-6f6720967007
https://www.boschrexroth.com/en/nz/blog/a-system-for-an-economical-universal-press/,dfd073f1-7634-4dc9-b4a9-a2e08d59dae6
https://www.boschrexroth.com/en/nz/blog/ducati-digital-operations-software-solution/,fa984e6f-c329-4838-bc98-c1aaab3e6a4e
https://www.boschrexroth.com/en/nz/blog/orchestration-of-mixed-robot-fleets/,1835f8c7-560f-4a0e-913f-a782dd48c2e2
https://www.boschrexroth.com/en/nz/blog/lang-high-precision-milling-simple-automation/,fc3cd142-bded-4ca1-9301-1e040a31cefb
https://www.boschrexroth.com/en/nz/blog/rimas-smart-function-kit-pressing/,f4cdf6df-dadb-491b-8959-cabd40215f79
https://www.boschrexroth.com/en/nz/blog/remanufacturing-giving-electric-drives-a-second-life/,4326eab2-3347-4bd2-88d0-16be3013d59a
https://www.boschrexroth.com/en/nz/blog/ball-transfer-units-hidden-champions/,18566b20-7921-4a1a-907d-f0e911a9a8f0
